Timestamp,Asset,Name,Chain,DEX,Pair Address,Token Address,Price USD,Momentum %,Buy Pressure,Volume USD,Liquidity USD,Horizon
2026-08-19T09:43:00+00:00,UTANG/SOL,UTANG,solana,pumpswap,HsVXAyoM24AKSq3xdKeR4aDFJ9gKZAN8JNcguj9zHvnn,3CCGVkwXXTQLDL3HUqV2fBBzazHopMrWYgqU5wvvpump,8.405e-05,-55.62,0.2211236477841107,83736.05,20181.68,h1
2026-08-19T09:43:00+00:00,GOKU/SOL,Raj Goku,solana,pumpswap,8nkY4EvYR2JJeyNZEQQoHNXz4v5AEqbrj6t1yhXwtmkD,8nQiFQVVrqs2om3DjeUqVECg3qDYyMjREC6AzFWyGoKU,2.831e-05,-11.0,0.0777777777777777,11642.41,11049.9,h1
2026-08-19T09:43:00+00:00,NLYRA/WETH,Neron Lyra,robinhood,uniswap,0x483C24d1e36Df01b650F1E9BEEB2a1c31C005C39,0xB9d3824149aD8ac984153CeEc91D5a2405d1FB95,6.073e-05,0.94,1.0,39.7,22628.92,h1
2026-08-19T09:43:00+00:00,SOLUG/SOL,Solug,solana,pumpswap,HyPxvGY6wr3f2osi5NDAnAZ2W8wJ185yUKMy37SbHWvC,FJBWgfc8wdEeUc2n7BN9EcmEJQUauvvpp9ZXvmF2pump,0.0007245,75.07,0.3225899280575539,186353.68,67054.14,h1
2026-08-19T09:43:00+00:00,ANSEMSZN/SOL,Ansem Season,solana,pumpswap,EfZSY5rEbGymT6zfBiovR6ty9GosqjEs6bs6hmTkrv1c,5gkuTAKAskEhhc1D6ACtF6mmstfCg2Ldm5qT4C84pump,8.582e-05,-49.27,0.1358547655068078,117538.25,25130.47,h1
2026-08-19T09:43:00+00:00,NEWBIE/SOL,Newbie,solana,pumpswap,CcfmG8AruateK12bhMo2BHNYQiQ1JiWLyTBzmMwKuZip,4Xg9qDuEP1vMEwqMr2yWo92Yn9a7xZu5BNQBbXVfpump,0.0001743,51.46,0.1847507331378299,9137.55,30455.77,h1
2026-08-19T09:43:00+00:00,ZARD/ETH,CHARIZARD,robinhood,uniswap,0xfc0a05c97ebc39c8e1b7f4b133c7a107632a062fa796e62283cce678b03f52fe,0x53e987cd9F8Ee984d999d1fb0b0DFd98E81d0528,2.502e-05,-5.04,-0.0769230769230769,2844.01,17272.26,h1
2026-08-19T09:43:00+00:00,SOLCAT/SOL,SOLCAT,solana,pumpswap,F8RP1gi6qRoZi9xNYJZRmhXFhpmucUc9CoZR3hRuBzUF,4skFA8FequaJV8Zd3njafvMvmX4yVbnzmBRo4jXVpump,0.0002155,-10.85,0.0180921052631578,7838.96,37691.45,h1
2026-08-19T09:43:00+00:00,CGX/SOL,CryptoGDEX,solana,pumpswap,7n9drBwKK4LxgW8kVhx8VZw8FaGupjJH6ebhyNDXj9XB,6E8fPgsBvwjGRHcoeLUW8iugy736SKo54VvYLbYMpump,0.0001779,-11.63,-0.0588235294117647,1420.35,29928.18,h1
2026-08-19T09:43:00+00:00,IF/WETH,What If,robinhood,uniswap,0x39A200271525E9641e799127bdAB299DAeF21953,0x232CDFc415D10b673845D83Dc02ba2eaBe7e30d1,0.01324,0.73,-0.0697674418604651,9918.17,479296.05,h1
2026-08-19T09:43:00+00:00,BABYANSEM/SOL,The Black Baby Bull,solana,pumpswap,Hwf7k8jtKJS4gGFg7DTmiaBuGgoejktCSQiXeTkW1S1s,9HNEutCZLoo6GZWQTmAgVvbtmLGV1mdeR8X3HWTooYXt,0.0002461,12.0,-0.026615969581749,12879.95,36695.15,h1
2026-08-19T09:43:00+00:00,MEMESLY/SOL,MEMESLY,solana,pumpswap,Ayk5yA1PTkjgwn3My9ERGyT55t3Dinyf9zfDFVSuimSb,6ZC5kpZf9kLfxwMc4QVZfGJksTLrZQUTmKJCDaaopump,3.081e-05,0.18,0.0,25.9,11596.03,h1
2026-08-19T09:43:00+00:00,ZBULL/SOL,Z500 Bull,solana,pumpswap,4d1zHqd7puCebM8jG8KmgK4rYLDc1gcY389WNm5s4xu8,FqBzU27KvwRKki7ZLzVMBgtKaVjdE64nfEkL1An1pump,1.575e-06,-0.83,0.0,3.07,1702.35,h1
2026-08-19T09:43:00+00:00,QBULL/SOL,Qenis Bull,solana,pumpswap,D9qPYEdmS34LtVSNVRHxQ36t5Md5GNPVkbATNUCP8mQU,8sxdRtLdtaYdHis1VSkCJoZUNVZXiaEKEUomzPRTpump,1.541e-06,0.0,0.0,0.0,1588.35,h1
2026-08-19T09:43:00+00:00,DOGEZILL/ETH,Dogezilla,robinhood,uniswap,0x304e60db5e404dccd349fe4f9b9859f3028f714d0a4409ad9ad4d2d36aa02574,0xBaF83f1A1774BB3f24779E9DdDc6A80Fa9250045,0.0005672,-23.22,-0.3916083916083916,52009.9,101141.83,h1
2026-08-19T09:43:00+00:00,PANTS/SOL,dogwifpants,solana,pumpswap,6tMVLioTrzW65RWRAftNWPSf1JikYWRVsP87w9h9em2a,FtateF34Xzawa91bpbVNdX72hZYo9cymRDYqBreHHbJi,0.0002913,807.0,0.1451942740286298,53758.41,38576.49,h1
2026-08-19T09:43:00+00:00,SAME/SOL,We're the Same,solana,pumpswap,6ATBRU6GYBP1DWB6XEjdUww8vB8HLVNi1ToMxLnrFjyr,CU5e2iqWkXKrEHrg6fgoV6uqptEWL9M98oeU4skpump,0.0004979,9.12,-0.3823529411764705,28897.25,59866.89,h1
2026-08-19T09:43:00+00:00,LEMON/WETH,Lemon.fun,robinhood,uniswap,0x01fe057d1C5FB09A4ac02860758DDf26Df9336B5,0xf0E17e54239CD945Cd7bEa471a3a2CA6a8C7f7A3,0.001068,0.92,-0.4347826086956521,1175.03,151295.04,h1
2026-08-19T09:43:00+00:00,GUH/ETH,guh,robinhood,uniswap,0xa0736f92854c6ef707d8c50ad106a93a1166d6497012db3e25b1d494d0a9b97d,0x601d03F379303C2ca5c2D8711B22CB96b294f3d7,0.0001876,0.1,-0.5,76.24,98950.23,h1
2026-08-19T09:43:00+00:00,CATSEYE/SOL,CATSEYE,solana,pumpswap,AXNo7fLEPFEKR8zmjkeoUJhj3bcWE1PnycufUw1veLPr,7TGno7LGF4mJHT1mvBMsthaEmavcKM5H8ojXCVcJpump,5.726e-06,-1.86,-1.0,15.09,4297.0,h1
2026-08-19T09:45:00+00:00,UTANG/SOL,UTANG,solana,pumpswap,HsVXAyoM24AKSq3xdKeR4aDFJ9gKZAN8JNcguj9zHvnn,3CCGVkwXXTQLDL3HUqV2fBBzazHopMrWYgqU5wvvpump,1.442e-06,-99.18,0.19762800775459,93100.23,1466.82,h1
2026-08-19T09:45:00+00:00,GOKU/SOL,Raj Goku,solana,pumpswap,8nkY4EvYR2JJeyNZEQQoHNXz4v5AEqbrj6t1yhXwtmkD,8nQiFQVVrqs2om3DjeUqVECg3qDYyMjREC6AzFWyGoKU,2.132e-05,-32.96,0.0687022900763358,12625.24,9412.82,h1
2026-08-19T09:45:00+00:00,NLYRA/WETH,Neron Lyra,robinhood,uniswap,0x483C24d1e36Df01b650F1E9BEEB2a1c31C005C39,0xB9d3824149aD8ac984153CeEc91D5a2405d1FB95,6.073e-05,0.94,1.0,39.7,22628.92,h1
2026-08-19T09:45:00+00:00,SOLUG/SOL,Solug,solana,pumpswap,HyPxvGY6wr3f2osi5NDAnAZ2W8wJ185yUKMy37SbHWvC,FJBWgfc8wdEeUc2n7BN9EcmEJQUauvvpp9ZXvmF2pump,0.0006987,69.33,0.3057233247052056,186293.5,65846.56,h1
2026-08-19T09:45:00+00:00,ANSEMSZN/SOL,Ansem Season,solana,pumpswap,EfZSY5rEbGymT6zfBiovR6ty9GosqjEs6bs6hmTkrv1c,5gkuTAKAskEhhc1D6ACtF6mmstfCg2Ldm5qT4C84pump,8.738e-05,-48.85,0.1317014566751764,118161.08,25373.06,h1
2026-08-19T09:45:00+00:00,NEWBIE/SOL,Newbie,solana,pumpswap,CcfmG8AruateK12bhMo2BHNYQiQ1JiWLyTBzmMwKuZip,4Xg9qDuEP1vMEwqMr2yWo92Yn9a7xZu5BNQBbXVfpump,0.000179,53.3,0.1906158357771261,9226.23,30879.55,h1
2026-08-19T09:45:00+00:00,ZARD/ETH,CHARIZARD,robinhood,uniswap,0xfc0a05c97ebc39c8e1b7f4b133c7a107632a062fa796e62283cce678b03f52fe,0x53e987cd9F8Ee984d999d1fb0b0DFd98E81d0528,2.502e-05,-2.31,-0.0526315789473684,2682.75,17272.26,h1
2026-08-19T09:45:00+00:00,SOLCAT/SOL,SOLCAT,solana,pumpswap,F8RP1gi6qRoZi9xNYJZRmhXFhpmucUc9CoZR3hRuBzUF,4skFA8FequaJV8Zd3njafvMvmX4yVbnzmBRo4jXVpump,0.0002127,-12.34,0.0179738562091503,7868.05,37437.29,h1
2026-08-19T09:45:00+00:00,CGX/SOL,CryptoGDEX,solana,pumpswap,7n9drBwKK4LxgW8kVhx8VZw8FaGupjJH6ebhyNDXj9XB,6E8fPgsBvwjGRHcoeLUW8iugy736SKo54VvYLbYMpump,0.0001779,-11.63,-0.0588235294117647,1420.35,29928.18,h1
2026-08-19T09:45:00+00:00,BABYANSEM/SOL,The Black Baby Bull,solana,pumpswap,Hwf7k8jtKJS4gGFg7DTmiaBuGgoejktCSQiXeTkW1S1s,9HNEutCZLoo6GZWQTmAgVvbtmLGV1mdeR8X3HWTooYXt,0.0002412,9.77,-0.0373134328358208,12972.67,36316.14,h1
2026-08-19T09:45:00+00:00,IF/WETH,What If,robinhood,uniswap,0x39A200271525E9641e799127bdAB299DAeF21953,0x232CDFc415D10b673845D83Dc02ba2eaBe7e30d1,0.01323,0.46,-0.0952380952380952,9684.72,479306.23,h1
2026-08-19T09:45:00+00:00,MEMESLY/SOL,MEMESLY,solana,pumpswap,Ayk5yA1PTkjgwn3My9ERGyT55t3Dinyf9zfDFVSuimSb,6ZC5kpZf9kLfxwMc4QVZfGJksTLrZQUTmKJCDaaopump,3.081e-05,0.18,0.0,25.9,11596.03,h1
2026-08-19T09:45:00+00:00,ZBULL/SOL,Z500 Bull,solana,pumpswap,4d1zHqd7puCebM8jG8KmgK4rYLDc1gcY389WNm5s4xu8,FqBzU27KvwRKki7ZLzVMBgtKaVjdE64nfEkL1An1pump,1.575e-06,-0.83,0.0,3.07,1702.35,h1
2026-08-19T09:45:00+00:00,DOGEZILL/ETH,Dogezilla,robinhood,uniswap,0x304e60db5e404dccd349fe4f9b9859f3028f714d0a4409ad9ad4d2d36aa02574,0xBaF83f1A1774BB3f24779E9DdDc6A80Fa9250045,0.0005644,-23.29,-0.3878260869565217,52081.76,100877.57,h1
2026-08-19T09:45:00+00:00,LEMON/WETH,Lemon.fun,robinhood,uniswap,0x01fe057d1C5FB09A4ac02860758DDf26Df9336B5,0xf0E17e54239CD945Cd7bEa471a3a2CA6a8C7f7A3,0.001068,0.94,-0.4042553191489361,1214.8,151282.63,h1
2026-08-19T09:45:00+00:00,SAME/SOL,We're the Same,solana,pumpswap,6ATBRU6GYBP1DWB6XEjdUww8vB8HLVNi1ToMxLnrFjyr,CU5e2iqWkXKrEHrg6fgoV6uqptEWL9M98oeU4skpump,0.0004905,5.36,-0.4,28370.44,59401.42,h1
2026-08-19T09:45:00+00:00,PANTS/SOL,dogwifpants,solana,pumpswap,6tMVLioTrzW65RWRAftNWPSf1JikYWRVsP87w9h9em2a,FtateF34Xzawa91bpbVNdX72hZYo9cymRDYqBreHHbJi,0.0002933,813.0,0.1490514905149051,62599.98,38727.78,h1
2026-08-19T09:45:00+00:00,GUH/ETH,guh,robinhood,uniswap,0xa0736f92854c6ef707d8c50ad106a93a1166d6497012db3e25b1d494d0a9b97d,0x601d03F379303C2ca5c2D8711B22CB96b294f3d7,0.0001876,0.1,-0.5,76.24,98950.23,h1
2026-08-19T09:45:00+00:00,QBULL/SOL,Qenis Bull,solana,pumpswap,D9qPYEdmS34LtVSNVRHxQ36t5Md5GNPVkbATNUCP8mQU,8sxdRtLdtaYdHis1VSkCJoZUNVZXiaEKEUomzPRTpump,1.493e-06,-3.1,-1.0,30.05,1542.57,h1
2026-08-19T09:45:00+00:00,CATSEYE/SOL,CATSEYE,solana,pumpswap,AXNo7fLEPFEKR8zmjkeoUJhj3bcWE1PnycufUw1veLPr,7TGno7LGF4mJHT1mvBMsthaEmavcKM5H8ojXCVcJpump,5.723e-06,-1.91,-1.0,15.17,4295.19,h1
2026-08-19T09:56:00+00:00,GOKU/SOL,Raj Goku,solana,pumpswap,8nkY4EvYR2JJeyNZEQQoHNXz4v5AEqbrj6t1yhXwtmkD,8nQiFQVVrqs2om3DjeUqVECg3qDYyMjREC6AzFWyGoKU,1.965e-06,-93.82,-0.0220588235294117,19096.26,1912.32,h1
2026-08-19T09:56:00+00:00,UTANG/SOL,UTANG,solana,pumpswap,HsVXAyoM24AKSq3xdKeR4aDFJ9gKZAN8JNcguj9zHvnn,3CCGVkwXXTQLDL3HUqV2fBBzazHopMrWYgqU5wvvpump,1.547e-06,-99.19,-0.0025974025974025,84883.16,1567.16,h1
2026-08-19T09:56:00+00:00,SOLUG/SOL,Solug,solana,pumpswap,HyPxvGY6wr3f2osi5NDAnAZ2W8wJ185yUKMy37SbHWvC,FJBWgfc8wdEeUc2n7BN9EcmEJQUauvvpp9ZXvmF2pump,0.0007715,81.2,0.2515195369030391,182858.65,69335.52,h1
2026-08-19T09:56:00+00:00,ANSEMSZN/SOL,Ansem Season,solana,pumpswap,EfZSY5rEbGymT6zfBiovR6ty9GosqjEs6bs6hmTkrv1c,5gkuTAKAskEhhc1D6ACtF6mmstfCg2Ldm5qT4C84pump,6.847e-05,-65.71,0.1418307228050007,127211.29,22360.87,h1
2026-08-19T09:56:00+00:00,NEWBIE/SOL,Newbie,solana,pumpswap,CcfmG8AruateK12bhMo2BHNYQiQ1JiWLyTBzmMwKuZip,4Xg9qDuEP1vMEwqMr2yWo92Yn9a7xZu5BNQBbXVfpump,0.0002392,57.14,0.1954022988505747,21441.92,35955.54,h1
2026-08-19T09:56:00+00:00,CGX/SOL,CryptoGDEX,solana,pumpswap,7n9drBwKK4LxgW8kVhx8VZw8FaGupjJH6ebhyNDXj9XB,6E8fPgsBvwjGRHcoeLUW8iugy736SKo54VvYLbYMpump,0.0001802,-10.27,0.1428571428571428,1402.49,30126.17,h1
2026-08-19T09:56:00+00:00,NLYRA/WETH,Neron Lyra,robinhood,uniswap,0x483C24d1e36Df01b650F1E9BEEB2a1c31C005C39,0xB9d3824149aD8ac984153CeEc91D5a2405d1FB95,6.403e-05,6.42,0.2,405.94,23290.64,h1
2026-08-19T09:56:00+00:00,ZARD/ETH,CHARIZARD,robinhood,uniswap,0xfc0a05c97ebc39c8e1b7f4b133c7a107632a062fa796e62283cce678b03f52fe,0x53e987cd9F8Ee984d999d1fb0b0DFd98E81d0528,2.313e-05,-9.68,-0.0952380952380952,3112.97,16450.83,h1
2026-08-19T09:56:00+00:00,SOLCAT/SOL,SOLCAT,solana,pumpswap,F8RP1gi6qRoZi9xNYJZRmhXFhpmucUc9CoZR3hRuBzUF,4skFA8FequaJV8Zd3njafvMvmX4yVbnzmBRo4jXVpump,0.000212,-12.34,0.0201450443190975,7114.78,37386.63,h1
2026-08-19T09:56:00+00:00,IF/WETH,What If,robinhood,uniswap,0x39A200271525E9641e799127bdAB299DAeF21953,0x232CDFc415D10b673845D83Dc02ba2eaBe7e30d1,0.01355,1.36,-0.0869565217391304,12589.54,484854.65,h1
2026-08-19T09:56:00+00:00,BABYANSEM/SOL,The Black Baby Bull,solana,pumpswap,Hwf7k8jtKJS4gGFg7DTmiaBuGgoejktCSQiXeTkW1S1s,9HNEutCZLoo6GZWQTmAgVvbtmLGV1mdeR8X3HWTooYXt,0.0002408,6.68,-0.0561797752808988,12864.28,36296.15,h1
2026-08-19T09:56:00+00:00,ZBULL/SOL,Z500 Bull,solana,pumpswap,4d1zHqd7puCebM8jG8KmgK4rYLDc1gcY389WNm5s4xu8,FqBzU27KvwRKki7ZLzVMBgtKaVjdE64nfEkL1An1pump,1.575e-06,-0.18,0.0,1.17,1702.35,h1
2026-08-19T09:56:00+00:00,DOGEZILL/ETH,Dogezilla,robinhood,uniswap,0x304e60db5e404dccd349fe4f9b9859f3028f714d0a4409ad9ad4d2d36aa02574,0xBaF83f1A1774BB3f24779E9DdDc6A80Fa9250045,0.0005697,-22.3,-0.4021352313167259,52137.87,101390.95,h1
2026-08-19T09:56:00+00:00,GUH/ETH,guh,robinhood,uniswap,0xa0736f92854c6ef707d8c50ad106a93a1166d6497012db3e25b1d494d0a9b97d,0x601d03F379303C2ca5c2D8711B22CB96b294f3d7,0.0002064,10.15,-0.2307692307692307,1305.83,105290.52,h1
2026-08-19T09:56:00+00:00,PANTS/SOL,dogwifpants,solana,pumpswap,6tMVLioTrzW65RWRAftNWPSf1JikYWRVsP87w9h9em2a,FtateF34Xzawa91bpbVNdX72hZYo9cymRDYqBreHHbJi,0.0002979,827.0,0.1023856858846918,139520.73,39209.15,h1
2026-08-19T09:56:00+00:00,SAME/SOL,We're the Same,solana,pumpswap,6ATBRU6GYBP1DWB6XEjdUww8vB8HLVNi1ToMxLnrFjyr,CU5e2iqWkXKrEHrg6fgoV6uqptEWL9M98oeU4skpump,0.0005155,16.48,-0.3426183844011142,29349.91,60952.56,h1
2026-08-19T09:56:00+00:00,LEMON/WETH,Lemon.fun,robinhood,uniswap,0x01fe057d1C5FB09A4ac02860758DDf26Df9336B5,0xf0E17e54239CD945Cd7bEa471a3a2CA6a8C7f7A3,0.001068,1.1,-0.4285714285714285,1101.24,151307.96,h1
2026-08-19T09:56:00+00:00,MEMESLY/SOL,MEMESLY,solana,pumpswap,Ayk5yA1PTkjgwn3My9ERGyT55t3Dinyf9zfDFVSuimSb,6ZC5kpZf9kLfxwMc4QVZfGJksTLrZQUTmKJCDaaopump,3.06e-05,-2.17,-0.6,32.73,11539.73,h1
2026-08-19T09:56:00+00:00,CATSEYE/SOL,CATSEYE,solana,pumpswap,AXNo7fLEPFEKR8zmjkeoUJhj3bcWE1PnycufUw1veLPr,7TGno7LGF4mJHT1mvBMsthaEmavcKM5H8ojXCVcJpump,5.534e-06,-5.14,-1.0,69.69,4201.95,h1
2026-08-19T09:56:00+00:00,QBULL/SOL,Qenis Bull,solana,pumpswap,D9qPYEdmS34LtVSNVRHxQ36t5Md5GNPVkbATNUCP8mQU,8sxdRtLdtaYdHis1VSkCJoZUNVZXiaEKEUomzPRTpump,1.493e-06,-3.1,-1.0,30.05,1542.57,h1
2026-08-19T09:58:00+00:00,MEME/wtCOIN,MEME,base,uniswap,0x500307e47b79e7ee8f692fc3e27f89407f5b137dc31908c8582e8c9e68b89244,0x5A6a8023755cD13a157E5b3F841f28625Dc32E43,2.436e-05,-0.31,-0.1,2308.41,13894.24,h1
2026-08-19T09:58:00+00:00,MEME/USDC,TRUMP MEME (trumpmeme.net),solana,meteora,oz4s74SJD4WTkJgxTQxkk7ap4ELMKbaAaAGuoVqdXZP,2ESXeCDXA7yzLWyqCdpWhFWz2ts43dNiij4PMm6FtByJ,0.0005056,0.0,0.0,0.0,277102990.26,h1
2026-08-19T09:58:00+00:00,MEME/WETH,Memecoin,ethereum,uniswap,0x5f8CE85974a6A1547aFf47D43E9B53f42172D2dD,0x14F85D8B3baB0A81309706231228C645A10A9718,0.001188,0.0,0.0,0.0,40988606.17,h1
2026-08-19T09:58:00+00:00,MEME/USDC,Memecoin,solana,orca,56GUb2n76ZNEukwoaJ11f6Q91ZtezXj5WdUAFd8xnmUa,AMRVrGW1acxsiiCP4kKQtLNLgm9bdTRPU7nM5yGET1EM,0.00235,0.0,0.0,0.0,161147209.54,h1
2026-08-19T09:58:00+00:00,MEME/WETH,Memecoin,ethereum,uniswap,0x164e5c7AD1Da30647219b39Cb2dd24404E1495bf,0x8e1C8F473aB3E97748BcE0ecDa036E110fd0ff14,0.0005614,0.0,0.0,0.0,23244886.3,h1
2026-08-19T09:58:00+00:00,MEME/USDC,MEMEcoin,solana,raydium,26hq83ubjaxGmcMTbGQqrWMUrtwg92EeJgFUYd7zKvUH,3j92g6mygEzuQ25Atdy8xPsScH7hsn33PjH31ZqP61Rg,0.004989,0.0,0.0,0.0,8910524.18,h1
2026-08-19T09:58:00+00:00,MEME/WETH,MEME,robinhood,uniswap,0x884EeC5CC6C8845256cB4C59DfeF927C2aAe63f4,0x9949463D317813bec255D036231679304F9FF563,65.94,0.0,0.0,0.0,762509.98,h1
2026-08-19T09:58:00+00:00,MEME/WETH,Memecoin,robinhood,uniswap,0xBdbe45628dEB693b57Ff0a4F7A3254c02eE4E25d,0x0778651F98077b7e5633723ddEf8Af1791a20E08,0.005853,0.0,0.0,0.0,1024891.04,h1
2026-08-19T09:58:00+00:00,Meme/ETH,Just a meme,robinhood,uniswap,0xa7185cc8a1fdf0b387e5b0cbfe68bb91dc4301915f67b5efbbfa13acbc944716,0x68602729A6dEA0b64148676FCA9a02699b5348ea,3.327e-05,0.0,0.0,0.0,22984.2,h1
2026-08-19T09:58:00+00:00,MEME/XRP,MEME,xrpl,xrpl,4D454D4500000000000000000000000000000000.rs98d8usUqkf9Wuww6MgMghSdQpvMmVFt4_XRP,4D454D4500000000000000000000000000000000.rs98d8usUqkf9Wuww6MgMghSdQpvMmVFt4,0.000325,0.0,0.0,0.0,33489.56,h1
2026-08-19T09:58:00+00:00,MEME/COIN,MemeCoin,robinhood,uniswap,0x9422cce35c4b9392f6cf6e5f7e516c9f5ff7eda391a21a0438bbff16cd79ed21,0x59621c96E1Ce135B53835B44767F25f7bC250BA3,1.056e-07,0.0,0.0,0.0,10563.58,h1
2026-08-19T09:58:00+00:00,MEME/SOL,MEME,solana,pumpswap,AXWzPzJGQZmBDFEVdhdtuDP9GXL4PppaM43oN5zcLyN,9sjdR5pVYKVbkSALTG1CYhaq1gKxayJqo35sskm8bj4D,1.126e-05,0.0,0.0,0.0,9073.05,h1
2026-08-19T09:58:00+00:00,MEME/WBNB,MEME,bsc,pancakeswap,0x0bBb77a566193Bf687666B25Dd31CD0E8Bac2A4b,0x33B08F9C69A3c0D99D8ea5176E2e30d7D0A04444,3.173e-06,0.0,0.0,0.0,5404.47,h1
2026-08-19T09:58:00+00:00,MPX6900/SOL,MEME,solana,raydium,4NpWNtKDQPEH4P8w95SEWjvdzagR5zTY7TJvrtFrZM2k,39Mzpdw7NDGiXmZZGWiCdR6Nzoc7muWuYkPsVDV4pump,6.868e-06,0.0,0.0,0.0,8952.48,h1
2026-08-19T09:58:00+00:00,MEME/WETH,LaunchA Meme,robinhood,flapsh,0x8C512b80C059a62b824FdC7363C2C2952B073730,0x9953AC22f6EeDa4099325575d8Efc6f8D8aB7777,3.328e-06,0.0,0.0,0.0,7368.53,h1
2026-08-19T09:58:00+00:00,meme/SOL,1 meme can change your life,solana,pumpswap,HrB22pZE3CEbKpdWuBvjFYyMX4cjam8xbkHo5hocspUD,85ymfLLfeyYA9wV1PorpLBW1pprWfPgnm3cMEx5ppump,5.218e-06,0.0,0.0,0.0,6640.48,h1
2026-08-19T09:58:00+00:00,MEME/ETH,Solana MemeStock Market,robinhood,uniswap,0xc8e0492d5631d5fa477c2a00eeb40a3d2c02e659424b958b01557cb82e0cc309,0x047592AeDe2f33700d9859DA52E9F09ab689Bb71,4.771e-06,0.0,0.0,0.0,4771.79,h1
2026-08-19T09:58:00+00:00,Meme/ETH,Meme,robinhood,uniswap,0x1419fe280b2abfbdadde8187b942cf3bc25686b4c3fcbd36e8b3fdc70e0206c6,0xC0965F1eA389fC739d97AFA8D5a96f52eE824f20,4.801e-06,0.0,0.0,0.0,4801.97,h1
2026-08-19T09:58:00+00:00,MEME/SOL,Trade the meme,solana,pumpswap,9fzpL5x7nL9fSWKiC1kQBjrxRrDhVYmegVnaMkGp7VTg,2UhgCt25pWc6xgPrS2yFXVCVRfZhdVeqsF5nrH3Ppump,5.829e-06,0.0,0.0,0.0,4598.76,h1
2026-08-19T09:58:00+00:00,MEME/WETH,Memecoin,ethereum,uniswap,0x70cF99553471FE6C0d513ebFac8aCC55BA02ab7B,0xb131f4A55907B10d1F0A50d8ab8FA09EC342cd74,0.000464,0.02,-1.0,143.19,205288.97,h1
2026-08-19T09:59:00+00:00,GOKU/SOL,Raj Goku,solana,pumpswap,8nkY4EvYR2JJeyNZEQQoHNXz4v5AEqbrj6t1yhXwtmkD,8nQiFQVVrqs2om3DjeUqVECg3qDYyMjREC6AzFWyGoKU,1.963e-06,-93.83,-0.0238532110091743,19097.7,1910.72,h1
2026-08-19T09:59:00+00:00,UTANG/SOL,UTANG,solana,pumpswap,HsVXAyoM24AKSq3xdKeR4aDFJ9gKZAN8JNcguj9zHvnn,3CCGVkwXXTQLDL3HUqV2fBBzazHopMrWYgqU5wvvpump,1.547e-06,-99.1,-0.0117810117810117,78621.13,1567.16,h1
2026-08-19T09:59:00+00:00,ANSEMSZN/SOL,Ansem Season,solana,pumpswap,EfZSY5rEbGymT6zfBiovR6ty9GosqjEs6bs6hmTkrv1c,5gkuTAKAskEhhc1D6ACtF6mmstfCg2Ldm5qT4C84pump,7.943e-05,-61.39,0.1571251207063043,127617.62,24204.18,h1
2026-08-19T09:59:00+00:00,SOLUG/SOL,Solug,solana,pumpswap,HyPxvGY6wr3f2osi5NDAnAZ2W8wJ185yUKMy37SbHWvC,FJBWgfc8wdEeUc2n7BN9EcmEJQUauvvpp9ZXvmF2pump,0.0008104,84.28,0.2407192575406032,181436.41,71126.61,h1
2026-08-19T09:59:00+00:00,NEWBIE/SOL,Newbie,solana,pumpswap,CcfmG8AruateK12bhMo2BHNYQiQ1JiWLyTBzmMwKuZip,4Xg9qDuEP1vMEwqMr2yWo92Yn9a7xZu5BNQBbXVfpump,0.0002323,50.38,0.2119914346895074,23298.89,35429.65,h1
2026-08-19T09:59:00+00:00,CGX/SOL,CryptoGDEX,solana,pumpswap,7n9drBwKK4LxgW8kVhx8VZw8FaGupjJH6ebhyNDXj9XB,6E8fPgsBvwjGRHcoeLUW8iugy736SKo54VvYLbYMpump,0.0001802,-10.27,0.1428571428571428,1402.49,30126.17,h1
2026-08-19T09:59:00+00:00,NLYRA/WETH,Neron Lyra,robinhood,uniswap,0x483C24d1e36Df01b650F1E9BEEB2a1c31C005C39,0xB9d3824149aD8ac984153CeEc91D5a2405d1FB95,6.403e-05,6.42,0.2,405.94,23290.64,h1
2026-08-19T09:59:00+00:00,ZARD/ETH,CHARIZARD,robinhood,uniswap,0xfc0a05c97ebc39c8e1b7f4b133c7a107632a062fa796e62283cce678b03f52fe,0x53e987cd9F8Ee984d999d1fb0b0DFd98E81d0528,2.736e-05,2.26,0.0952380952380952,3145.25,18320.57,h1
2026-08-19T09:59:00+00:00,SOLCAT/SOL,SOLCAT,solana,pumpswap,F8RP1gi6qRoZi9xNYJZRmhXFhpmucUc9CoZR3hRuBzUF,4skFA8FequaJV8Zd3njafvMvmX4yVbnzmBRo4jXVpump,0.0002132,-11.76,0.0209677419354838,7367.78,37494.88,h1
2026-08-19T09:59:00+00:00,BABYANSEM/SOL,The Black Baby Bull,solana,pumpswap,Hwf7k8jtKJS4gGFg7DTmiaBuGgoejktCSQiXeTkW1S1s,9HNEutCZLoo6GZWQTmAgVvbtmLGV1mdeR8X3HWTooYXt,0.0002445,7.91,-0.0503597122302158,13082.14,36592.51,h1
2026-08-19T09:59:00+00:00,IF/WETH,What If,robinhood,uniswap,0x39A200271525E9641e799127bdAB299DAeF21953,0x232CDFc415D10b673845D83Dc02ba2eaBe7e30d1,0.01353,1.25,-0.1304347826086956,12557.83,484650.7,h1
2026-08-19T09:59:00+00:00,ZBULL/SOL,Z500 Bull,solana,pumpswap,4d1zHqd7puCebM8jG8KmgK4rYLDc1gcY389WNm5s4xu8,FqBzU27KvwRKki7ZLzVMBgtKaVjdE64nfEkL1An1pump,1.575e-06,-0.18,0.0,1.17,1702.35,h1
2026-08-19T09:59:00+00:00,DOGEZILL/ETH,Dogezilla,robinhood,uniswap,0x304e60db5e404dccd349fe4f9b9859f3028f714d0a4409ad9ad4d2d36aa02574,0xBaF83f1A1774BB3f24779E9DdDc6A80Fa9250045,0.0005639,-29.91,-0.3945578231292517,49811.23,100843.01,h1
2026-08-19T09:59:00+00:00,GUH/ETH,guh,robinhood,uniswap,0xa0736f92854c6ef707d8c50ad106a93a1166d6497012db3e25b1d494d0a9b97d,0x601d03F379303C2ca5c2D8711B22CB96b294f3d7,0.0002064,9.37,-0.3333333333333333,1268.54,105290.52,h1
2026-08-19T09:59:00+00:00,PANTS/SOL,dogwifpants,solana,pumpswap,6tMVLioTrzW65RWRAftNWPSf1JikYWRVsP87w9h9em2a,FtateF34Xzawa91bpbVNdX72hZYo9cymRDYqBreHHbJi,0.0002831,781.0,0.1013030685161832,170397.26,38253.54,h1
2026-08-19T09:59:00+00:00,SAME/SOL,We're the Same,solana,pumpswap,6ATBRU6GYBP1DWB6XEjdUww8vB8HLVNi1ToMxLnrFjyr,CU5e2iqWkXKrEHrg6fgoV6uqptEWL9M98oeU4skpump,0.0005047,14.56,-0.3465909090909091,29060.82,60301.38,h1
2026-08-19T09:59:00+00:00,LEMON/WETH,Lemon.fun,robinhood,uniswap,0x01fe057d1C5FB09A4ac02860758DDf26Df9336B5,0xf0E17e54239CD945Cd7bEa471a3a2CA6a8C7f7A3,0.001068,0.63,-0.5,783.4,151314.43,h1
2026-08-19T09:59:00+00:00,MEMESLY/SOL,MEMESLY,solana,pumpswap,Ayk5yA1PTkjgwn3My9ERGyT55t3Dinyf9zfDFVSuimSb,6ZC5kpZf9kLfxwMc4QVZfGJksTLrZQUTmKJCDaaopump,3.06e-05,-2.17,-0.6,32.73,11539.73,h1
2026-08-19T09:59:00+00:00,CATSEYE/SOL,CATSEYE,solana,pumpswap,AXNo7fLEPFEKR8zmjkeoUJhj3bcWE1PnycufUw1veLPr,7TGno7LGF4mJHT1mvBMsthaEmavcKM5H8ojXCVcJpump,5.534e-06,-5.14,-1.0,69.69,4201.95,h1
2026-08-19T09:59:00+00:00,QBULL/SOL,Qenis Bull,solana,pumpswap,D9qPYEdmS34LtVSNVRHxQ36t5Md5GNPVkbATNUCP8mQU,8sxdRtLdtaYdHis1VSkCJoZUNVZXiaEKEUomzPRTpump,1.493e-06,-3.1,-1.0,30.05,1542.57,h1
2026-08-19T10:00:00+00:00,GOKU/SOL,Raj Goku,solana,pumpswap,8nkY4EvYR2JJeyNZEQQoHNXz4v5AEqbrj6t1yhXwtmkD,8nQiFQVVrqs2om3DjeUqVECg3qDYyMjREC6AzFWyGoKU,1.963e-06,-93.83,-0.0238532110091743,19097.7,1910.72,h1
2026-08-19T10:00:00+00:00,UTANG/SOL,UTANG,solana,pumpswap,HsVXAyoM24AKSq3xdKeR4aDFJ9gKZAN8JNcguj9zHvnn,3CCGVkwXXTQLDL3HUqV2fBBzazHopMrWYgqU5wvvpump,1.547e-06,-99.05,-0.0220326936744847,76158.07,1567.16,h1
2026-08-19T10:00:00+00:00,MOONCOIN/WETH,MoonCoin,robinhood,uniswap,0x4C020A30b1EbC8F964BF6902F35aCFE814e47A87,0x82DA7C5D756210ec89d139Defd430549018dC68d,0.003397,-81.23,0.4512325830653805,1680099.54,217813.69,h1
2026-08-19T10:00:00+00:00,ANSEMSZN/SOL,Ansem Season,solana,pumpswap,EfZSY5rEbGymT6zfBiovR6ty9GosqjEs6bs6hmTkrv1c,5gkuTAKAskEhhc1D6ACtF6mmstfCg2Ldm5qT4C84pump,7.835e-05,-63.51,0.1618528610354223,127586.94,24034.17,h1
2026-08-19T10:00:00+00:00,mertcedes/SOL,Mertcedes,solana,pumpswap,DmaG6vPYQqtgCgL49fyUYTjf2Xba2tf2in5HrAjViLqE,6jRTP7MWb8ihnXLJc3R58i5ExrMvAxV9CybXPvYepump,0.000111,-18.59,0.154296875,46932.94,25421.61,h1
2026-08-19T10:00:00+00:00,SOLUG/SOL,Solug,solana,pumpswap,HyPxvGY6wr3f2osi5NDAnAZ2W8wJ185yUKMy37SbHWvC,FJBWgfc8wdEeUc2n7BN9EcmEJQUauvvpp9ZXvmF2pump,0.0008343,92.37,0.2349884526558891,181590.73,72194.03,h1
2026-08-19T10:00:00+00:00,PEPECOIN/WETH,Make Memes Great Again,robinhood,uniswap,0x29d2049BB2F92b17A5E75cB6Ee6d6c1ba8A82dCD,0x0b9606FB048A14d8381e9B97d00a78b4F4C66241,0.000125,-14.77,0.0,3699.81,19244.98,h1
2026-08-19T10:00:00+00:00,NEWBIE/SOL,Newbie,solana,pumpswap,CcfmG8AruateK12bhMo2BHNYQiQ1JiWLyTBzmMwKuZip,4Xg9qDuEP1vMEwqMr2yWo92Yn9a7xZu5BNQBbXVfpump,0.000232,54.21,0.2108559498956158,23506.77,35402.13,h1
2026-08-19T10:00:00+00:00,ZARD/ETH,CHARIZARD,robinhood,uniswap,0xfc0a05c97ebc39c8e1b7f4b133c7a107632a062fa796e62283cce678b03f52fe,0x53e987cd9F8Ee984d999d1fb0b0DFd98E81d0528,2.94e-05,9.88,0.1363636363636363,3570.6,19168.71,h1
2026-08-19T10:00:00+00:00,CGX/SOL,CryptoGDEX,solana,pumpswap,7n9drBwKK4LxgW8kVhx8VZw8FaGupjJH6ebhyNDXj9XB,6E8fPgsBvwjGRHcoeLUW8iugy736SKo54VvYLbYMpump,0.0001802,-10.27,0.1428571428571428,1402.49,30126.17,h1
2026-08-19T10:00:00+00:00,NLYRA/WETH,Neron Lyra,robinhood,uniswap,0x483C24d1e36Df01b650F1E9BEEB2a1c31C005C39,0xB9d3824149aD8ac984153CeEc91D5a2405d1FB95,6.403e-05,6.42,0.2,405.94,23290.64,h1
2026-08-19T10:00:00+00:00,中国人能飞/SPCXB,中国人能飞,bsc,pancakeswap,0x78C3dE4b5122E97ab5eFC8DceEFdB29C5a01AB9f,0x789d83D2881c439695dbD8dFEBC7CF1093C97777,0.0004427,29.53,0.1909385113268608,42206.1,76630.61,h1
2026-08-19T10:00:00+00:00,RHCAT/ETH,RobinhoodCat,robinhood,uniswap,0x2fc51db98ecd9722e53ebd89f3e0073e014164b9f35e994a8968bfb04b548cac,0x1B26Ed7D40c84a4d578251dfC4ecD5D42476e9A2,9.873e-05,33.11,-0.0969899665551839,20093.66,25488.51,h1
2026-08-19T10:00:00+00:00,SOLCAT/SOL,SOLCAT,solana,pumpswap,F8RP1gi6qRoZi9xNYJZRmhXFhpmucUc9CoZR3hRuBzUF,4skFA8FequaJV8Zd3njafvMvmX4yVbnzmBRo4jXVpump,0.0002207,-10.11,0.0204572803850782,7529.04,38179.3,h1
2026-08-19T10:00:00+00:00,MOONCOW/WETH,MOON COW,robinhood,up,0xDBeEB6e0ce684e0f8b15d0E57E6ed7f9b403030e,0x77936b133ea2007E9B57620011Eb62BF72050826,0.0001189,-23.59,-0.0129870129870129,8614.58,69044.33,h1
2026-08-19T10:00:00+00:00,BABYANSEM/SOL,The Black Baby Bull,solana,pumpswap,Hwf7k8jtKJS4gGFg7DTmiaBuGgoejktCSQiXeTkW1S1s,9HNEutCZLoo6GZWQTmAgVvbtmLGV1mdeR8X3HWTooYXt,0.0002408,8.49,-0.0530035335689045,13026.05,36310.47,h1
2026-08-19T10:00:00+00:00,IF/WETH,What If,robinhood,uniswap,0x39A200271525E9641e799127bdAB299DAeF21953,0x232CDFc415D10b673845D83Dc02ba2eaBe7e30d1,0.01353,1.25,-0.1304347826086956,12557.83,484650.7,h1
2026-08-19T10:00:00+00:00,ZBULL/SOL,Z500 Bull,solana,pumpswap,4d1zHqd7puCebM8jG8KmgK4rYLDc1gcY389WNm5s4xu8,FqBzU27KvwRKki7ZLzVMBgtKaVjdE64nfEkL1An1pump,1.575e-06,-0.18,0.0,1.17,1702.35,h1
2026-08-19T10:00:00+00:00,CYBERTRUMP/SOL,CyberTrump,solana,pumpswap,8Lu95qco8cgvwa8q52CWvbR1sofch1WDHSfHfxMwP3jN,6hosezP1x4Ng4zgYZtDFx58e6VBnFmnQ4ojyX32wpump,1.53e-06,0.0,0.0,0.0,1652.94,h1
2026-08-19T10:00:00+00:00,DOGEZILL/ETH,Dogezilla,robinhood,uniswap,0x304e60db5e404dccd349fe4f9b9859f3028f714d0a4409ad9ad4d2d36aa02574,0xBaF83f1A1774BB3f24779E9DdDc6A80Fa9250045,0.0005619,-30.36,-0.3932203389830508,49739.42,100669.71,h1
2026-08-19T10:00:00+00:00,MOONCOW/ETH,MOON COW,robinhood,uniswap,0x6d15490f05700f9f1ef64cee8d04e1357d3b923975ecd3bb54f4aef8f3ee4249,0x18201887F938e1308D1E7278ccEeE216fcD5f810,6.721e-06,-0.93,-0.1428571428571428,57.2,7007.52,h1
2026-08-19T10:00:00+00:00,QQ/QQQB,QQ,bsc,pancakeswap,0x49F95f5C2b674B908CcC8A65274A80CaD8611Be0,0xEA54485BCfd3096A7e1cA8ECCaa0C0cF37057777,6.385e-06,-13.93,-0.2682926829268293,537.94,7593.13,h1
2026-08-19T10:00:00+00:00,GUH/ETH,guh,robinhood,uniswap,0xa0736f92854c6ef707d8c50ad106a93a1166d6497012db3e25b1d494d0a9b97d,0x601d03F379303C2ca5c2D8711B22CB96b294f3d7,0.0002064,9.38,-0.2727272727272727,1268.54,105290.52,h1
2026-08-19T10:00:00+00:00,SAME/SOL,We're the Same,solana,pumpswap,6ATBRU6GYBP1DWB6XEjdUww8vB8HLVNi1ToMxLnrFjyr,CU5e2iqWkXKrEHrg6fgoV6uqptEWL9M98oeU4skpump,0.0004907,12.11,-0.3465909090909091,29426.11,59454.18,h1
2026-08-19T10:00:00+00:00,LEMON/WETH,Lemon.fun,robinhood,uniswap,0x01fe057d1C5FB09A4ac02860758DDf26Df9336B5,0xf0E17e54239CD945Cd7bEa471a3a2CA6a8C7f7A3,0.001068,0.63,-0.5,783.4,151314.43,h1
2026-08-19T10:00:00+00:00,MEMESLY/SOL,MEMESLY,solana,pumpswap,Ayk5yA1PTkjgwn3My9ERGyT55t3Dinyf9zfDFVSuimSb,6ZC5kpZf9kLfxwMc4QVZfGJksTLrZQUTmKJCDaaopump,3.06e-05,-2.17,-0.6,32.73,11539.73,h1
2026-08-19T10:00:00+00:00,PANTS/SOL,dogwifpants,solana,pumpswap,6tMVLioTrzW65RWRAftNWPSf1JikYWRVsP87w9h9em2a,FtateF34Xzawa91bpbVNdX72hZYo9cymRDYqBreHHbJi,0.0002936,814.0,0.104013104013104,175161.62,38991.39,h1
2026-08-19T10:00:00+00:00,BULLUG/SOL,Bullug,solana,pumpswap,GsSaJFbgm77dGrqsiY9qaGwskhF2ywvEuk7YQcmNaPW3,HeXxaXU7jZS5LWjgCGSjSFjFPyzTkMkaJ4jHirzApump,1.86e-06,-21.91,-1.0,219.72,2032.03,h1
2026-08-19T10:00:00+00:00,CATSEYE/SOL,CATSEYE,solana,pumpswap,AXNo7fLEPFEKR8zmjkeoUJhj3bcWE1PnycufUw1veLPr,7TGno7LGF4mJHT1mvBMsthaEmavcKM5H8ojXCVcJpump,5.489e-06,-5.92,-1.0,79.54,4179.79,h1
2026-08-19T10:00:00+00:00,QBULL/SOL,Qenis Bull,solana,pumpswap,D9qPYEdmS34LtVSNVRHxQ36t5Md5GNPVkbATNUCP8mQU,8sxdRtLdtaYdHis1VSkCJoZUNVZXiaEKEUomzPRTpump,1.493e-06,-3.1,-1.0,30.05,1542.57,h1
2026-08-19T10:03:00+00:00,GOKU/SOL,Raj Goku,solana,pumpswap,8nkY4EvYR2JJeyNZEQQoHNXz4v5AEqbrj6t1yhXwtmkD,8nQiFQVVrqs2om3DjeUqVECg3qDYyMjREC6AzFWyGoKU,1.934e-06,-93.92,-0.0256410256410256,19121.09,1886.1,h1
2026-08-19T10:03:00+00:00,UTANG/SOL,UTANG,solana,pumpswap,HsVXAyoM24AKSq3xdKeR4aDFJ9gKZAN8JNcguj9zHvnn,3CCGVkwXXTQLDL3HUqV2fBBzazHopMrWYgqU5wvvpump,1.547e-06,-99.07,-0.0369811320754717,72341.04,1567.16,h1
2026-08-19T10:03:00+00:00,MOONCOIN/WETH,MoonCoin,robinhood,uniswap,0x4C020A30b1EbC8F964BF6902F35aCFE814e47A87,0x82DA7C5D756210ec89d139Defd430549018dC68d,0.002218,-87.63,0.4314884470714669,1671278.83,176079.85,h1
2026-08-19T10:03:00+00:00,ANSEMSZN/SOL,Ansem Season,solana,pumpswap,EfZSY5rEbGymT6zfBiovR6ty9GosqjEs6bs6hmTkrv1c,5gkuTAKAskEhhc1D6ACtF6mmstfCg2Ldm5qT4C84pump,8.557e-05,-54.94,0.1678812773287399,126261.71,25177.37,h1
2026-08-19T10:03:00+00:00,mertcedes/SOL,Mertcedes,solana,pumpswap,DmaG6vPYQqtgCgL49fyUYTjf2Xba2tf2in5HrAjViLqE,6jRTP7MWb8ihnXLJc3R58i5ExrMvAxV9CybXPvYepump,0.0001045,-27.96,0.1464597478176527,47188.45,24614.34,h1
2026-08-19T10:03:00+00:00,PEPECOIN/WETH,Make Memes Great Again,robinhood,uniswap,0x29d2049BB2F92b17A5E75cB6Ee6d6c1ba8A82dCD,0x0b9606FB048A14d8381e9B97d00a78b4F4C66241,0.000125,-14.41,0.0625,3673.97,19244.98,h1
2026-08-19T10:03:00+00:00,SOLUG/SOL,Solug,solana,pumpswap,HyPxvGY6wr3f2osi5NDAnAZ2W8wJ185yUKMy37SbHWvC,FJBWgfc8wdEeUc2n7BN9EcmEJQUauvvpp9ZXvmF2pump,0.0007485,63.89,0.2152414194299011,181972.9,68304.46,h1
2026-08-19T10:03:00+00:00,NEWBIE/SOL,Newbie,solana,pumpswap,CcfmG8AruateK12bhMo2BHNYQiQ1JiWLyTBzmMwKuZip,4Xg9qDuEP1vMEwqMr2yWo92Yn9a7xZu5BNQBbXVfpump,0.0002503,64.69,0.2514395393474088,28478.37,36820.03,h1
2026-08-19T10:03:00+00:00,ZARD/ETH,CHARIZARD,robinhood,uniswap,0xfc0a05c97ebc39c8e1b7f4b133c7a107632a062fa796e62283cce678b03f52fe,0x53e987cd9F8Ee984d999d1fb0b0DFd98E81d0528,3.134e-05,16.75,0.1818181818181818,3875.04,19946.84,h1
2026-08-19T10:03:00+00:00,中国人能飞/SPCXB,中国人能飞,bsc,pancakeswap,0x78C3dE4b5122E97ab5eFC8DceEFdB29C5a01AB9f,0x789d83D2881c439695dbD8dFEBC7CF1093C97777,0.0004099,18.92,0.1876923076923076,45612.1,73746.16,h1
2026-08-19T10:03:00+00:00,NLYRA/WETH,Neron Lyra,robinhood,uniswap,0x483C24d1e36Df01b650F1E9BEEB2a1c31C005C39,0xB9d3824149aD8ac984153CeEc91D5a2405d1FB95,6.403e-05,6.42,0.2,405.94,23290.64,h1
2026-08-19T10:03:00+00:00,CGX/SOL,CryptoGDEX,solana,pumpswap,7n9drBwKK4LxgW8kVhx8VZw8FaGupjJH6ebhyNDXj9XB,6E8fPgsBvwjGRHcoeLUW8iugy736SKo54VvYLbYMpump,0.0001778,-12.19,0.0,1330.62,29936.72,h1
2026-08-19T10:03:00+00:00,SOLCAT/SOL,SOLCAT,solana,pumpswap,F8RP1gi6qRoZi9xNYJZRmhXFhpmucUc9CoZR3hRuBzUF,4skFA8FequaJV8Zd3njafvMvmX4yVbnzmBRo4jXVpump,0.0002171,-9.71,0.020242914979757,7436.99,37838.89,h1
2026-08-19T10:03:00+00:00,MOONCOW/WETH,MOON COW,robinhood,up,0xDBeEB6e0ce684e0f8b15d0E57E6ed7f9b403030e,0x77936b133ea2007E9B57620011Eb62BF72050826,0.0001202,-22.76,0.025,8805.63,69415.32,h1
2026-08-19T10:03:00+00:00,RHCAT/ETH,RobinhoodCat,robinhood,uniswap,0x2fc51db98ecd9722e53ebd89f3e0073e014164b9f35e994a8968bfb04b548cac,0x1B26Ed7D40c84a4d578251dfC4ecD5D42476e9A2,9.649e-05,36.92,-0.0976430976430976,19955.06,25197.87,h1
2026-08-19T10:03:00+00:00,BABYANSEM/SOL,The Black Baby Bull,solana,pumpswap,Hwf7k8jtKJS4gGFg7DTmiaBuGgoejktCSQiXeTkW1S1s,9HNEutCZLoo6GZWQTmAgVvbtmLGV1mdeR8X3HWTooYXt,0.000227,2.59,-0.0526315789473684,13569.47,35198.2,h1
2026-08-19T10:03:00+00:00,IF/WETH,What If,robinhood,uniswap,0x39A200271525E9641e799127bdAB299DAeF21953,0x232CDFc415D10b673845D83Dc02ba2eaBe7e30d1,0.01363,2.1,-0.1836734693877551,14170.46,486309.36,h1
2026-08-19T10:03:00+00:00,ZBULL/SOL,Z500 Bull,solana,pumpswap,4d1zHqd7puCebM8jG8KmgK4rYLDc1gcY389WNm5s4xu8,FqBzU27KvwRKki7ZLzVMBgtKaVjdE64nfEkL1An1pump,1.575e-06,-0.18,0.0,1.17,1702.35,h1
2026-08-19T10:03:00+00:00,CYBERTRUMP/SOL,CyberTrump,solana,pumpswap,8Lu95qco8cgvwa8q52CWvbR1sofch1WDHSfHfxMwP3jN,6hosezP1x4Ng4zgYZtDFx58e6VBnFmnQ4ojyX32wpump,1.53e-06,0.0,0.0,0.0,1652.94,h1
2026-08-19T10:03:00+00:00,DOGEZILL/ETH,Dogezilla,robinhood,uniswap,0x304e60db5e404dccd349fe4f9b9859f3028f714d0a4409ad9ad4d2d36aa02574,0xBaF83f1A1774BB3f24779E9DdDc6A80Fa9250045,0.0004397,-46.41,-0.4181240063593004,55996.26,88652.83,h1
2026-08-19T10:03:00+00:00,MOONCOW/ETH,MOON COW,robinhood,uniswap,0x6d15490f05700f9f1ef64cee8d04e1357d3b923975ecd3bb54f4aef8f3ee4249,0x18201887F938e1308D1E7278ccEeE216fcD5f810,6.721e-06,-0.93,-0.1428571428571428,57.2,7007.52,h1
2026-08-19T10:03:00+00:00,QQ/QQQB,QQ,bsc,pancakeswap,0x49F95f5C2b674B908CcC8A65274A80CaD8611Be0,0xEA54485BCfd3096A7e1cA8ECCaa0C0cF37057777,6.409e-06,-13.92,-0.25,527.97,7606.8,h1
2026-08-19T10:03:00+00:00,GUH/ETH,guh,robinhood,uniswap,0xa0736f92854c6ef707d8c50ad106a93a1166d6497012db3e25b1d494d0a9b97d,0x601d03F379303C2ca5c2D8711B22CB96b294f3d7,0.0002064,9.39,-0.3333333333333333,1269.96,105305.62,h1
2026-08-19T10:03:00+00:00,LEMON/WETH,Lemon.fun,robinhood,uniswap,0x01fe057d1C5FB09A4ac02860758DDf26Df9336B5,0xf0E17e54239CD945Cd7bEa471a3a2CA6a8C7f7A3,0.001068,0.56,-0.5,791.35,151319.28,h1
2026-08-19T10:03:00+00:00,SAME/SOL,We're the Same,solana,pumpswap,6ATBRU6GYBP1DWB6XEjdUww8vB8HLVNi1ToMxLnrFjyr,CU5e2iqWkXKrEHrg6fgoV6uqptEWL9M98oeU4skpump,0.0004881,48.57,-0.3544303797468354,23844.42,59284.24,h1
2026-08-19T10:03:00+00:00,MEMESLY/SOL,MEMESLY,solana,pumpswap,Ayk5yA1PTkjgwn3My9ERGyT55t3Dinyf9zfDFVSuimSb,6ZC5kpZf9kLfxwMc4QVZfGJksTLrZQUTmKJCDaaopump,3.06e-05,-0.83,-0.5,31.71,11539.73,h1
2026-08-19T10:03:00+00:00,PANTS/SOL,dogwifpants,solana,pumpswap,6tMVLioTrzW65RWRAftNWPSf1JikYWRVsP87w9h9em2a,FtateF34Xzawa91bpbVNdX72hZYo9cymRDYqBreHHbJi,0.0002231,594.0,0.0854638422205989,191340.98,33835.53,h1
2026-08-19T10:03:00+00:00,CATSEYE/SOL,CATSEYE,solana,pumpswap,AXNo7fLEPFEKR8zmjkeoUJhj3bcWE1PnycufUw1veLPr,7TGno7LGF4mJHT1mvBMsthaEmavcKM5H8ojXCVcJpump,5.543e-06,-5.0,-0.75,81.07,4206.8,h1
2026-08-19T10:03:00+00:00,BULLUG/SOL,Bullug,solana,pumpswap,GsSaJFbgm77dGrqsiY9qaGwskhF2ywvEuk7YQcmNaPW3,HeXxaXU7jZS5LWjgCGSjSFjFPyzTkMkaJ4jHirzApump,1.86e-06,-21.91,-1.0,219.72,2032.03,h1
2026-08-19T10:03:00+00:00,QBULL/SOL,Qenis Bull,solana,pumpswap,D9qPYEdmS34LtVSNVRHxQ36t5Md5GNPVkbATNUCP8mQU,8sxdRtLdtaYdHis1VSkCJoZUNVZXiaEKEUomzPRTpump,1.493e-06,-3.1,-1.0,30.05,1542.57,h1
2026-08-19T10:12:00+00:00,GOKU/SOL,Raj Goku,solana,pumpswap,8nkY4EvYR2JJeyNZEQQoHNXz4v5AEqbrj6t1yhXwtmkD,8nQiFQVVrqs2om3DjeUqVECg3qDYyMjREC6AzFWyGoKU,1.833e-06,-94.24,-0.0343580470162748,19161.8,1799.84,h1
2026-08-19T10:12:00+00:00,UTANG/SOL,UTANG,solana,pumpswap,HsVXAyoM24AKSq3xdKeR4aDFJ9gKZAN8JNcguj9zHvnn,3CCGVkwXXTQLDL3HUqV2fBBzazHopMrWYgqU5wvvpump,1.509e-06,-98.97,-0.0879227053140096,57324.3,1530.71,h1
2026-08-19T10:12:00+00:00,ANSEMSZN/SOL,Ansem Season,solana,pumpswap,EfZSY5rEbGymT6zfBiovR6ty9GosqjEs6bs6hmTkrv1c,5gkuTAKAskEhhc1D6ACtF6mmstfCg2Ldm5qT4C84pump,8.13e-05,-46.17,0.1787182587666263,126792.49,24536.86,h1
2026-08-19T10:12:00+00:00,ZARD/ETH,CHARIZARD,robinhood,uniswap,0xfc0a05c97ebc39c8e1b7f4b133c7a107632a062fa796e62283cce678b03f52fe,0x53e987cd9F8Ee984d999d1fb0b0DFd98E81d0528,2.976e-05,7.39,0.2068965517241379,6180.29,19310.93,h1
2026-08-19T10:12:00+00:00,NEWBIE/SOL,Newbie,solana,pumpswap,CcfmG8AruateK12bhMo2BHNYQiQ1JiWLyTBzmMwKuZip,4Xg9qDuEP1vMEwqMr2yWo92Yn9a7xZu5BNQBbXVfpump,0.0002401,53.11,0.2676518883415435,31555.24,36044.41,h1
2026-08-19T10:12:00+00:00,SOLUG/SOL,Solug,solana,pumpswap,HyPxvGY6wr3f2osi5NDAnAZ2W8wJ185yUKMy37SbHWvC,FJBWgfc8wdEeUc2n7BN9EcmEJQUauvvpp9ZXvmF2pump,0.0006932,46.76,0.1895010095183155,184548.72,65734.82,h1
2026-08-19T10:12:00+00:00,SOLCAT/SOL,SOLCAT,solana,pumpswap,F8RP1gi6qRoZi9xNYJZRmhXFhpmucUc9CoZR3hRuBzUF,4skFA8FequaJV8Zd3njafvMvmX4yVbnzmBRo4jXVpump,0.0002145,-12.78,0.0222042793702058,7700.38,37611.73,h1
2026-08-19T10:12:00+00:00,IF/WETH,What If,robinhood,uniswap,0x39A200271525E9641e799127bdAB299DAeF21953,0x232CDFc415D10b673845D83Dc02ba2eaBe7e30d1,0.01373,3.01,-0.1153846153846153,15717.8,487950.33,h1
2026-08-19T10:12:00+00:00,BABYANSEM/SOL,The Black Baby Bull,solana,pumpswap,Hwf7k8jtKJS4gGFg7DTmiaBuGgoejktCSQiXeTkW1S1s,9HNEutCZLoo6GZWQTmAgVvbtmLGV1mdeR8X3HWTooYXt,0.0002198,-4.7,-0.0702341137123745,13906.82,34618.54,h1
2026-08-19T10:12:00+00:00,NLYRA/WETH,Neron Lyra,robinhood,uniswap,0x483C24d1e36Df01b650F1E9BEEB2a1c31C005C39,0xB9d3824149aD8ac984153CeEc91D5a2405d1FB95,6.409e-05,5.53,0.0,374.05,23299.66,h1
2026-08-19T10:12:00+00:00,DOGEZILL/ETH,Dogezilla,robinhood,uniswap,0x304e60db5e404dccd349fe4f9b9859f3028f714d0a4409ad9ad4d2d36aa02574,0xBaF83f1A1774BB3f24779E9DdDc6A80Fa9250045,0.0003088,-67.98,-0.518957345971564,56554.34,73468.99,h1
2026-08-19T10:12:00+00:00,ZBULL/SOL,Z500 Bull,solana,pumpswap,4d1zHqd7puCebM8jG8KmgK4rYLDc1gcY389WNm5s4xu8,FqBzU27KvwRKki7ZLzVMBgtKaVjdE64nfEkL1An1pump,1.575e-06,-0.18,0.0,1.17,1702.35,h1
2026-08-19T10:12:00+00:00,LEMON/WETH,Lemon.fun,robinhood,uniswap,0x01fe057d1C5FB09A4ac02860758DDf26Df9336B5,0xf0E17e54239CD945Cd7bEa471a3a2CA6a8C7f7A3,0.001111,4.7,-0.1698113207547169,3052.22,154623.23,h1
2026-08-19T10:12:00+00:00,CGX/SOL,CryptoGDEX,solana,pumpswap,7n9drBwKK4LxgW8kVhx8VZw8FaGupjJH6ebhyNDXj9XB,6E8fPgsBvwjGRHcoeLUW8iugy736SKo54VvYLbYMpump,0.0001767,-10.28,-0.2,912.26,29827.24,h1
2026-08-19T10:12:00+00:00,GUH/ETH,guh,robinhood,uniswap,0xa0736f92854c6ef707d8c50ad106a93a1166d6497012db3e25b1d494d0a9b97d,0x601d03F379303C2ca5c2D8711B22CB96b294f3d7,0.0002065,9.44,-0.2307692307692307,1279.82,105312.95,h1
2026-08-19T10:12:00+00:00,PANTS/SOL,dogwifpants,solana,pumpswap,6tMVLioTrzW65RWRAftNWPSf1JikYWRVsP87w9h9em2a,FtateF34Xzawa91bpbVNdX72hZYo9cymRDYqBreHHbJi,0.0001741,442.0,0.0734490135488471,277692.75,29893.98,h1
2026-08-19T10:12:00+00:00,SAME/SOL,We're the Same,solana,pumpswap,6ATBRU6GYBP1DWB6XEjdUww8vB8HLVNi1ToMxLnrFjyr,CU5e2iqWkXKrEHrg6fgoV6uqptEWL9M98oeU4skpump,0.0004899,57.94,-0.3133047210300429,18195.25,59377.25,h1
2026-08-19T10:12:00+00:00,CATSEYE/SOL,CATSEYE,solana,pumpswap,AXNo7fLEPFEKR8zmjkeoUJhj3bcWE1PnycufUw1veLPr,7TGno7LGF4mJHT1mvBMsthaEmavcKM5H8ojXCVcJpump,5.467e-06,-4.82,-0.7142857142857143,68.13,4167.64,h1
2026-08-19T10:12:00+00:00,QBULL/SOL,Qenis Bull,solana,pumpswap,D9qPYEdmS34LtVSNVRHxQ36t5Md5GNPVkbATNUCP8mQU,8sxdRtLdtaYdHis1VSkCJoZUNVZXiaEKEUomzPRTpump,1.493e-06,-3.1,-1.0,30.05,1542.57,h1
2026-08-19T10:12:00+00:00,MEMESLY/SOL,MEMESLY,solana,pumpswap,Ayk5yA1PTkjgwn3My9ERGyT55t3Dinyf9zfDFVSuimSb,6ZC5kpZf9kLfxwMc4QVZfGJksTLrZQUTmKJCDaaopump,3.06e-05,-0.69,-1.0,10.58,11539.73,h1
2026-08-19T10:13:00+00:00,GOKU/SOL,Raj Goku,solana,pumpswap,8nkY4EvYR2JJeyNZEQQoHNXz4v5AEqbrj6t1yhXwtmkD,8nQiFQVVrqs2om3DjeUqVECg3qDYyMjREC6AzFWyGoKU,1.833e-06,-94.24,-0.0343580470162748,19161.8,1799.84,h1
2026-08-19T10:13:00+00:00,UTANG/SOL,UTANG,solana,pumpswap,HsVXAyoM24AKSq3xdKeR4aDFJ9gKZAN8JNcguj9zHvnn,3CCGVkwXXTQLDL3HUqV2fBBzazHopMrWYgqU5wvvpump,1.509e-06,-98.97,-0.0879227053140096,57324.3,1530.71,h1
2026-08-19T10:13:00+00:00,ANSEMSZN/SOL,Ansem Season,solana,pumpswap,EfZSY5rEbGymT6zfBiovR6ty9GosqjEs6bs6hmTkrv1c,5gkuTAKAskEhhc1D6ACtF6mmstfCg2Ldm5qT4C84pump,8.13e-05,-46.17,0.1787182587666263,126792.49,24536.86,h1
2026-08-19T10:13:00+00:00,ZARD/ETH,CHARIZARD,robinhood,uniswap,0xfc0a05c97ebc39c8e1b7f4b133c7a107632a062fa796e62283cce678b03f52fe,0x53e987cd9F8Ee984d999d1fb0b0DFd98E81d0528,2.976e-05,7.39,0.2068965517241379,6180.29,19310.93,h1
2026-08-19T10:13:00+00:00,NEWBIE/SOL,Newbie,solana,pumpswap,CcfmG8AruateK12bhMo2BHNYQiQ1JiWLyTBzmMwKuZip,4Xg9qDuEP1vMEwqMr2yWo92Yn9a7xZu5BNQBbXVfpump,0.0002401,53.11,0.2676518883415435,31555.24,36044.41,h1
2026-08-19T10:13:00+00:00,SOLUG/SOL,Solug,solana,pumpswap,HyPxvGY6wr3f2osi5NDAnAZ2W8wJ185yUKMy37SbHWvC,FJBWgfc8wdEeUc2n7BN9EcmEJQUauvvpp9ZXvmF2pump,0.0006932,46.76,0.1895010095183155,184548.72,65734.82,h1
2026-08-19T10:13:00+00:00,SOLCAT/SOL,SOLCAT,solana,pumpswap,F8RP1gi6qRoZi9xNYJZRmhXFhpmucUc9CoZR3hRuBzUF,4skFA8FequaJV8Zd3njafvMvmX4yVbnzmBRo4jXVpump,0.0002145,-12.78,0.0222042793702058,7700.38,37611.73,h1
2026-08-19T10:13:00+00:00,IF/WETH,What If,robinhood,uniswap,0x39A200271525E9641e799127bdAB299DAeF21953,0x232CDFc415D10b673845D83Dc02ba2eaBe7e30d1,0.01373,3.01,-0.1153846153846153,15717.8,487950.33,h1
2026-08-19T10:13:00+00:00,BABYANSEM/SOL,The Black Baby Bull,solana,pumpswap,Hwf7k8jtKJS4gGFg7DTmiaBuGgoejktCSQiXeTkW1S1s,9HNEutCZLoo6GZWQTmAgVvbtmLGV1mdeR8X3HWTooYXt,0.0002198,-4.7,-0.0702341137123745,13906.82,34618.54,h1
2026-08-19T10:13:00+00:00,NLYRA/WETH,Neron Lyra,robinhood,uniswap,0x483C24d1e36Df01b650F1E9BEEB2a1c31C005C39,0xB9d3824149aD8ac984153CeEc91D5a2405d1FB95,6.409e-05,5.53,0.0,374.05,23299.66,h1
2026-08-19T10:13:00+00:00,DOGEZILL/ETH,Dogezilla,robinhood,uniswap,0x304e60db5e404dccd349fe4f9b9859f3028f714d0a4409ad9ad4d2d36aa02574,0xBaF83f1A1774BB3f24779E9DdDc6A80Fa9250045,0.0003088,-67.98,-0.518957345971564,56554.34,73468.99,h1
2026-08-19T10:13:00+00:00,ZBULL/SOL,Z500 Bull,solana,pumpswap,4d1zHqd7puCebM8jG8KmgK4rYLDc1gcY389WNm5s4xu8,FqBzU27KvwRKki7ZLzVMBgtKaVjdE64nfEkL1An1pump,1.575e-06,-0.18,0.0,1.17,1702.35,h1
2026-08-19T10:13:00+00:00,LEMON/WETH,Lemon.fun,robinhood,uniswap,0x01fe057d1C5FB09A4ac02860758DDf26Df9336B5,0xf0E17e54239CD945Cd7bEa471a3a2CA6a8C7f7A3,0.001111,4.7,-0.1698113207547169,3052.22,154623.23,h1
2026-08-19T10:13:00+00:00,CGX/SOL,CryptoGDEX,solana,pumpswap,7n9drBwKK4LxgW8kVhx8VZw8FaGupjJH6ebhyNDXj9XB,6E8fPgsBvwjGRHcoeLUW8iugy736SKo54VvYLbYMpump,0.0001767,-10.28,-0.2,912.26,29827.24,h1
2026-08-19T10:13:00+00:00,GUH/ETH,guh,robinhood,uniswap,0xa0736f92854c6ef707d8c50ad106a93a1166d6497012db3e25b1d494d0a9b97d,0x601d03F379303C2ca5c2D8711B22CB96b294f3d7,0.0002065,9.44,-0.2307692307692307,1279.82,105312.95,h1
2026-08-19T10:13:00+00:00,PANTS/SOL,dogwifpants,solana,pumpswap,6tMVLioTrzW65RWRAftNWPSf1JikYWRVsP87w9h9em2a,FtateF34Xzawa91bpbVNdX72hZYo9cymRDYqBreHHbJi,0.0001741,442.0,0.0734490135488471,277692.75,29893.98,h1
2026-08-19T10:13:00+00:00,SAME/SOL,We're the Same,solana,pumpswap,6ATBRU6GYBP1DWB6XEjdUww8vB8HLVNi1ToMxLnrFjyr,CU5e2iqWkXKrEHrg6fgoV6uqptEWL9M98oeU4skpump,0.0004899,57.94,-0.3133047210300429,18195.25,59377.25,h1
2026-08-19T10:13:00+00:00,CATSEYE/SOL,CATSEYE,solana,pumpswap,AXNo7fLEPFEKR8zmjkeoUJhj3bcWE1PnycufUw1veLPr,7TGno7LGF4mJHT1mvBMsthaEmavcKM5H8ojXCVcJpump,5.467e-06,-4.82,-0.7142857142857143,68.13,4167.64,h1
2026-08-19T10:13:00+00:00,QBULL/SOL,Qenis Bull,solana,pumpswap,D9qPYEdmS34LtVSNVRHxQ36t5Md5GNPVkbATNUCP8mQU,8sxdRtLdtaYdHis1VSkCJoZUNVZXiaEKEUomzPRTpump,1.493e-06,-3.1,-1.0,30.05,1542.57,h1
2026-08-19T10:13:00+00:00,MEMESLY/SOL,MEMESLY,solana,pumpswap,Ayk5yA1PTkjgwn3My9ERGyT55t3Dinyf9zfDFVSuimSb,6ZC5kpZf9kLfxwMc4QVZfGJksTLrZQUTmKJCDaaopump,3.06e-05,-0.69,-1.0,10.58,11539.73,h1
2026-08-19T10:16:00+00:00,GOKU/SOL,Raj Goku,solana,pumpswap,8nkY4EvYR2JJeyNZEQQoHNXz4v5AEqbrj6t1yhXwtmkD,8nQiFQVVrqs2om3DjeUqVECg3qDYyMjREC6AzFWyGoKU,1.811e-06,-94.31,-0.0378378378378378,19162.13,1780.91,h1
2026-08-19T10:16:00+00:00,UTANG/SOL,UTANG,solana,pumpswap,HsVXAyoM24AKSq3xdKeR4aDFJ9gKZAN8JNcguj9zHvnn,3CCGVkwXXTQLDL3HUqV2fBBzazHopMrWYgqU5wvvpump,1.509e-06,-98.95,-0.1031578947368421,52766.79,1530.71,h1
2026-08-19T10:16:00+00:00,ZARD/ETH,CHARIZARD,robinhood,uniswap,0xfc0a05c97ebc39c8e1b7f4b133c7a107632a062fa796e62283cce678b03f52fe,0x53e987cd9F8Ee984d999d1fb0b0DFd98E81d0528,3.025e-05,9.16,0.2333333333333333,6278.12,19509.73,h1
2026-08-19T10:16:00+00:00,NEWBIE/SOL,Newbie,solana,pumpswap,CcfmG8AruateK12bhMo2BHNYQiQ1JiWLyTBzmMwKuZip,4Xg9qDuEP1vMEwqMr2yWo92Yn9a7xZu5BNQBbXVfpump,0.0002428,52.99,0.2578616352201258,32772.05,36264.45,h1
2026-08-19T10:16:00+00:00,SOLUG/SOL,Solug,solana,pumpswap,HyPxvGY6wr3f2osi5NDAnAZ2W8wJ185yUKMy37SbHWvC,FJBWgfc8wdEeUc2n7BN9EcmEJQUauvvpp9ZXvmF2pump,0.0006008,37.76,0.1801749271137026,182481.0,61145.75,h1
2026-08-19T10:16:00+00:00,ANSEMSZN/SOL,Ansem Season,solana,pumpswap,EfZSY5rEbGymT6zfBiovR6ty9GosqjEs6bs6hmTkrv1c,5gkuTAKAskEhhc1D6ACtF6mmstfCg2Ldm5qT4C84pump,8.79e-05,-23.67,0.1823628085310328,121386.63,25586.62,h1
2026-08-19T10:16:00+00:00,NLYRA/WETH,Neron Lyra,robinhood,uniswap,0x483C24d1e36Df01b650F1E9BEEB2a1c31C005C39,0xB9d3824149aD8ac984153CeEc91D5a2405d1FB95,6.414e-05,5.61,0.2,377.22,23313.13,h1
2026-08-19T10:16:00+00:00,BABYANSEM/SOL,The Black Baby Bull,solana,pumpswap,Hwf7k8jtKJS4gGFg7DTmiaBuGgoejktCSQiXeTkW1S1s,9HNEutCZLoo6GZWQTmAgVvbtmLGV1mdeR8X3HWTooYXt,0.0002137,-15.64,-0.05,12784.04,34124.13,h1
2026-08-19T10:16:00+00:00,IF/WETH,What If,robinhood,uniswap,0x39A200271525E9641e799127bdAB299DAeF21953,0x232CDFc415D10b673845D83Dc02ba2eaBe7e30d1,0.01373,3.83,-0.0980392156862745,14459.15,488010.35,h1
2026-08-19T10:16:00+00:00,SOLCAT/SOL,SOLCAT,solana,pumpswap,F8RP1gi6qRoZi9xNYJZRmhXFhpmucUc9CoZR3hRuBzUF,4skFA8FequaJV8Zd3njafvMvmX4yVbnzmBRo4jXVpump,0.000225,1.41,0.0268537074148296,7012.07,38558.08,h1
2026-08-19T10:16:00+00:00,LEMON/WETH,Lemon.fun,robinhood,uniswap,0x01fe057d1C5FB09A4ac02860758DDf26Df9336B5,0xf0E17e54239CD945Cd7bEa471a3a2CA6a8C7f7A3,0.001106,4.22,-0.1379310344827586,3629.42,154240.92,h1
2026-08-19T10:16:00+00:00,ZBULL/SOL,Z500 Bull,solana,pumpswap,4d1zHqd7puCebM8jG8KmgK4rYLDc1gcY389WNm5s4xu8,FqBzU27KvwRKki7ZLzVMBgtKaVjdE64nfEkL1An1pump,1.575e-06,-0.18,0.0,1.17,1702.35,h1
2026-08-19T10:16:00+00:00,DOGEZILL/ETH,Dogezilla,robinhood,uniswap,0x304e60db5e404dccd349fe4f9b9859f3028f714d0a4409ad9ad4d2d36aa02574,0xBaF83f1A1774BB3f24779E9DdDc6A80Fa9250045,0.0003027,-70.94,-0.5285880980163361,54194.9,72704.38,h1
2026-08-19T10:16:00+00:00,CGX/SOL,CryptoGDEX,solana,pumpswap,7n9drBwKK4LxgW8kVhx8VZw8FaGupjJH6ebhyNDXj9XB,6E8fPgsBvwjGRHcoeLUW8iugy736SKo54VvYLbYMpump,0.0001766,-9.16,-0.3333333333333333,910.54,29818.15,h1
2026-08-19T10:16:00+00:00,GUH/ETH,guh,robinhood,uniswap,0xa0736f92854c6ef707d8c50ad106a93a1166d6497012db3e25b1d494d0a9b97d,0x601d03F379303C2ca5c2D8711B22CB96b294f3d7,0.0002066,9.47,-0.2857142857142857,1279.84,105344.69,h1
2026-08-19T10:16:00+00:00,PANTS/SOL,dogwifpants,solana,pumpswap,6tMVLioTrzW65RWRAftNWPSf1JikYWRVsP87w9h9em2a,FtateF34Xzawa91bpbVNdX72hZYo9cymRDYqBreHHbJi,0.0001901,492.0,0.0497411658789106,287074.85,31317.86,h1
2026-08-19T10:16:00+00:00,SAME/SOL,We're the Same,solana,pumpswap,6ATBRU6GYBP1DWB6XEjdUww8vB8HLVNi1ToMxLnrFjyr,CU5e2iqWkXKrEHrg6fgoV6uqptEWL9M98oeU4skpump,0.0004823,59.89,-0.293103448275862,17852.44,58918.68,h1
2026-08-19T10:16:00+00:00,CATSEYE/SOL,CATSEYE,solana,pumpswap,AXNo7fLEPFEKR8zmjkeoUJhj3bcWE1PnycufUw1veLPr,7TGno7LGF4mJHT1mvBMsthaEmavcKM5H8ojXCVcJpump,5.459e-06,-4.97,-0.75,72.36,4163.98,h1
2026-08-19T10:16:00+00:00,QBULL/SOL,Qenis Bull,solana,pumpswap,D9qPYEdmS34LtVSNVRHxQ36t5Md5GNPVkbATNUCP8mQU,8sxdRtLdtaYdHis1VSkCJoZUNVZXiaEKEUomzPRTpump,1.493e-06,-3.1,-1.0,30.05,1542.57,h1
2026-08-19T10:16:00+00:00,MEMESLY/SOL,MEMESLY,solana,pumpswap,Ayk5yA1PTkjgwn3My9ERGyT55t3Dinyf9zfDFVSuimSb,6ZC5kpZf9kLfxwMc4QVZfGJksTLrZQUTmKJCDaaopump,3.06e-05,-0.69,-1.0,10.58,11539.73,h1
2026-08-19T10:17:00+00:00,GOKU/SOL,Raj Goku,solana,pumpswap,8nkY4EvYR2JJeyNZEQQoHNXz4v5AEqbrj6t1yhXwtmkD,8nQiFQVVrqs2om3DjeUqVECg3qDYyMjREC6AzFWyGoKU,1.811e-06,-94.31,-0.0378378378378378,19162.13,1780.91,h1
2026-08-19T10:17:00+00:00,UTANG/SOL,UTANG,solana,pumpswap,HsVXAyoM24AKSq3xdKeR4aDFJ9gKZAN8JNcguj9zHvnn,3CCGVkwXXTQLDL3HUqV2fBBzazHopMrWYgqU5wvvpump,1.509e-06,-98.83,-0.1058315334773218,50509.65,1530.71,h1
2026-08-19T10:17:00+00:00,NEWBIE/SOL,Newbie,solana,pumpswap,CcfmG8AruateK12bhMo2BHNYQiQ1JiWLyTBzmMwKuZip,4Xg9qDuEP1vMEwqMr2yWo92Yn9a7xZu5BNQBbXVfpump,0.0002311,37.93,0.2526799387442572,33444.37,35346.13,h1
2026-08-19T10:17:00+00:00,ZARD/ETH,CHARIZARD,robinhood,uniswap,0xfc0a05c97ebc39c8e1b7f4b133c7a107632a062fa796e62283cce678b03f52fe,0x53e987cd9F8Ee984d999d1fb0b0DFd98E81d0528,3.114e-05,12.36,0.2063492063492063,6709.63,19864.3,h1
2026-08-19T10:17:00+00:00,ANSEMSZN/SOL,Ansem Season,solana,pumpswap,EfZSY5rEbGymT6zfBiovR6ty9GosqjEs6bs6hmTkrv1c,5gkuTAKAskEhhc1D6ACtF6mmstfCg2Ldm5qT4C84pump,8.465e-05,-28.69,0.1778377743866651,122713.04,25086.36,h1
2026-08-19T10:17:00+00:00,SOLUG/SOL,Solug,solana,pumpswap,HyPxvGY6wr3f2osi5NDAnAZ2W8wJ185yUKMy37SbHWvC,FJBWgfc8wdEeUc2n7BN9EcmEJQUauvvpp9ZXvmF2pump,0.0006065,38.43,0.1772151898734177,186192.9,61441.59,h1
2026-08-19T10:17:00+00:00,NLYRA/WETH,Neron Lyra,robinhood,uniswap,0x483C24d1e36Df01b650F1E9BEEB2a1c31C005C39,0xB9d3824149aD8ac984153CeEc91D5a2405d1FB95,6.414e-05,5.61,0.2,377.22,23313.27,h1
2026-08-19T10:17:00+00:00,BABYANSEM/SOL,The Black Baby Bull,solana,pumpswap,Hwf7k8jtKJS4gGFg7DTmiaBuGgoejktCSQiXeTkW1S1s,9HNEutCZLoo6GZWQTmAgVvbtmLGV1mdeR8X3HWTooYXt,0.0002158,-16.29,-0.0296296296296296,11868.48,34291.51,h1
2026-08-19T10:17:00+00:00,IF/WETH,What If,robinhood,uniswap,0x39A200271525E9641e799127bdAB299DAeF21953,0x232CDFc415D10b673845D83Dc02ba2eaBe7e30d1,0.01373,3.83,-0.0980392156862745,14459.15,488010.35,h1
2026-08-19T10:17:00+00:00,SOLCAT/SOL,SOLCAT,solana,pumpswap,F8RP1gi6qRoZi9xNYJZRmhXFhpmucUc9CoZR3hRuBzUF,4skFA8FequaJV8Zd3njafvMvmX4yVbnzmBRo4jXVpump,0.0002222,1.75,0.027027027027027,6883.17,38301.5,h1
2026-08-19T10:17:00+00:00,LEMON/WETH,Lemon.fun,robinhood,uniswap,0x01fe057d1C5FB09A4ac02860758DDf26Df9336B5,0xf0E17e54239CD945Cd7bEa471a3a2CA6a8C7f7A3,0.001106,4.22,-0.1379310344827586,3629.42,154240.92,h1
2026-08-19T10:17:00+00:00,ZBULL/SOL,Z500 Bull,solana,pumpswap,4d1zHqd7puCebM8jG8KmgK4rYLDc1gcY389WNm5s4xu8,FqBzU27KvwRKki7ZLzVMBgtKaVjdE64nfEkL1An1pump,1.575e-06,-0.18,0.0,1.17,1702.35,h1
2026-08-19T10:17:00+00:00,DOGEZILL/ETH,Dogezilla,robinhood,uniswap,0x304e60db5e404dccd349fe4f9b9859f3028f714d0a4409ad9ad4d2d36aa02574,0xBaF83f1A1774BB3f24779E9DdDc6A80Fa9250045,0.0003015,-70.96,-0.5280373831775701,54130.73,72549.85,h1
2026-08-19T10:17:00+00:00,CGX/SOL,CryptoGDEX,solana,pumpswap,7n9drBwKK4LxgW8kVhx8VZw8FaGupjJH6ebhyNDXj9XB,6E8fPgsBvwjGRHcoeLUW8iugy736SKo54VvYLbYMpump,0.0001766,-9.16,-0.3333333333333333,910.54,29818.15,h1
2026-08-19T10:17:00+00:00,GUH/ETH,guh,robinhood,uniswap,0xa0736f92854c6ef707d8c50ad106a93a1166d6497012db3e25b1d494d0a9b97d,0x601d03F379303C2ca5c2D8711B22CB96b294f3d7,0.0002063,9.36,-0.3333333333333333,1289.51,105271.17,h1
2026-08-19T10:17:00+00:00,PANTS/SOL,dogwifpants,solana,pumpswap,6tMVLioTrzW65RWRAftNWPSf1JikYWRVsP87w9h9em2a,FtateF34Xzawa91bpbVNdX72hZYo9cymRDYqBreHHbJi,0.0001836,472.0,0.0395456457719814,302527.22,30784.36,h1
2026-08-19T10:17:00+00:00,SAME/SOL,We're the Same,solana,pumpswap,6ATBRU6GYBP1DWB6XEjdUww8vB8HLVNi1ToMxLnrFjyr,CU5e2iqWkXKrEHrg6fgoV6uqptEWL9M98oeU4skpump,0.0005011,70.38,-0.2576419213973799,18410.64,60073.85,h1
2026-08-19T10:17:00+00:00,CATSEYE/SOL,CATSEYE,solana,pumpswap,AXNo7fLEPFEKR8zmjkeoUJhj3bcWE1PnycufUw1veLPr,7TGno7LGF4mJHT1mvBMsthaEmavcKM5H8ojXCVcJpump,5.459e-06,-4.97,-0.75,72.36,4163.98,h1
2026-08-19T10:17:00+00:00,QBULL/SOL,Qenis Bull,solana,pumpswap,D9qPYEdmS34LtVSNVRHxQ36t5Md5GNPVkbATNUCP8mQU,8sxdRtLdtaYdHis1VSkCJoZUNVZXiaEKEUomzPRTpump,1.493e-06,-3.1,-1.0,30.05,1542.57,h1
2026-08-19T10:17:00+00:00,MEMESLY/SOL,MEMESLY,solana,pumpswap,Ayk5yA1PTkjgwn3My9ERGyT55t3Dinyf9zfDFVSuimSb,6ZC5kpZf9kLfxwMc4QVZfGJksTLrZQUTmKJCDaaopump,3.06e-05,-0.69,-1.0,10.58,11539.73,h1
2026-08-19T10:20:00+00:00,GOKU/SOL,Raj Goku,solana,pumpswap,8nkY4EvYR2JJeyNZEQQoHNXz4v5AEqbrj6t1yhXwtmkD,8nQiFQVVrqs2om3DjeUqVECg3qDYyMjREC6AzFWyGoKU,1.862e-06,-94.15,-0.03770197486535,19185.34,1825.38,h1
2026-08-19T10:20:00+00:00,UTANG/SOL,UTANG,solana,pumpswap,HsVXAyoM24AKSq3xdKeR4aDFJ9gKZAN8JNcguj9zHvnn,3CCGVkwXXTQLDL3HUqV2fBBzazHopMrWYgqU5wvvpump,1.509e-06,-98.95,-0.1334894613583138,47245.48,1530.71,h1
2026-08-19T10:20:00+00:00,NEWBIE/SOL,Newbie,solana,pumpswap,CcfmG8AruateK12bhMo2BHNYQiQ1JiWLyTBzmMwKuZip,4Xg9qDuEP1vMEwqMr2yWo92Yn9a7xZu5BNQBbXVfpump,0.0002404,41.81,0.2445095168374817,34358.54,36087.05,h1
2026-08-19T10:20:00+00:00,ZARD/ETH,CHARIZARD,robinhood,uniswap,0xfc0a05c97ebc39c8e1b7f4b133c7a107632a062fa796e62283cce678b03f52fe,0x53e987cd9F8Ee984d999d1fb0b0DFd98E81d0528,3.045e-05,11.89,0.1818181818181818,6755.2,19595.64,h1
2026-08-19T10:20:00+00:00,ANSEMSZN/SOL,Ansem Season,solana,pumpswap,EfZSY5rEbGymT6zfBiovR6ty9GosqjEs6bs6hmTkrv1c,5gkuTAKAskEhhc1D6ACtF6mmstfCg2Ldm5qT4C84pump,8.355e-05,-29.78,0.174784432533209,122079.12,24928.18,h1
2026-08-19T10:20:00+00:00,SOLUG/SOL,Solug,solana,pumpswap,HyPxvGY6wr3f2osi5NDAnAZ2W8wJ185yUKMy37SbHWvC,FJBWgfc8wdEeUc2n7BN9EcmEJQUauvvpp9ZXvmF2pump,0.0005808,32.35,0.1737875288683602,187199.61,60129.43,h1
2026-08-19T10:20:00+00:00,NLYRA/WETH,Neron Lyra,robinhood,uniswap,0x483C24d1e36Df01b650F1E9BEEB2a1c31C005C39,0xB9d3824149aD8ac984153CeEc91D5a2405d1FB95,6.251e-05,2.93,0.1428571428571428,568.67,22984.25,h1
2026-08-19T10:20:00+00:00,BABYANSEM/SOL,The Black Baby Bull,solana,pumpswap,Hwf7k8jtKJS4gGFg7DTmiaBuGgoejktCSQiXeTkW1S1s,9HNEutCZLoo6GZWQTmAgVvbtmLGV1mdeR8X3HWTooYXt,0.0002186,-19.61,-0.0042918454935622,9689.8,34531.22,h1
2026-08-19T10:20:00+00:00,IF/WETH,What If,robinhood,uniswap,0x39A200271525E9641e799127bdAB299DAeF21953,0x232CDFc415D10b673845D83Dc02ba2eaBe7e30d1,0.01374,3.82,-0.0612244897959183,14524.75,488176.76,h1
2026-08-19T10:20:00+00:00,LEMON/WETH,Lemon.fun,robinhood,uniswap,0x01fe057d1C5FB09A4ac02860758DDf26Df9336B5,0xf0E17e54239CD945Cd7bEa471a3a2CA6a8C7f7A3,0.001117,5.27,-0.0714285714285714,4108.43,155059.19,h1
2026-08-19T10:20:00+00:00,SOLCAT/SOL,SOLCAT,solana,pumpswap,F8RP1gi6qRoZi9xNYJZRmhXFhpmucUc9CoZR3hRuBzUF,4skFA8FequaJV8Zd3njafvMvmX4yVbnzmBRo4jXVpump,0.0002245,9.68,0.0311004784688995,6419.18,38523.57,h1
2026-08-19T10:20:00+00:00,DOGEZILL/ETH,Dogezilla,robinhood,uniswap,0x304e60db5e404dccd349fe4f9b9859f3028f714d0a4409ad9ad4d2d36aa02574,0xBaF83f1A1774BB3f24779E9DdDc6A80Fa9250045,0.0002957,-49.31,-0.4717477003942181,36452.55,71809.23,h1
2026-08-19T10:20:00+00:00,ZBULL/SOL,Z500 Bull,solana,pumpswap,4d1zHqd7puCebM8jG8KmgK4rYLDc1gcY389WNm5s4xu8,FqBzU27KvwRKki7ZLzVMBgtKaVjdE64nfEkL1An1pump,1.574e-06,-0.28,-0.2,4.12,1700.79,h1
2026-08-19T10:20:00+00:00,CGX/SOL,CryptoGDEX,solana,pumpswap,7n9drBwKK4LxgW8kVhx8VZw8FaGupjJH6ebhyNDXj9XB,6E8fPgsBvwjGRHcoeLUW8iugy736SKo54VvYLbYMpump,0.0001613,-17.14,-0.5,1585.94,28448.83,h1
2026-08-19T10:20:00+00:00,PANTS/SOL,dogwifpants,solana,pumpswap,6tMVLioTrzW65RWRAftNWPSf1JikYWRVsP87w9h9em2a,FtateF34Xzawa91bpbVNdX72hZYo9cymRDYqBreHHbJi,0.0001733,439.0,0.0323228267416181,313797.26,29899.48,h1
2026-08-19T10:20:00+00:00,GUH/ETH,guh,robinhood,uniswap,0xa0736f92854c6ef707d8c50ad106a93a1166d6497012db3e25b1d494d0a9b97d,0x601d03F379303C2ca5c2D8711B22CB96b294f3d7,0.0002064,9.37,-0.375,1289.6,105280.32,h1
2026-08-19T10:20:00+00:00,SAME/SOL,We're the Same,solana,pumpswap,6ATBRU6GYBP1DWB6XEjdUww8vB8HLVNi1ToMxLnrFjyr,CU5e2iqWkXKrEHrg6fgoV6uqptEWL9M98oeU4skpump,0.0005128,77.09,-0.2342342342342342,18217.18,60805.85,h1
2026-08-19T10:20:00+00:00,CATSEYE/SOL,CATSEYE,solana,pumpswap,AXNo7fLEPFEKR8zmjkeoUJhj3bcWE1PnycufUw1veLPr,7TGno7LGF4mJHT1mvBMsthaEmavcKM5H8ojXCVcJpump,5.459e-06,-4.97,-0.75,72.36,4163.98,h1
2026-08-19T10:20:00+00:00,QBULL/SOL,Qenis Bull,solana,pumpswap,D9qPYEdmS34LtVSNVRHxQ36t5Md5GNPVkbATNUCP8mQU,8sxdRtLdtaYdHis1VSkCJoZUNVZXiaEKEUomzPRTpump,1.493e-06,-3.1,-1.0,30.05,1542.57,h1
2026-08-19T10:20:00+00:00,MEMESLY/SOL,MEMESLY,solana,pumpswap,Ayk5yA1PTkjgwn3My9ERGyT55t3Dinyf9zfDFVSuimSb,6ZC5kpZf9kLfxwMc4QVZfGJksTLrZQUTmKJCDaaopump,3.056e-05,-0.81,-1.0,14.25,11535.67,h1
2026-08-19T10:26:00+00:00,GOKU/SOL,Raj Goku,solana,pumpswap,8nkY4EvYR2JJeyNZEQQoHNXz4v5AEqbrj6t1yhXwtmkD,8nQiFQVVrqs2om3DjeUqVECg3qDYyMjREC6AzFWyGoKU,1.968e-06,-92.91,-0.109090909090909,15789.12,1914.68,h1
2026-08-19T10:26:00+00:00,UTANG/SOL,UTANG,solana,pumpswap,HsVXAyoM24AKSq3xdKeR4aDFJ9gKZAN8JNcguj9zHvnn,3CCGVkwXXTQLDL3HUqV2fBBzazHopMrWYgqU5wvvpump,1.485e-06,-98.87,-0.1893491124260355,36157.2,1508.37,h1
2026-08-19T10:26:00+00:00,NEWBIE/SOL,Newbie,solana,pumpswap,CcfmG8AruateK12bhMo2BHNYQiQ1JiWLyTBzmMwKuZip,4Xg9qDuEP1vMEwqMr2yWo92Yn9a7xZu5BNQBbXVfpump,0.0002349,42.8,0.2605263157894736,37685.84,35654.97,h1
2026-08-19T10:26:00+00:00,ZARD/ETH,CHARIZARD,robinhood,uniswap,0xfc0a05c97ebc39c8e1b7f4b133c7a107632a062fa796e62283cce678b03f52fe,0x53e987cd9F8Ee984d999d1fb0b0DFd98E81d0528,3.037e-05,10.07,0.1875,6662.83,19559.65,h1
2026-08-19T10:26:00+00:00,ANSEMSZN/SOL,Ansem Season,solana,pumpswap,EfZSY5rEbGymT6zfBiovR6ty9GosqjEs6bs6hmTkrv1c,5gkuTAKAskEhhc1D6ACtF6mmstfCg2Ldm5qT4C84pump,9.13e-05,-35.82,0.1359279362512992,115345.67,26129.27,h1
2026-08-19T10:26:00+00:00,SOLUG/SOL,Solug,solana,pumpswap,HyPxvGY6wr3f2osi5NDAnAZ2W8wJ185yUKMy37SbHWvC,FJBWgfc8wdEeUc2n7BN9EcmEJQUauvvpp9ZXvmF2pump,0.0006486,34.88,0.1703918722786647,191939.14,63657.44,h1
2026-08-19T10:26:00+00:00,NLYRA/WETH,Neron Lyra,robinhood,uniswap,0x483C24d1e36Df01b650F1E9BEEB2a1c31C005C39,0xB9d3824149aD8ac984153CeEc91D5a2405d1FB95,6.251e-05,2.93,0.1428571428571428,568.67,22984.25,h1
2026-08-19T10:26:00+00:00,IF/WETH,What If,robinhood,uniswap,0x39A200271525E9641e799127bdAB299DAeF21953,0x232CDFc415D10b673845D83Dc02ba2eaBe7e30d1,0.01377,4.34,-0.0188679245283018,14896.46,488738.04,h1
2026-08-19T10:26:00+00:00,BABYANSEM/SOL,The Black Baby Bull,solana,pumpswap,Hwf7k8jtKJS4gGFg7DTmiaBuGgoejktCSQiXeTkW1S1s,9HNEutCZLoo6GZWQTmAgVvbtmLGV1mdeR8X3HWTooYXt,0.000223,-16.06,0.0095238095238095,6925.28,34887.1,h1
2026-08-19T10:26:00+00:00,SOLCAT/SOL,SOLCAT,solana,pumpswap,F8RP1gi6qRoZi9xNYJZRmhXFhpmucUc9CoZR3hRuBzUF,4skFA8FequaJV8Zd3njafvMvmX4yVbnzmBRo4jXVpump,0.0002268,9.76,0.037037037037037,6277.36,38711.34,h1
2026-08-19T10:26:00+00:00,LEMON/WETH,Lemon.fun,robinhood,uniswap,0x01fe057d1C5FB09A4ac02860758DDf26Df9336B5,0xf0E17e54239CD945Cd7bEa471a3a2CA6a8C7f7A3,0.001116,5.23,-0.1428571428571428,4077.03,155005.3,h1
2026-08-19T10:26:00+00:00,DOGEZILL/ETH,Dogezilla,robinhood,uniswap,0x304e60db5e404dccd349fe4f9b9859f3028f714d0a4409ad9ad4d2d36aa02574,0xBaF83f1A1774BB3f24779E9DdDc6A80Fa9250045,0.0002963,-45.45,-0.3981762917933131,30018.91,71875.58,h1
2026-08-19T10:26:00+00:00,PANTS/SOL,dogwifpants,solana,pumpswap,6tMVLioTrzW65RWRAftNWPSf1JikYWRVsP87w9h9em2a,FtateF34Xzawa91bpbVNdX72hZYo9cymRDYqBreHHbJi,0.0001476,359.0,0.0270170244263508,336501.68,27522.79,h1
2026-08-19T10:26:00+00:00,CGX/SOL,CryptoGDEX,solana,pumpswap,7n9drBwKK4LxgW8kVhx8VZw8FaGupjJH6ebhyNDXj9XB,6E8fPgsBvwjGRHcoeLUW8iugy736SKo54VvYLbYMpump,0.0001613,-8.32,-0.4285714285714285,878.06,28448.83,h1
2026-08-19T10:26:00+00:00,GUH/ETH,guh,robinhood,uniswap,0xa0736f92854c6ef707d8c50ad106a93a1166d6497012db3e25b1d494d0a9b97d,0x601d03F379303C2ca5c2D8711B22CB96b294f3d7,0.0002064,9.37,-0.375,1289.6,105280.32,h1
2026-08-19T10:26:00+00:00,SAME/SOL,We're the Same,solana,pumpswap,6ATBRU6GYBP1DWB6XEjdUww8vB8HLVNi1ToMxLnrFjyr,CU5e2iqWkXKrEHrg6fgoV6uqptEWL9M98oeU4skpump,0.0004755,71.35,-0.2112676056338028,18929.29,58490.08,h1
2026-08-19T10:26:00+00:00,ZBULL/SOL,Z500 Bull,solana,pumpswap,4d1zHqd7puCebM8jG8KmgK4rYLDc1gcY389WNm5s4xu8,FqBzU27KvwRKki7ZLzVMBgtKaVjdE64nfEkL1An1pump,1.57e-06,-0.37,-0.6,5.21,1696.57,h1
2026-08-19T10:26:00+00:00,CATSEYE/SOL,CATSEYE,solana,pumpswap,AXNo7fLEPFEKR8zmjkeoUJhj3bcWE1PnycufUw1veLPr,7TGno7LGF4mJHT1mvBMsthaEmavcKM5H8ojXCVcJpump,5.45e-06,-5.11,-0.7777777777777778,72.75,4159.89,h1
2026-08-19T10:26:00+00:00,MEMESLY/SOL,MEMESLY,solana,pumpswap,Ayk5yA1PTkjgwn3My9ERGyT55t3Dinyf9zfDFVSuimSb,6ZC5kpZf9kLfxwMc4QVZfGJksTLrZQUTmKJCDaaopump,3.027e-05,-1.75,-1.0,71.67,11473.87,h1
2026-08-19T10:26:00+00:00,QBULL/SOL,Qenis Bull,solana,pumpswap,D9qPYEdmS34LtVSNVRHxQ36t5Md5GNPVkbATNUCP8mQU,8sxdRtLdtaYdHis1VSkCJoZUNVZXiaEKEUomzPRTpump,1.493e-06,-3.1,-1.0,30.05,1542.57,h1
2026-08-19T10:28:00+00:00,GOKU/SOL,Raj Goku,solana,pumpswap,8nkY4EvYR2JJeyNZEQQoHNXz4v5AEqbrj6t1yhXwtmkD,8nQiFQVVrqs2om3DjeUqVECg3qDYyMjREC6AzFWyGoKU,2.001e-06,-92.1,-0.085995085995086,15120.17,1941.92,h1
2026-08-19T10:28:00+00:00,UTANG/SOL,UTANG,solana,pumpswap,HsVXAyoM24AKSq3xdKeR4aDFJ9gKZAN8JNcguj9zHvnn,3CCGVkwXXTQLDL3HUqV2fBBzazHopMrWYgqU5wvvpump,1.485e-06,-98.53,-0.2144026186579378,31183.82,1508.37,h1
2026-08-19T10:28:00+00:00,ZARD/ETH,CHARIZARD,robinhood,uniswap,0xfc0a05c97ebc39c8e1b7f4b133c7a107632a062fa796e62283cce678b03f52fe,0x53e987cd9F8Ee984d999d1fb0b0DFd98E81d0528,3.044e-05,10.35,0.2,6683.62,19585.11,h1
2026-08-19T10:28:00+00:00,ANSEMSZN/SOL,Ansem Season,solana,pumpswap,EfZSY5rEbGymT6zfBiovR6ty9GosqjEs6bs6hmTkrv1c,5gkuTAKAskEhhc1D6ACtF6mmstfCg2Ldm5qT4C84pump,9.105e-05,-37.1,0.13625971650663,115677.49,26095.43,h1
2026-08-19T10:28:00+00:00,NEWBIE/SOL,Newbie,solana,pumpswap,CcfmG8AruateK12bhMo2BHNYQiQ1JiWLyTBzmMwKuZip,4Xg9qDuEP1vMEwqMr2yWo92Yn9a7xZu5BNQBbXVfpump,0.0002358,43.95,0.2496765847347994,38621.87,35726.25,h1
2026-08-19T10:28:00+00:00,SOLUG/SOL,Solug,solana,pumpswap,HyPxvGY6wr3f2osi5NDAnAZ2W8wJ185yUKMy37SbHWvC,FJBWgfc8wdEeUc2n7BN9EcmEJQUauvvpp9ZXvmF2pump,0.000642,29.21,0.1731875719217491,192742.96,63330.04,h1
2026-08-19T10:28:00+00:00,NLYRA/WETH,Neron Lyra,robinhood,uniswap,0x483C24d1e36Df01b650F1E9BEEB2a1c31C005C39,0xB9d3824149aD8ac984153CeEc91D5a2405d1FB95,6.251e-05,2.93,0.1428571428571428,568.67,22984.25,h1
2026-08-19T10:28:00+00:00,IF/WETH,What If,robinhood,uniswap,0x39A200271525E9641e799127bdAB299DAeF21953,0x232CDFc415D10b673845D83Dc02ba2eaBe7e30d1,0.01378,4.28,-0.0204081632653061,14505.27,488669.39,h1
2026-08-19T10:28:00+00:00,BABYANSEM/SOL,The Black Baby Bull,solana,pumpswap,Hwf7k8jtKJS4gGFg7DTmiaBuGgoejktCSQiXeTkW1S1s,9HNEutCZLoo6GZWQTmAgVvbtmLGV1mdeR8X3HWTooYXt,0.0002236,-14.6,0.0185185185185185,7637.42,34925.39,h1
2026-08-19T10:28:00+00:00,SOLCAT/SOL,SOLCAT,solana,pumpswap,F8RP1gi6qRoZi9xNYJZRmhXFhpmucUc9CoZR3hRuBzUF,4skFA8FequaJV8Zd3njafvMvmX4yVbnzmBRo4jXVpump,0.0002274,8.06,0.0376,6287.21,38762.37,h1
2026-08-19T10:28:00+00:00,LEMON/WETH,Lemon.fun,robinhood,uniswap,0x01fe057d1C5FB09A4ac02860758DDf26Df9336B5,0xf0E17e54239CD945Cd7bEa471a3a2CA6a8C7f7A3,0.001118,5.46,-0.087719298245614,4176.38,155109.59,h1
2026-08-19T10:28:00+00:00,DOGEZILL/ETH,Dogezilla,robinhood,uniswap,0x304e60db5e404dccd349fe4f9b9859f3028f714d0a4409ad9ad4d2d36aa02574,0xBaF83f1A1774BB3f24779E9DdDc6A80Fa9250045,0.0002936,-48.84,-0.3981762917933131,28021.12,71511.67,h1
2026-08-19T10:28:00+00:00,PANTS/SOL,dogwifpants,solana,pumpswap,6tMVLioTrzW65RWRAftNWPSf1JikYWRVsP87w9h9em2a,FtateF34Xzawa91bpbVNdX72hZYo9cymRDYqBreHHbJi,0.0001419,342.0,0.0232728605460875,338457.8,26971.1,h1
2026-08-19T10:28:00+00:00,ZBULL/SOL,Z500 Bull,solana,pumpswap,4d1zHqd7puCebM8jG8KmgK4rYLDc1gcY389WNm5s4xu8,FqBzU27KvwRKki7ZLzVMBgtKaVjdE64nfEkL1An1pump,1.588e-06,0.82,-0.3333333333333333,6.47,1714.58,h1
2026-08-19T10:28:00+00:00,GUH/ETH,guh,robinhood,uniswap,0xa0736f92854c6ef707d8c50ad106a93a1166d6497012db3e25b1d494d0a9b97d,0x601d03F379303C2ca5c2D8711B22CB96b294f3d7,0.0002064,9.37,-0.375,1289.6,105280.32,h1
2026-08-19T10:28:00+00:00,CGX/SOL,CryptoGDEX,solana,pumpswap,7n9drBwKK4LxgW8kVhx8VZw8FaGupjJH6ebhyNDXj9XB,6E8fPgsBvwjGRHcoeLUW8iugy736SKo54VvYLbYMpump,0.0001613,-9.36,-0.5,873.53,28448.83,h1
2026-08-19T10:28:00+00:00,SAME/SOL,We're the Same,solana,pumpswap,6ATBRU6GYBP1DWB6XEjdUww8vB8HLVNi1ToMxLnrFjyr,CU5e2iqWkXKrEHrg6fgoV6uqptEWL9M98oeU4skpump,0.000467,45.58,-0.2727272727272727,16435.87,57942.31,h1
2026-08-19T10:28:00+00:00,CATSEYE/SOL,CATSEYE,solana,pumpswap,AXNo7fLEPFEKR8zmjkeoUJhj3bcWE1PnycufUw1veLPr,7TGno7LGF4mJHT1mvBMsthaEmavcKM5H8ojXCVcJpump,5.45e-06,-5.11,-0.7777777777777778,72.75,4159.89,h1
2026-08-19T10:28:00+00:00,MEMESLY/SOL,MEMESLY,solana,pumpswap,Ayk5yA1PTkjgwn3My9ERGyT55t3Dinyf9zfDFVSuimSb,6ZC5kpZf9kLfxwMc4QVZfGJksTLrZQUTmKJCDaaopump,3.027e-05,-1.75,-1.0,71.67,11473.87,h1
2026-08-19T10:28:00+00:00,QBULL/SOL,Qenis Bull,solana,pumpswap,D9qPYEdmS34LtVSNVRHxQ36t5Md5GNPVkbATNUCP8mQU,8sxdRtLdtaYdHis1VSkCJoZUNVZXiaEKEUomzPRTpump,1.493e-06,-3.1,-1.0,30.05,1542.57,h1
2026-08-19T10:34:00+00:00,GOKU/SOL,Raj Goku,solana,pumpswap,8nkY4EvYR2JJeyNZEQQoHNXz4v5AEqbrj6t1yhXwtmkD,8nQiFQVVrqs2om3DjeUqVECg3qDYyMjREC6AzFWyGoKU,1.965e-06,-90.41,-0.0357142857142857,13120.74,1911.56,h1
2026-08-19T10:34:00+00:00,UTANG/SOL,UTANG,solana,pumpswap,HsVXAyoM24AKSq3xdKeR4aDFJ9gKZAN8JNcguj9zHvnn,3CCGVkwXXTQLDL3HUqV2fBBzazHopMrWYgqU5wvvpump,1.485e-06,-98.75,-0.3062098501070663,25211.77,1508.37,h1
2026-08-19T10:34:00+00:00,PANTS/SOL,dogwifpants,solana,pumpswap,6tMVLioTrzW65RWRAftNWPSf1JikYWRVsP87w9h9em2a,FtateF34Xzawa91bpbVNdX72hZYo9cymRDYqBreHHbJi,0.0001751,45.41,0.017293635229096,350839.59,30177.25,h1
2026-08-19T10:34:00+00:00,SOLUG/SOL,Solug,solana,pumpswap,HyPxvGY6wr3f2osi5NDAnAZ2W8wJ185yUKMy37SbHWvC,FJBWgfc8wdEeUc2n7BN9EcmEJQUauvvpp9ZXvmF2pump,0.000641,10.45,0.1785304247990815,190941.94,63322.27,h1
2026-08-19T10:34:00+00:00,ANSEMSZN/SOL,Ansem Season,solana,pumpswap,EfZSY5rEbGymT6zfBiovR6ty9GosqjEs6bs6hmTkrv1c,5gkuTAKAskEhhc1D6ACtF6mmstfCg2Ldm5qT4C84pump,9.062e-05,-6.92,0.1382313532827155,111760.41,26050.5,h1
2026-08-19T10:34:00+00:00,ZARD/ETH,CHARIZARD,robinhood,uniswap,0xfc0a05c97ebc39c8e1b7f4b133c7a107632a062fa796e62283cce678b03f52fe,0x53e987cd9F8Ee984d999d1fb0b0DFd98E81d0528,3.044e-05,18.4,0.2413793103448276,5629.97,19585.11,h1
2026-08-19T10:34:00+00:00,NLYRA/WETH,Neron Lyra,robinhood,uniswap,0x483C24d1e36Df01b650F1E9BEEB2a1c31C005C39,0xB9d3824149aD8ac984153CeEc91D5a2405d1FB95,6.251e-05,2.93,0.1428571428571428,568.67,22984.25,h1
2026-08-19T10:34:00+00:00,DOGEZILL/ETH,Dogezilla,robinhood,uniswap,0x304e60db5e404dccd349fe4f9b9859f3028f714d0a4409ad9ad4d2d36aa02574,0xBaF83f1A1774BB3f24779E9DdDc6A80Fa9250045,0.0003865,-31.26,-0.3352601156069364,33975.06,82798.49,h1
2026-08-19T10:34:00+00:00,BABYANSEM/SOL,The Black Baby Bull,solana,pumpswap,Hwf7k8jtKJS4gGFg7DTmiaBuGgoejktCSQiXeTkW1S1s,9HNEutCZLoo6GZWQTmAgVvbtmLGV1mdeR8X3HWTooYXt,0.0002252,-5.37,0.0485436893203883,6336.05,35064.97,h1
2026-08-19T10:34:00+00:00,NEWBIE/SOL,Newbie,solana,pumpswap,CcfmG8AruateK12bhMo2BHNYQiQ1JiWLyTBzmMwKuZip,4Xg9qDuEP1vMEwqMr2yWo92Yn9a7xZu5BNQBbXVfpump,0.0002419,47.26,0.2262958280657395,39223.24,36206.65,h1
2026-08-19T10:34:00+00:00,IF/WETH,What If,robinhood,uniswap,0x39A200271525E9641e799127bdAB299DAeF21953,0x232CDFc415D10b673845D83Dc02ba2eaBe7e30d1,0.01377,4.34,-0.0769230769230769,14487.82,488723.69,h1
2026-08-19T10:34:00+00:00,SOLCAT/SOL,SOLCAT,solana,pumpswap,F8RP1gi6qRoZi9xNYJZRmhXFhpmucUc9CoZR3hRuBzUF,4skFA8FequaJV8Zd3njafvMvmX4yVbnzmBRo4jXVpump,0.0002255,4.75,0.0364842454394693,6005.72,38602.33,h1
2026-08-19T10:34:00+00:00,LEMON/WETH,Lemon.fun,robinhood,uniswap,0x01fe057d1C5FB09A4ac02860758DDf26Df9336B5,0xf0E17e54239CD945Cd7bEa471a3a2CA6a8C7f7A3,0.001121,4.78,-0.1228070175438596,3797.73,155309.4,h1
2026-08-19T10:34:00+00:00,SAME/SOL,We're the Same,solana,pumpswap,6ATBRU6GYBP1DWB6XEjdUww8vB8HLVNi1ToMxLnrFjyr,CU5e2iqWkXKrEHrg6fgoV6uqptEWL9M98oeU4skpump,0.000473,1.69,-0.2954545454545454,10652.46,58333.58,h1
2026-08-19T10:34:00+00:00,ZBULL/SOL,Z500 Bull,solana,pumpswap,4d1zHqd7puCebM8jG8KmgK4rYLDc1gcY389WNm5s4xu8,FqBzU27KvwRKki7ZLzVMBgtKaVjdE64nfEkL1An1pump,1.569e-06,-0.43,-0.3333333333333333,10.95,1695.43,h1
2026-08-19T10:34:00+00:00,CGX/SOL,CryptoGDEX,solana,pumpswap,7n9drBwKK4LxgW8kVhx8VZw8FaGupjJH6ebhyNDXj9XB,6E8fPgsBvwjGRHcoeLUW8iugy736SKo54VvYLbYMpump,0.000165,-7.82,-0.5384615384615384,998.74,28778.54,h1
2026-08-19T10:34:00+00:00,GUH/ETH,guh,robinhood,uniswap,0xa0736f92854c6ef707d8c50ad106a93a1166d6497012db3e25b1d494d0a9b97d,0x601d03F379303C2ca5c2D8711B22CB96b294f3d7,0.0002048,9.19,-0.3333333333333333,1311.54,104733.3,h1
2026-08-19T10:34:00+00:00,CATSEYE/SOL,CATSEYE,solana,pumpswap,AXNo7fLEPFEKR8zmjkeoUJhj3bcWE1PnycufUw1veLPr,7TGno7LGF4mJHT1mvBMsthaEmavcKM5H8ojXCVcJpump,5.42e-06,-5.65,-0.6363636363636364,108.2,4143.22,h1
2026-08-19T10:34:00+00:00,MEMESLY/SOL,MEMESLY,solana,pumpswap,Ayk5yA1PTkjgwn3My9ERGyT55t3Dinyf9zfDFVSuimSb,6ZC5kpZf9kLfxwMc4QVZfGJksTLrZQUTmKJCDaaopump,2.924e-05,-5.09,-1.0,227.53,11251.28,h1
2026-08-19T10:34:00+00:00,QBULL/SOL,Qenis Bull,solana,pumpswap,D9qPYEdmS34LtVSNVRHxQ36t5Md5GNPVkbATNUCP8mQU,8sxdRtLdtaYdHis1VSkCJoZUNVZXiaEKEUomzPRTpump,1.493e-06,-3.1,-1.0,30.05,1542.57,h1
2026-08-19T13:14:00+00:00,ANSEMSZN/SOL,Ansem Season,solana,pumpswap,EfZSY5rEbGymT6zfBiovR6ty9GosqjEs6bs6hmTkrv1c,5gkuTAKAskEhhc1D6ACtF6mmstfCg2Ldm5qT4C84pump,3.391e-06,-98.58,0.8985915492957747,708.0,3990.91,h1
2026-08-19T13:14:00+00:00,SOLUG/SOL,Solug,solana,pumpswap,HyPxvGY6wr3f2osi5NDAnAZ2W8wJ185yUKMy37SbHWvC,FJBWgfc8wdEeUc2n7BN9EcmEJQUauvvpp9ZXvmF2pump,0.0004082,-26.69,0.3640296662546353,129536.05,51323.22,h1
2026-08-19T13:14:00+00:00,SOLCAT/SOL,SOLCAT,solana,pumpswap,F8RP1gi6qRoZi9xNYJZRmhXFhpmucUc9CoZR3hRuBzUF,4skFA8FequaJV8Zd3njafvMvmX4yVbnzmBRo4jXVpump,6.873e-05,-57.47,0.0065019505851755,17367.09,20878.25,h1
2026-08-19T13:14:00+00:00,MILADY/ETH,Milady,robinhood,uniswap,0x9fe54a1e5f52c20e2e99950ced51d6bea2011d532487a225ea77ebf57790caa7,0xD9921b0043D9370E1E80dd8E55DAfaA5B043080d,3.06e-05,16.69,0.1055900621118012,16633.98,19871.52,h1
2026-08-19T13:14:00+00:00,BABYANSEM/SOL,The Black Baby Bull,solana,pumpswap,Hwf7k8jtKJS4gGFg7DTmiaBuGgoejktCSQiXeTkW1S1s,9HNEutCZLoo6GZWQTmAgVvbtmLGV1mdeR8X3HWTooYXt,0.0001656,-30.23,-0.018450184501845,25260.48,30172.84,h1
2026-08-19T13:14:00+00:00,ZARD/ETH,CHARIZARD,robinhood,uniswap,0xfc0a05c97ebc39c8e1b7f4b133c7a107632a062fa796e62283cce678b03f52fe,0x53e987cd9F8Ee984d999d1fb0b0DFd98E81d0528,2.523e-05,-3.64,0.175438596491228,7506.28,17496.76,h1
2026-08-19T13:14:00+00:00,PANTS/SOL,dogwifpants,solana,pumpswap,6tMVLioTrzW65RWRAftNWPSf1JikYWRVsP87w9h9em2a,FtateF34Xzawa91bpbVNdX72hZYo9cymRDYqBreHHbJi,0.0002232,-1.19,0.0484848484848484,44235.5,34941.3,h1
2026-08-19T13:14:00+00:00,NEWBIE/SOL,Newbie,solana,pumpswap,CcfmG8AruateK12bhMo2BHNYQiQ1JiWLyTBzmMwKuZip,4Xg9qDuEP1vMEwqMr2yWo92Yn9a7xZu5BNQBbXVfpump,0.0004239,29.41,0.2567375886524822,62797.0,48962.57,h1
2026-08-19T13:14:00+00:00,CATSEYE/SOL,CATSEYE,solana,pumpswap,AXNo7fLEPFEKR8zmjkeoUJhj3bcWE1PnycufUw1veLPr,7TGno7LGF4mJHT1mvBMsthaEmavcKM5H8ojXCVcJpump,4.85e-06,-7.7,0.1428571428571428,171.11,3864.38,h1
2026-08-19T13:14:00+00:00,IF/WETH,What If,robinhood,uniswap,0x39A200271525E9641e799127bdAB299DAeF21953,0x232CDFc415D10b673845D83Dc02ba2eaBe7e30d1,0.0132,-4.77,-0.1290322580645161,17185.59,491309.45,h1
2026-08-19T13:14:00+00:00,NLYRA/WETH,Neron Lyra,robinhood,uniswap,0x483C24d1e36Df01b650F1E9BEEB2a1c31C005C39,0xB9d3824149aD8ac984153CeEc91D5a2405d1FB95,6.431e-05,6.14,0.0909090909090909,646.44,23457.48,h1
2026-08-19T13:14:00+00:00,CGX/SOL,CryptoGDEX,solana,pumpswap,7n9drBwKK4LxgW8kVhx8VZw8FaGupjJH6ebhyNDXj9XB,6E8fPgsBvwjGRHcoeLUW8iugy736SKo54VvYLbYMpump,0.0001851,11.2,0.0,1845.3,30755.39,h1
2026-08-19T13:14:00+00:00,ZBULL/SOL,Z500 Bull,solana,pumpswap,4d1zHqd7puCebM8jG8KmgK4rYLDc1gcY389WNm5s4xu8,FqBzU27KvwRKki7ZLzVMBgtKaVjdE64nfEkL1An1pump,1.568e-06,-1.04,0.0,21.72,1695.57,h1
2026-08-19T13:14:00+00:00,QBULL/SOL,Qenis Bull,solana,pumpswap,D9qPYEdmS34LtVSNVRHxQ36t5Md5GNPVkbATNUCP8mQU,8sxdRtLdtaYdHis1VSkCJoZUNVZXiaEKEUomzPRTpump,1.482e-06,0.0,0.0,0.0,1532.73,h1
2026-08-19T13:14:00+00:00,LEMON/WETH,Lemon.fun,robinhood,uniswap,0x01fe057d1C5FB09A4ac02860758DDf26Df9336B5,0xf0E17e54239CD945Cd7bEa471a3a2CA6a8C7f7A3,0.00112,0.77,-0.3225806451612903,6309.23,160917.96,h1
2026-08-19T13:14:00+00:00,GUH/ETH,guh,robinhood,uniswap,0xa0736f92854c6ef707d8c50ad106a93a1166d6497012db3e25b1d494d0a9b97d,0x601d03F379303C2ca5c2D8711B22CB96b294f3d7,0.0001193,-8.28,-0.4054054054054054,3573.34,75550.27,h1
2026-08-19T13:14:00+00:00,GOKU/SOL,Raj Goku,solana,pumpswap,8nkY4EvYR2JJeyNZEQQoHNXz4v5AEqbrj6t1yhXwtmkD,8nQiFQVVrqs2om3DjeUqVECg3qDYyMjREC6AzFWyGoKU,1.93e-06,-8.64,-0.4285714285714285,83.36,1885.55,h1
2026-08-19T13:14:00+00:00,DOGEZILL/ETH,Dogezilla,robinhood,uniswap,0x304e60db5e404dccd349fe4f9b9859f3028f714d0a4409ad9ad4d2d36aa02574,0xBaF83f1A1774BB3f24779E9DdDc6A80Fa9250045,1.071e-05,73.71,0.5035971223021583,12493.64,9830.29,h1
2026-08-19T13:14:00+00:00,MEMESLY/SOL,MEMESLY,solana,pumpswap,Ayk5yA1PTkjgwn3My9ERGyT55t3Dinyf9zfDFVSuimSb,6ZC5kpZf9kLfxwMc4QVZfGJksTLrZQUTmKJCDaaopump,2.648e-05,-4.59,-1.0,188.41,10712.02,h1
2026-08-19T13:14:00+00:00,UTANG/SOL,UTANG,solana,pumpswap,HsVXAyoM24AKSq3xdKeR4aDFJ9gKZAN8JNcguj9zHvnn,3CCGVkwXXTQLDL3HUqV2fBBzazHopMrWYgqU5wvvpump,1.483e-06,-2.91,-1.0,24.75,1507.6,h1
2026-08-19T13:17:00+00:00,ANSEMSZN/SOL,Ansem Season,solana,pumpswap,EfZSY5rEbGymT6zfBiovR6ty9GosqjEs6bs6hmTkrv1c,5gkuTAKAskEhhc1D6ACtF6mmstfCg2Ldm5qT4C84pump,3.358e-06,-98.59,0.8910162002945509,696.02,3965.29,h1
2026-08-19T13:17:00+00:00,SOLUG/SOL,Solug,solana,pumpswap,HyPxvGY6wr3f2osi5NDAnAZ2W8wJ185yUKMy37SbHWvC,FJBWgfc8wdEeUc2n7BN9EcmEJQUauvvpp9ZXvmF2pump,0.0003404,-32.13,0.3740786240786241,131164.7,46766.18,h1
2026-08-19T13:17:00+00:00,SOLCAT/SOL,SOLCAT,solana,pumpswap,F8RP1gi6qRoZi9xNYJZRmhXFhpmucUc9CoZR3hRuBzUF,4skFA8FequaJV8Zd3njafvMvmX4yVbnzmBRo4jXVpump,7.02e-05,-57.84,0.0093209054593874,17019.08,21117.88,h1
2026-08-19T13:17:00+00:00,BABYANSEM/SOL,The Black Baby Bull,solana,pumpswap,Hwf7k8jtKJS4gGFg7DTmiaBuGgoejktCSQiXeTkW1S1s,9HNEutCZLoo6GZWQTmAgVvbtmLGV1mdeR8X3HWTooYXt,0.0001447,-38.75,-0.0017452006980802,27277.69,28114.77,h1
2026-08-19T13:17:00+00:00,MILADY/ETH,Milady,robinhood,uniswap,0x9fe54a1e5f52c20e2e99950ced51d6bea2011d532487a225ea77ebf57790caa7,0xD9921b0043D9370E1E80dd8E55DAfaA5B043080d,3.06e-05,18.71,0.1025641025641025,16533.8,19871.52,h1
2026-08-19T13:17:00+00:00,ZARD/ETH,CHARIZARD,robinhood,uniswap,0xfc0a05c97ebc39c8e1b7f4b133c7a107632a062fa796e62283cce678b03f52fe,0x53e987cd9F8Ee984d999d1fb0b0DFd98E81d0528,2.514e-05,-9.87,0.0841121495327102,7179.56,17447.8,h1
2026-08-19T13:17:00+00:00,NEWBIE/SOL,Newbie,solana,pumpswap,CcfmG8AruateK12bhMo2BHNYQiQ1JiWLyTBzmMwKuZip,4Xg9qDuEP1vMEwqMr2yWo92Yn9a7xZu5BNQBbXVfpump,0.0004262,28.4,0.2607449856733524,58951.53,49094.22,h1
2026-08-19T13:17:00+00:00,CGX/SOL,CryptoGDEX,solana,pumpswap,7n9drBwKK4LxgW8kVhx8VZw8FaGupjJH6ebhyNDXj9XB,6E8fPgsBvwjGRHcoeLUW8iugy736SKo54VvYLbYMpump,0.00017,2.11,0.0,3045.49,29443.92,h1
2026-08-19T13:17:00+00:00,PANTS/SOL,dogwifpants,solana,pumpswap,6tMVLioTrzW65RWRAftNWPSf1JikYWRVsP87w9h9em2a,FtateF34Xzawa91bpbVNdX72hZYo9cymRDYqBreHHbJi,0.0002246,12.14,0.0319488817891373,42515.22,35045.16,h1
2026-08-19T13:17:00+00:00,CATSEYE/SOL,CATSEYE,solana,pumpswap,AXNo7fLEPFEKR8zmjkeoUJhj3bcWE1PnycufUw1veLPr,7TGno7LGF4mJHT1mvBMsthaEmavcKM5H8ojXCVcJpump,4.85e-06,-7.7,0.1428571428571428,171.11,3864.38,h1
2026-08-19T13:17:00+00:00,DOGEZILL/ETH,Dogezilla,robinhood,uniswap,0x304e60db5e404dccd349fe4f9b9859f3028f714d0a4409ad9ad4d2d36aa02574,0xBaF83f1A1774BB3f24779E9DdDc6A80Fa9250045,1.088e-05,20.59,0.5056179775280899,11517.39,9950.53,h1
2026-08-19T13:17:00+00:00,IF/WETH,What If,robinhood,uniswap,0x39A200271525E9641e799127bdAB299DAeF21953,0x232CDFc415D10b673845D83Dc02ba2eaBe7e30d1,0.01321,-4.76,-0.1428571428571428,17377.47,491570.31,h1
2026-08-19T13:17:00+00:00,NLYRA/WETH,Neron Lyra,robinhood,uniswap,0x483C24d1e36Df01b650F1E9BEEB2a1c31C005C39,0xB9d3824149aD8ac984153CeEc91D5a2405d1FB95,6.431e-05,6.14,0.0909090909090909,646.44,23457.48,h1
2026-08-19T13:17:00+00:00,QBULL/SOL,Qenis Bull,solana,pumpswap,D9qPYEdmS34LtVSNVRHxQ36t5Md5GNPVkbATNUCP8mQU,8sxdRtLdtaYdHis1VSkCJoZUNVZXiaEKEUomzPRTpump,1.482e-06,0.0,0.0,0.0,1532.73,h1
2026-08-19T13:17:00+00:00,LEMON/WETH,Lemon.fun,robinhood,uniswap,0x01fe057d1C5FB09A4ac02860758DDf26Df9336B5,0xf0E17e54239CD945Cd7bEa471a3a2CA6a8C7f7A3,0.001119,0.03,-0.3225806451612903,5911.31,160741.42,h1
2026-08-19T13:17:00+00:00,ZBULL/SOL,Z500 Bull,solana,pumpswap,4d1zHqd7puCebM8jG8KmgK4rYLDc1gcY389WNm5s4xu8,FqBzU27KvwRKki7ZLzVMBgtKaVjdE64nfEkL1An1pump,1.568e-06,-1.62,-0.1428571428571428,12.18,1695.57,h1
2026-08-19T13:17:00+00:00,GOKU/SOL,Raj Goku,solana,pumpswap,8nkY4EvYR2JJeyNZEQQoHNXz4v5AEqbrj6t1yhXwtmkD,8nQiFQVVrqs2om3DjeUqVECg3qDYyMjREC6AzFWyGoKU,1.93e-06,-8.64,-0.4285714285714285,83.36,1885.55,h1
2026-08-19T13:17:00+00:00,GUH/ETH,guh,robinhood,uniswap,0xa0736f92854c6ef707d8c50ad106a93a1166d6497012db3e25b1d494d0a9b97d,0x601d03F379303C2ca5c2D8711B22CB96b294f3d7,0.0001193,-3.69,-0.7037037037037037,2460.29,75550.27,h1
2026-08-19T13:17:00+00:00,MEMESLY/SOL,MEMESLY,solana,pumpswap,Ayk5yA1PTkjgwn3My9ERGyT55t3Dinyf9zfDFVSuimSb,6ZC5kpZf9kLfxwMc4QVZfGJksTLrZQUTmKJCDaaopump,2.586e-05,-5.83,-1.0,199.38,10566.47,h1
2026-08-19T13:17:00+00:00,UTANG/SOL,UTANG,solana,pumpswap,HsVXAyoM24AKSq3xdKeR4aDFJ9gKZAN8JNcguj9zHvnn,3CCGVkwXXTQLDL3HUqV2fBBzazHopMrWYgqU5wvvpump,1.483e-06,-2.91,-1.0,24.75,1507.6,h1
2026-08-19T13:19:00+00:00,ANSEMSZN/SOL,Ansem Season,solana,pumpswap,EfZSY5rEbGymT6zfBiovR6ty9GosqjEs6bs6hmTkrv1c,5gkuTAKAskEhhc1D6ACtF6mmstfCg2Ldm5qT4C84pump,3.33e-06,-98.6,0.8887122416534181,689.05,3943.87,h1
2026-08-19T13:19:00+00:00,SOLCAT/SOL,SOLCAT,solana,pumpswap,F8RP1gi6qRoZi9xNYJZRmhXFhpmucUc9CoZR3hRuBzUF,4skFA8FequaJV8Zd3njafvMvmX4yVbnzmBRo4jXVpump,7.353e-05,-55.87,0.0284237726098191,17318.2,21658.28,h1
2026-08-19T13:19:00+00:00,SOLUG/SOL,Solug,solana,pumpswap,HyPxvGY6wr3f2osi5NDAnAZ2W8wJ185yUKMy37SbHWvC,FJBWgfc8wdEeUc2n7BN9EcmEJQUauvvpp9ZXvmF2pump,0.0003393,-21.04,0.388050694025347,132700.97,46717.79,h1
2026-08-19T13:19:00+00:00,BABYANSEM/SOL,The Black Baby Bull,solana,pumpswap,Hwf7k8jtKJS4gGFg7DTmiaBuGgoejktCSQiXeTkW1S1s,9HNEutCZLoo6GZWQTmAgVvbtmLGV1mdeR8X3HWTooYXt,0.0001376,-39.62,0.0051457975986277,27999.13,27393.3,h1
2026-08-19T13:19:00+00:00,NEWBIE/SOL,Newbie,solana,pumpswap,CcfmG8AruateK12bhMo2BHNYQiQ1JiWLyTBzmMwKuZip,4Xg9qDuEP1vMEwqMr2yWo92Yn9a7xZu5BNQBbXVfpump,0.0003672,9.53,0.2346805736636245,66600.86,45512.15,h1
2026-08-19T13:19:00+00:00,ZARD/ETH,CHARIZARD,robinhood,uniswap,0xfc0a05c97ebc39c8e1b7f4b133c7a107632a062fa796e62283cce678b03f52fe,0x53e987cd9F8Ee984d999d1fb0b0DFd98E81d0528,2.514e-05,-9.92,0.0666666666666666,7176.8,17447.8,h1
2026-08-19T13:19:00+00:00,PANTS/SOL,dogwifpants,solana,pumpswap,6tMVLioTrzW65RWRAftNWPSf1JikYWRVsP87w9h9em2a,FtateF34Xzawa91bpbVNdX72hZYo9cymRDYqBreHHbJi,0.0002055,1.48,0.040880503144654,43347.61,33481.47,h1
2026-08-19T13:19:00+00:00,CGX/SOL,CryptoGDEX,solana,pumpswap,7n9drBwKK4LxgW8kVhx8VZw8FaGupjJH6ebhyNDXj9XB,6E8fPgsBvwjGRHcoeLUW8iugy736SKo54VvYLbYMpump,0.00017,4.11,0.0909090909090909,2939.22,29443.92,h1
2026-08-19T13:19:00+00:00,CATSEYE/SOL,CATSEYE,solana,pumpswap,AXNo7fLEPFEKR8zmjkeoUJhj3bcWE1PnycufUw1veLPr,7TGno7LGF4mJHT1mvBMsthaEmavcKM5H8ojXCVcJpump,4.868e-06,-7.35,0.25,176.01,3874.19,h1
2026-08-19T13:19:00+00:00,MILADY/ETH,Milady,robinhood,uniswap,0x9fe54a1e5f52c20e2e99950ced51d6bea2011d532487a225ea77ebf57790caa7,0xD9921b0043D9370E1E80dd8E55DAfaA5B043080d,3.06e-05,36.1,0.1278195488721804,13760.76,19871.52,h1
2026-08-19T13:19:00+00:00,NLYRA/WETH,Neron Lyra,robinhood,uniswap,0x483C24d1e36Df01b650F1E9BEEB2a1c31C005C39,0xB9d3824149aD8ac984153CeEc91D5a2405d1FB95,6.431e-05,6.16,0.2,646.03,23457.48,h1
2026-08-19T13:19:00+00:00,IF/WETH,What If,robinhood,uniswap,0x39A200271525E9641e799127bdAB299DAeF21953,0x232CDFc415D10b673845D83Dc02ba2eaBe7e30d1,0.0132,-4.91,-0.1515151515151515,17367.61,491032.55,h1
2026-08-19T13:19:00+00:00,DOGEZILL/ETH,Dogezilla,robinhood,uniswap,0x304e60db5e404dccd349fe4f9b9859f3028f714d0a4409ad9ad4d2d36aa02574,0xBaF83f1A1774BB3f24779E9DdDc6A80Fa9250045,1.131e-05,27.17,0.5217391304347826,12027.42,10239.39,h1
2026-08-19T13:19:00+00:00,ZBULL/SOL,Z500 Bull,solana,pumpswap,4d1zHqd7puCebM8jG8KmgK4rYLDc1gcY389WNm5s4xu8,FqBzU27KvwRKki7ZLzVMBgtKaVjdE64nfEkL1An1pump,1.568e-06,-0.33,0.0,2.35,1695.57,h1
2026-08-19T13:19:00+00:00,LEMON/WETH,Lemon.fun,robinhood,uniswap,0x01fe057d1C5FB09A4ac02860758DDf26Df9336B5,0xf0E17e54239CD945Cd7bEa471a3a2CA6a8C7f7A3,0.001133,0.6,-0.3015873015873015,6331.41,161865.27,h1
2026-08-19T13:19:00+00:00,QBULL/SOL,Qenis Bull,solana,pumpswap,D9qPYEdmS34LtVSNVRHxQ36t5Md5GNPVkbATNUCP8mQU,8sxdRtLdtaYdHis1VSkCJoZUNVZXiaEKEUomzPRTpump,1.482e-06,0.0,0.0,0.0,1532.73,h1
2026-08-19T13:19:00+00:00,GUH/ETH,guh,robinhood,uniswap,0xa0736f92854c6ef707d8c50ad106a93a1166d6497012db3e25b1d494d0a9b97d,0x601d03F379303C2ca5c2D8711B22CB96b294f3d7,0.0001194,-3.02,-0.6296296296296297,2444.38,75600.47,h1
2026-08-19T13:19:00+00:00,GOKU/SOL,Raj Goku,solana,pumpswap,8nkY4EvYR2JJeyNZEQQoHNXz4v5AEqbrj6t1yhXwtmkD,8nQiFQVVrqs2om3DjeUqVECg3qDYyMjREC6AzFWyGoKU,1.93e-06,-9.58,-0.6666666666666666,82.48,1885.55,h1
2026-08-19T13:19:00+00:00,MEMESLY/SOL,MEMESLY,solana,pumpswap,Ayk5yA1PTkjgwn3My9ERGyT55t3Dinyf9zfDFVSuimSb,6ZC5kpZf9kLfxwMc4QVZfGJksTLrZQUTmKJCDaaopump,2.586e-05,-5.83,-1.0,199.38,10566.47,h1
2026-08-19T13:19:00+00:00,UTANG/SOL,UTANG,solana,pumpswap,HsVXAyoM24AKSq3xdKeR4aDFJ9gKZAN8JNcguj9zHvnn,3CCGVkwXXTQLDL3HUqV2fBBzazHopMrWYgqU5wvvpump,1.483e-06,-2.91,-1.0,24.75,1507.6,h1
2026-08-19T17:31:00+00:00,SAF/WETH,Sustainable Aviation Fuel,ethereum,uniswap,0xA93D72e03d8806B5239A72328cd22c005A6aF2d9,0xfe4Db16013c1C3a9eEe10829d05b9B08847fEef9,0.000224,17.97,1.0,772.93,38257.58,h1
2026-08-19T17:31:00+00:00,ALIVE/SOL,ALIVE,solana,pumpswap,8zbTgmduTkA1A1x9rxGpKWRF3FryUycB9CN3dwpoY93V,5rJthJB5JZwDvk57je7kod1wkQ7oQgoski9XH2PXpump,8.296e-05,12.48,0.9005886200130805,20327.39,20644.59,h1
2026-08-19T17:31:00+00:00,SHH/ETH,Silent Cat,robinhood,uniswap,0x0d90f5aaaf43d7e20884d5f69f20d4395cce1c4be5e401a9756dffb010ce7ce3,0x7306C8fd1de9615254A76A1A81AAC5b7221Eeb70,2.171e-05,-40.01,-0.0196078431372549,9989.4,12438.95,h1
2026-08-19T17:31:00+00:00,PANTS/SOL,dogwifpants,solana,meteora,GY3MFw5FhhFPpbiQtW9qxzxT7kYvre542evGR9fXbAxp,FtateF34Xzawa91bpbVNdX72hZYo9cymRDYqBreHHbJi,0.0002939,-15.09,-0.0709677419354838,37952.65,53761.88,h1
2026-08-19T17:31:00+00:00,ANSEMBULL/SOL,Ansem the Bull,solana,pumpswap,CbR6d3qmFhttCmKd9LwKdyeZXRPVU2jmtis9Gb2A9KyK,2UKkazisyXfWUyLT4eqCgvEV6KNaxqwkHU49htQppump,0.0007187,33.02,-0.0534082923401264,181717.27,65854.74,h1
2026-08-19T17:31:00+00:00,GUH/ETH,guh,robinhood,uniswap,0xa0736f92854c6ef707d8c50ad106a93a1166d6497012db3e25b1d494d0a9b97d,0x601d03F379303C2ca5c2D8711B22CB96b294f3d7,0.0001548,-48.72,-0.1830985915492957,11447.98,90369.98,h1
2026-08-19T17:31:00+00:00,NEWBIE/SOL,Newbie,solana,pumpswap,CcfmG8AruateK12bhMo2BHNYQiQ1JiWLyTBzmMwKuZip,4Xg9qDuEP1vMEwqMr2yWo92Yn9a7xZu5BNQBbXVfpump,0.0001991,-15.67,0.0471976401179941,27601.79,34197.32,h1
2026-08-19T17:31:00+00:00,NiuLai/SPCXB,牛来,bsc,pancakeswap,0xC1F569122caF558D40481C64C1AEC280b2c71dA6,0x3CC3c4F12dae4908d140C342EFF50Cf30A56FFFF,0.0009786,22.87,0.1901840490797546,9888.1,99797.34,h1
2026-08-19T17:31:00+00:00,CGX/SOL,CryptoGDEX,solana,pumpswap,7n9drBwKK4LxgW8kVhx8VZw8FaGupjJH6ebhyNDXj9XB,6E8fPgsBvwjGRHcoeLUW8iugy736SKo54VvYLbYMpump,0.000159,-0.84,0.25,436.24,28887.31,h1
2026-08-19T17:31:00+00:00,LEMON/WETH,Lemon.fun,robinhood,uniswap,0x01fe057d1C5FB09A4ac02860758DDf26Df9336B5,0xf0E17e54239CD945Cd7bEa471a3a2CA6a8C7f7A3,0.0007719,-4.3,-0.0892857142857142,14111.24,132511.89,h1
2026-08-19T17:31:00+00:00,MEMESLY/SOL,MEMESLY,solana,pumpswap,Ayk5yA1PTkjgwn3My9ERGyT55t3Dinyf9zfDFVSuimSb,6ZC5kpZf9kLfxwMc4QVZfGJksTLrZQUTmKJCDaaopump,3.186e-05,-9.14,-0.1304347826086956,1150.49,12072.66,h1
2026-08-19T17:31:00+00:00,ZARD/ETH,CHARIZARD,robinhood,uniswap,0xfc0a05c97ebc39c8e1b7f4b133c7a107632a062fa796e62283cce678b03f52fe,0x53e987cd9F8Ee984d999d1fb0b0DFd98E81d0528,1.899e-05,-35.27,-0.320754716981132,6100.06,14894.24,h1
2026-08-19T17:31:00+00:00,SOLCAT/SOL,SOLCAT,solana,pumpswap,F8RP1gi6qRoZi9xNYJZRmhXFhpmucUc9CoZR3hRuBzUF,4skFA8FequaJV8Zd3njafvMvmX4yVbnzmBRo4jXVpump,5.335e-05,1.15,0.0060851926977687,4286.73,18574.74,h1
2026-08-19T17:31:00+00:00,BABYANSEM/SOL,The Black Baby Bull,solana,pumpswap,Hwf7k8jtKJS4gGFg7DTmiaBuGgoejktCSQiXeTkW1S1s,9HNEutCZLoo6GZWQTmAgVvbtmLGV1mdeR8X3HWTooYXt,0.0002106,9.97,0.0258620689655172,5390.2,34941.49,h1
2026-08-19T17:31:00+00:00,UTANG/SOL,UTANG,solana,pumpswap,HsVXAyoM24AKSq3xdKeR4aDFJ9gKZAN8JNcguj9zHvnn,3CCGVkwXXTQLDL3HUqV2fBBzazHopMrWYgqU5wvvpump,1.548e-06,0.0,0.0,0.0,1573.57,h1
2026-08-19T17:31:00+00:00,QBULL/SOL,Qenis Bull,solana,pumpswap,D9qPYEdmS34LtVSNVRHxQ36t5Md5GNPVkbATNUCP8mQU,8sxdRtLdtaYdHis1VSkCJoZUNVZXiaEKEUomzPRTpump,1.482e-06,0.0,0.0,0.0,1532.73,h1
2026-08-19T17:31:00+00:00,ZBULL/SOL,Z500 Bull,solana,pumpswap,4d1zHqd7puCebM8jG8KmgK4rYLDc1gcY389WNm5s4xu8,FqBzU27KvwRKki7ZLzVMBgtKaVjdE64nfEkL1An1pump,1.688e-06,-1.26,-0.3333333333333333,2.31,1821.28,h1
2026-08-19T17:31:00+00:00,DPG/SOL,Dumb Phone Gang,solana,pumpswap,8TbYi38UqcedfptvjN2rURLbGbGub3itp2hgLvvS35hY,LFEJTxJ9yi6ojGDFpjbGfABLbH55Fc3oEK8syJJpump,0.007163,295.0,0.054410080183276,761775.38,249023.04,h1
2026-08-19T17:31:00+00:00,SOLUG/SOL,Solug,solana,pumpswap,HyPxvGY6wr3f2osi5NDAnAZ2W8wJ185yUKMy37SbHWvC,FJBWgfc8wdEeUc2n7BN9EcmEJQUauvvpp9ZXvmF2pump,2.015e-06,-4.96,-0.6666666666666666,46.68,2396.74,h1
2026-08-19T17:31:00+00:00,CATSEYE/SOL,CATSEYE,solana,pumpswap,AXNo7fLEPFEKR8zmjkeoUJhj3bcWE1PnycufUw1veLPr,7TGno7LGF4mJHT1mvBMsthaEmavcKM5H8ojXCVcJpump,6.518e-06,-3.5,-1.0,40.17,4757.89,h1
2026-08-19T17:33:00+00:00,ALIVE/SOL,ALIVE,solana,pumpswap,8zbTgmduTkA1A1x9rxGpKWRF3FryUycB9CN3dwpoY93V,5rJthJB5JZwDvk57je7kod1wkQ7oQgoski9XH2PXpump,8.266e-05,12.36,0.9003481288076588,20357.96,20597.27,h1
2026-08-19T17:33:00+00:00,SAF/WETH,Sustainable Aviation Fuel,ethereum,uniswap,0xA93D72e03d8806B5239A72328cd22c005A6aF2d9,0xfe4Db16013c1C3a9eEe10829d05b9B08847fEef9,0.0002197,15.69,0.25,1029.42,37853.16,h1
2026-08-19T17:33:00+00:00,SHH/ETH,Silent Cat,robinhood,uniswap,0x0d90f5aaaf43d7e20884d5f69f20d4395cce1c4be5e401a9756dffb010ce7ce3,0x7306C8fd1de9615254A76A1A81AAC5b7221Eeb70,2.151e-05,-42.53,-0.0239234449760765,10058.42,12366.59,h1
2026-08-19T17:33:00+00:00,PANTS/SOL,dogwifpants,solana,meteora,GY3MFw5FhhFPpbiQtW9qxzxT7kYvre542evGR9fXbAxp,FtateF34Xzawa91bpbVNdX72hZYo9cymRDYqBreHHbJi,0.0003009,-2.28,-0.0649350649350649,36918.14,54860.35,h1
2026-08-19T17:33:00+00:00,ANSEMBULL/SOL,Ansem the Bull,solana,pumpswap,CbR6d3qmFhttCmKd9LwKdyeZXRPVU2jmtis9Gb2A9KyK,2UKkazisyXfWUyLT4eqCgvEV6KNaxqwkHU49htQppump,0.0007171,28.42,-0.0653372434017595,181770.24,65725.41,h1
2026-08-19T17:33:00+00:00,NiuLai/SPCXB,牛来,bsc,pancakeswap,0xC1F569122caF558D40481C64C1AEC280b2c71dA6,0x3CC3c4F12dae4908d140C342EFF50Cf30A56FFFF,0.0009849,23.78,0.1901840490797546,10047.25,100096.37,h1
2026-08-19T17:33:00+00:00,GUH/ETH,guh,robinhood,uniswap,0xa0736f92854c6ef707d8c50ad106a93a1166d6497012db3e25b1d494d0a9b97d,0x601d03F379303C2ca5c2D8711B22CB96b294f3d7,0.0001548,-48.69,-0.1940298507462686,11361.64,90369.98,h1
2026-08-19T17:33:00+00:00,NEWBIE/SOL,Newbie,solana,pumpswap,CcfmG8AruateK12bhMo2BHNYQiQ1JiWLyTBzmMwKuZip,4Xg9qDuEP1vMEwqMr2yWo92Yn9a7xZu5BNQBbXVfpump,0.0002057,-10.08,0.0377073906485671,26044.34,34744.67,h1
2026-08-19T17:33:00+00:00,LEMON/WETH,Lemon.fun,robinhood,uniswap,0x01fe057d1C5FB09A4ac02860758DDf26Df9336B5,0xf0E17e54239CD945Cd7bEa471a3a2CA6a8C7f7A3,0.0007717,-5.15,-0.0892857142857142,13578.38,132460.18,h1
2026-08-19T17:33:00+00:00,CGX/SOL,CryptoGDEX,solana,pumpswap,7n9drBwKK4LxgW8kVhx8VZw8FaGupjJH6ebhyNDXj9XB,6E8fPgsBvwjGRHcoeLUW8iugy736SKo54VvYLbYMpump,0.000159,-1.25,0.1428571428571428,405.65,28887.31,h1
2026-08-19T17:33:00+00:00,MEMESLY/SOL,MEMESLY,solana,pumpswap,Ayk5yA1PTkjgwn3My9ERGyT55t3Dinyf9zfDFVSuimSb,6ZC5kpZf9kLfxwMc4QVZfGJksTLrZQUTmKJCDaaopump,3.182e-05,-10.18,-0.1304347826086956,1152.52,12052.33,h1
2026-08-19T17:33:00+00:00,ZARD/ETH,CHARIZARD,robinhood,uniswap,0xfc0a05c97ebc39c8e1b7f4b133c7a107632a062fa796e62283cce678b03f52fe,0x53e987cd9F8Ee984d999d1fb0b0DFd98E81d0528,1.934e-05,-34.49,-0.2962962962962963,6161.21,15069.66,h1
2026-08-19T17:33:00+00:00,SOLCAT/SOL,SOLCAT,solana,pumpswap,F8RP1gi6qRoZi9xNYJZRmhXFhpmucUc9CoZR3hRuBzUF,4skFA8FequaJV8Zd3njafvMvmX4yVbnzmBRo4jXVpump,5.335e-05,3.11,0.0129310344827586,4006.73,18574.74,h1
2026-08-19T17:33:00+00:00,BABYANSEM/SOL,The Black Baby Bull,solana,pumpswap,Hwf7k8jtKJS4gGFg7DTmiaBuGgoejktCSQiXeTkW1S1s,9HNEutCZLoo6GZWQTmAgVvbtmLGV1mdeR8X3HWTooYXt,0.0002099,7.96,0.0125523012552301,5288.41,34839.89,h1
2026-08-19T17:33:00+00:00,ZBULL/SOL,Z500 Bull,solana,pumpswap,4d1zHqd7puCebM8jG8KmgK4rYLDc1gcY389WNm5s4xu8,FqBzU27KvwRKki7ZLzVMBgtKaVjdE64nfEkL1An1pump,1.688e-06,-0.02,0.0,2.04,1821.28,h1
2026-08-19T17:33:00+00:00,QBULL/SOL,Qenis Bull,solana,pumpswap,D9qPYEdmS34LtVSNVRHxQ36t5Md5GNPVkbATNUCP8mQU,8sxdRtLdtaYdHis1VSkCJoZUNVZXiaEKEUomzPRTpump,1.482e-06,0.0,0.0,0.0,1532.73,h1
2026-08-19T17:33:00+00:00,UTANG/SOL,UTANG,solana,pumpswap,HsVXAyoM24AKSq3xdKeR4aDFJ9gKZAN8JNcguj9zHvnn,3CCGVkwXXTQLDL3HUqV2fBBzazHopMrWYgqU5wvvpump,1.548e-06,0.0,0.0,0.0,1573.57,h1
2026-08-19T17:33:00+00:00,DPG/SOL,Dumb Phone Gang,solana,pumpswap,8TbYi38UqcedfptvjN2rURLbGbGub3itp2hgLvvS35hY,LFEJTxJ9yi6ojGDFpjbGfABLbH55Fc3oEK8syJJpump,0.007756,321.0,0.0581173260572987,818191.21,259046.98,h1
2026-08-19T17:33:00+00:00,SOLUG/SOL,Solug,solana,pumpswap,HyPxvGY6wr3f2osi5NDAnAZ2W8wJ185yUKMy37SbHWvC,FJBWgfc8wdEeUc2n7BN9EcmEJQUauvvpp9ZXvmF2pump,2.015e-06,-4.96,-0.6666666666666666,46.68,2396.74,h1
2026-08-19T17:33:00+00:00,CATSEYE/SOL,CATSEYE,solana,pumpswap,AXNo7fLEPFEKR8zmjkeoUJhj3bcWE1PnycufUw1veLPr,7TGno7LGF4mJHT1mvBMsthaEmavcKM5H8ojXCVcJpump,6.518e-06,-3.5,-1.0,40.17,4757.89,h1
2026-08-19T17:42:00+00:00,ALIVE/SOL,ALIVE,solana,pumpswap,8zbTgmduTkA1A1x9rxGpKWRF3FryUycB9CN3dwpoY93V,5rJthJB5JZwDvk57je7kod1wkQ7oQgoski9XH2PXpump,8.337e-05,7.96,0.8615534611634709,19603.15,20718.84,h1
2026-08-19T17:42:00+00:00,CHUMP/WETH,Chump Coin,robinhood,uniswap,0x714442e9A611f8561A7dF108D6d925132937cFb8,0x0E0d2C89a5a019FE1cF762e5e33187631DACC21B,0.002291,1.83,1.0,701.64,148434.79,h1
2026-08-19T17:42:00+00:00,SHH/ETH,Silent Cat,robinhood,uniswap,0x0d90f5aaaf43d7e20884d5f69f20d4395cce1c4be5e401a9756dffb010ce7ce3,0x7306C8fd1de9615254A76A1A81AAC5b7221Eeb70,2.47e-05,-30.92,-0.0052910052910052,8122.35,13284.85,h1
2026-08-19T17:42:00+00:00,PANTS/SOL,dogwifpants,solana,meteora,GY3MFw5FhhFPpbiQtW9qxzxT7kYvre542evGR9fXbAxp,FtateF34Xzawa91bpbVNdX72hZYo9cymRDYqBreHHbJi,0.000301,-14.22,-0.0945945945945946,35117.51,54720.74,h1
2026-08-19T17:42:00+00:00,NiuLai/SPCXB,牛来,bsc,pancakeswap,0xC1F569122caF558D40481C64C1AEC280b2c71dA6,0x3CC3c4F12dae4908d140C342EFF50Cf30A56FFFF,0.001,25.41,0.2163742690058479,11388.07,100903.37,h1
2026-08-19T17:42:00+00:00,ANSEMBULL/SOL,Ansem the Bull,solana,pumpswap,CbR6d3qmFhttCmKd9LwKdyeZXRPVU2jmtis9Gb2A9KyK,2UKkazisyXfWUyLT4eqCgvEV6KNaxqwkHU49htQppump,0.0007585,20.03,-0.1057827926657263,176506.27,67754.73,h1
2026-08-19T17:42:00+00:00,NEWBIE/SOL,Newbie,solana,pumpswap,CcfmG8AruateK12bhMo2BHNYQiQ1JiWLyTBzmMwKuZip,4Xg9qDuEP1vMEwqMr2yWo92Yn9a7xZu5BNQBbXVfpump,0.0002319,-12.57,0.09366391184573,26378.06,37035.27,h1
2026-08-19T17:42:00+00:00,GUH/ETH,guh,robinhood,uniswap,0xa0736f92854c6ef707d8c50ad106a93a1166d6497012db3e25b1d494d0a9b97d,0x601d03F379303C2ca5c2D8711B22CB96b294f3d7,0.000164,-26.91,-0.1147540983606557,7564.5,93729.91,h1
2026-08-19T17:42:00+00:00,LEMON/WETH,Lemon.fun,robinhood,uniswap,0x01fe057d1C5FB09A4ac02860758DDf26Df9336B5,0xf0E17e54239CD945Cd7bEa471a3a2CA6a8C7f7A3,0.000863,3.49,-0.168141592920354,18145.97,141861.39,h1
2026-08-19T17:42:00+00:00,ZARD/ETH,CHARIZARD,robinhood,uniswap,0xfc0a05c97ebc39c8e1b7f4b133c7a107632a062fa796e62283cce678b03f52fe,0x53e987cd9F8Ee984d999d1fb0b0DFd98E81d0528,2.194e-05,-25.61,-0.2280701754385964,6913.95,16412.48,h1
2026-08-19T17:42:00+00:00,MEMESLY/SOL,MEMESLY,solana,pumpswap,Ayk5yA1PTkjgwn3My9ERGyT55t3Dinyf9zfDFVSuimSb,6ZC5kpZf9kLfxwMc4QVZfGJksTLrZQUTmKJCDaaopump,3.144e-05,-11.33,-0.217391304347826,1151.3,11977.3,h1
2026-08-19T17:42:00+00:00,SOLCAT/SOL,SOLCAT,solana,pumpswap,F8RP1gi6qRoZi9xNYJZRmhXFhpmucUc9CoZR3hRuBzUF,4skFA8FequaJV8Zd3njafvMvmX4yVbnzmBRo4jXVpump,5.35e-05,5.32,0.0124069478908188,3550.1,18606.61,h1
2026-08-19T17:42:00+00:00,ZBULL/SOL,Z500 Bull,solana,pumpswap,4d1zHqd7puCebM8jG8KmgK4rYLDc1gcY389WNm5s4xu8,FqBzU27KvwRKki7ZLzVMBgtKaVjdE64nfEkL1An1pump,1.688e-06,-0.02,0.0,2.04,1821.28,h1
2026-08-19T17:42:00+00:00,QBULL/SOL,Qenis Bull,solana,pumpswap,D9qPYEdmS34LtVSNVRHxQ36t5Md5GNPVkbATNUCP8mQU,8sxdRtLdtaYdHis1VSkCJoZUNVZXiaEKEUomzPRTpump,1.482e-06,0.0,0.0,0.0,1532.73,h1
2026-08-19T17:42:00+00:00,UTANG/SOL,UTANG,solana,pumpswap,HsVXAyoM24AKSq3xdKeR4aDFJ9gKZAN8JNcguj9zHvnn,3CCGVkwXXTQLDL3HUqV2fBBzazHopMrWYgqU5wvvpump,1.548e-06,0.0,0.0,0.0,1573.57,h1
2026-08-19T17:42:00+00:00,BABYANSEM/SOL,The Black Baby Bull,solana,pumpswap,Hwf7k8jtKJS4gGFg7DTmiaBuGgoejktCSQiXeTkW1S1s,9HNEutCZLoo6GZWQTmAgVvbtmLGV1mdeR8X3HWTooYXt,0.0002139,13.52,0.0077519379844961,5184.1,35218.43,h1
2026-08-19T17:42:00+00:00,CGX/SOL,CryptoGDEX,solana,pumpswap,7n9drBwKK4LxgW8kVhx8VZw8FaGupjJH6ebhyNDXj9XB,6E8fPgsBvwjGRHcoeLUW8iugy736SKo54VvYLbYMpump,0.0001569,-2.84,-0.25,510.59,28723.74,h1
2026-08-19T17:42:00+00:00,DPG/SOL,Dumb Phone Gang,solana,pumpswap,8TbYi38UqcedfptvjN2rURLbGbGub3itp2hgLvvS35hY,LFEJTxJ9yi6ojGDFpjbGfABLbH55Fc3oEK8syJJpump,0.007765,282.0,0.0610211706102117,1018600.78,259919.25,h1
2026-08-19T17:42:00+00:00,SOLUG/SOL,Solug,solana,pumpswap,HyPxvGY6wr3f2osi5NDAnAZ2W8wJ185yUKMy37SbHWvC,FJBWgfc8wdEeUc2n7BN9EcmEJQUauvvpp9ZXvmF2pump,1.99e-06,-4.91,-0.6,43.21,2372.96,h1
2026-08-19T17:42:00+00:00,CATSEYE/SOL,CATSEYE,solana,pumpswap,AXNo7fLEPFEKR8zmjkeoUJhj3bcWE1PnycufUw1veLPr,7TGno7LGF4mJHT1mvBMsthaEmavcKM5H8ojXCVcJpump,6.137e-06,-8.89,-1.0,214.16,4576.28,h1
2026-08-20T09:02:00+00:00,hiyoko/SOL,okina hiyoko,solana,pumpswap,DFkQRHobZDYV5NRYt2jo2sXoAPEGUqFFt3PW83NifW1T,3EeUKUyvDPrqWRCb7aimNspn2Em8uTcSpG8L2Hqepump,1.725e-06,-99.27,-0.3078817733990148,55744.19,1765.78,h1
2026-08-20T09:02:00+00:00,MRNA/SOL,Moderna Inc,solana,pumpswap,BPY94CxfMdp5DzW79swwi3YP4Xa8gjq3CsdMDKUsHnsf,6TpjRqHB5BBZH6gtKdqiHDD8u7noVqS85LhtwxySpump,8.773e-05,-42.69,0.1833237049874831,117465.47,24810.03,h1
2026-08-20T09:02:00+00:00,ANSEMBULL/SOL,Ansem the Bull,solana,pumpswap,CbR6d3qmFhttCmKd9LwKdyeZXRPVU2jmtis9Gb2A9KyK,2UKkazisyXfWUyLT4eqCgvEV6KNaxqwkHU49htQppump,0.0002692,1.57,0.9763313609467456,387.99,226878.82,h1
2026-08-20T09:02:00+00:00,TOESCOIN/SOL,TOES,solana,pumpswap,EE3zk9Fxp9guair2xeReFxf4TsEXeZFFuWETRna2PkcV,6ehEcTMCc85aNF4x9CWx8HuvWGhxQtvKdhKVf2HDpump,0.006232,3.92,0.2350679312996667,176140.24,344415.29,h1
2026-08-20T09:02:00+00:00,ALIVE/SOL,ALIVE,solana,pumpswap,8zbTgmduTkA1A1x9rxGpKWRF3FryUycB9CN3dwpoY93V,5rJthJB5JZwDvk57je7kod1wkQ7oQgoski9XH2PXpump,0.0001098,8.32,0.3753424657534246,13460.85,25306.01,h1
2026-08-20T09:02:00+00:00,KEKODYSSEUS/SOL,Kekius Odysseus,solana,pumpswap,FxNzpZQMXyNFzMtVshyHyJJWVRPcqLJBHA5v1uVYnqP1,HiY4qx8j5QuVh5UFnKyFq1DvzzDNgFkgyyhEeDXhpump,0.0004642,-16.83,0.0641025641025641,20523.25,56020.75,h1
2026-08-20T09:02:00+00:00,HORNS/SOL,bull's horns,solana,pumpswap,GdWcLgzqUd6zhuZdrWXkVAe1z62QSrjobmVC3Jw88vNG,DtK83HpaHULMao5PPRTubJgWFbfxtSsQWbfELRPVpump,8.281e-05,-4.56,0.1279620853080568,5400.73,22102.75,h1
2026-08-20T09:02:00+00:00,NEWBIE/SOL,Newbie,solana,pumpswap,CcfmG8AruateK12bhMo2BHNYQiQ1JiWLyTBzmMwKuZip,4Xg9qDuEP1vMEwqMr2yWo92Yn9a7xZu5BNQBbXVfpump,0.0001808,-9.54,0.0238095238095238,8912.17,34210.47,h1
2026-08-20T09:02:00+00:00,四股/WBNB,4STOCKS,bsc,pancakeswap,0x8c57C72F626bA4D63Bd34DDcAa80384EfbaAABb0,0x800aD6bF6747105e3620D3Cb4BceD15AB9e47777,0.000198,-7.28,0.075812274368231,16626.74,43529.5,h1
2026-08-20T09:02:00+00:00,DPG/SOL,Dumb Phone Gang,solana,pumpswap,8TbYi38UqcedfptvjN2rURLbGbGub3itp2hgLvvS35hY,LFEJTxJ9yi6ojGDFpjbGfABLbH55Fc3oEK8syJJpump,0.002825,-2.2,0.0157068062827225,16921.58,168655.57,h1
2026-08-20T09:02:00+00:00,PANTS/SOL,dogwifpants,solana,meteora,GY3MFw5FhhFPpbiQtW9qxzxT7kYvre542evGR9fXbAxp,FtateF34Xzawa91bpbVNdX72hZYo9cymRDYqBreHHbJi,0.0003389,5.79,0.0389610389610389,5826.14,68958.78,h1
2026-08-20T09:02:00+00:00,NiuLai/SPCXB,牛来,bsc,pancakeswap,0xC1F569122caF558D40481C64C1AEC280b2c71dA6,0x3CC3c4F12dae4908d140C342EFF50Cf30A56FFFF,0.0008668,-1.23,-0.0285714285714285,907.73,93797.35,h1
2026-08-20T09:02:00+00:00,BULLPISS/SOL,Bullpiss Coin,solana,pumpswap,HtfsTmxJU6YanzC9cZQv6vVL7TQuoWhkiGr1tTofaDGN,3uQw7mq6aZWFsVRSY1yn31QKKu6wzX6n7JeWsXnQpump,1.694e-06,0.0,0.0,0.0,1839.08,h1
2026-08-20T09:02:00+00:00,SHILL/SOL,Shill Coin,solana,pumpswap,GA5sLR3xKXHf4ViQHQrGrhCLYjkRc8vpMp91LEP8kZxT,7BXYMC2Fr1sExAj7gH71YJNhWzw532AN7WLdmVZnpump,2.384e-06,0.0,0.0,0.0,2309.18,h1
2026-08-20T09:02:00+00:00,HIGHER/SOL,Fuck You Higher,solana,pumpswap,2b85UCz6LCcCaZ3YfqnahdcP113KeEQuQgfcgC98T2tg,CzymhMxfqWxuf4y5xiAdRYXBK7ozMLLum2g6WDGgpump,2.161e-06,0.0,0.0,0.0,2152.86,h1
2026-08-20T09:02:00+00:00,BULLCUM/SOL,Bullcum Coin,solana,pumpswap,7c672apFpNeBQNhsH4uSxwh4UsK99jaTLxSeKWD2PLXz,8WB6TuGytm5Q7YfSfD1LPzeQYV2LnTqgC5ASxnJZpump,1.737e-06,3.06,0.0,2.28,1825.79,h1
2026-08-20T09:02:00+00:00,BABYANSEM/SOL,The Black Baby Bull,solana,pumpswap,Hwf7k8jtKJS4gGFg7DTmiaBuGgoejktCSQiXeTkW1S1s,9HNEutCZLoo6GZWQTmAgVvbtmLGV1mdeR8X3HWTooYXt,4.472e-05,4.22,-0.0769230769230769,694.7,15982.68,h1
2026-08-20T09:02:00+00:00,SolSeason/SOL,SolSeason,solana,pumpswap,DCzNTu1QR9NYDJhNxY9ZsUJYJGKCfuLsUwH48pqFPRp4,APLJwe3Bg9T7dZFSuTouchgptwrL8sxHEC1fU3Fppump,1.784e-06,1.57,-0.3333333333333333,0.88,1914.3,h1
2026-08-20T09:02:00+00:00,MEMEFUND/SOL,MemeFund,solana,pumpfun,7ZfVT9tt3boMBKVmKHnYWP56LfrcdVwbK5bfZCYtUTCd,HBpNF11UdtTD8n3MySe8K3v9VQZJmYUkxpo6V8xFpump,4.509e-06,-6.6,-0.6923076923076923,212.62,0.0,h1
2026-08-20T09:02:00+00:00,BULLTN/SOL,Sir Bullington,solana,pumpswap,DayrERHvoshQQw2DsT5mrKoc3kTT2XxCvFv1wkPaQzrf,9KbvJ3RitJ8rFDAM6rEVKKJV8Y4sKsawnYJR4QKHpump,2.109e-06,1.5,-0.6,1.28,2619.28,h1
2026-08-20T09:04:00+00:00,hiyoko/SOL,okina hiyoko,solana,pumpswap,DFkQRHobZDYV5NRYt2jo2sXoAPEGUqFFt3PW83NifW1T,3EeUKUyvDPrqWRCb7aimNspn2Em8uTcSpG8L2Hqepump,1.725e-06,-99.28,-0.3172588832487309,54739.81,1765.78,h1
2026-08-20T09:04:00+00:00,MRNA/SOL,Moderna Inc,solana,pumpswap,BPY94CxfMdp5DzW79swwi3YP4Xa8gjq3CsdMDKUsHnsf,6TpjRqHB5BBZH6gtKdqiHDD8u7noVqS85LhtwxySpump,8.583e-05,-44.04,0.1832113225963884,117081.35,24532.91,h1
2026-08-20T09:04:00+00:00,ANSEMBULL/SOL,Ansem the Bull,solana,pumpswap,CbR6d3qmFhttCmKd9LwKdyeZXRPVU2jmtis9Gb2A9KyK,2UKkazisyXfWUyLT4eqCgvEV6KNaxqwkHU49htQppump,0.0002693,1.61,0.9761194029850746,402.68,225585.52,h1
2026-08-20T09:04:00+00:00,TOESCOIN/SOL,TOES,solana,pumpswap,EE3zk9Fxp9guair2xeReFxf4TsEXeZFFuWETRna2PkcV,6ehEcTMCc85aNF4x9CWx8HuvWGhxQtvKdhKVf2HDpump,0.006269,4.58,0.2380462724935732,175444.48,345249.93,h1
2026-08-20T09:04:00+00:00,NEWBIE/SOL,Newbie,solana,pumpswap,CcfmG8AruateK12bhMo2BHNYQiQ1JiWLyTBzmMwKuZip,4Xg9qDuEP1vMEwqMr2yWo92Yn9a7xZu5BNQBbXVfpump,0.0001175,-39.9,0.0439560439560439,9978.9,27849.41,h1
2026-08-20T09:04:00+00:00,ALIVE/SOL,ALIVE,solana,pumpswap,8zbTgmduTkA1A1x9rxGpKWRF3FryUycB9CN3dwpoY93V,5rJthJB5JZwDvk57je7kod1wkQ7oQgoski9XH2PXpump,0.0001087,8.08,0.3846153846153846,13392.91,25164.1,h1
2026-08-20T09:04:00+00:00,KEKODYSSEUS/SOL,Kekius Odysseus,solana,pumpswap,FxNzpZQMXyNFzMtVshyHyJJWVRPcqLJBHA5v1uVYnqP1,HiY4qx8j5QuVh5UFnKyFq1DvzzDNgFkgyyhEeDXhpump,0.0004586,-18.06,0.062200956937799,20256.14,55645.9,h1
2026-08-20T09:04:00+00:00,HORNS/SOL,bull's horns,solana,pumpswap,GdWcLgzqUd6zhuZdrWXkVAe1z62QSrjobmVC3Jw88vNG,DtK83HpaHULMao5PPRTubJgWFbfxtSsQWbfELRPVpump,8.281e-05,2.01,0.1179487179487179,4333.34,22102.75,h1
2026-08-20T09:04:00+00:00,PANTS/SOL,dogwifpants,solana,meteora,GY3MFw5FhhFPpbiQtW9qxzxT7kYvre542evGR9fXbAxp,FtateF34Xzawa91bpbVNdX72hZYo9cymRDYqBreHHbJi,0.0003387,5.75,0.0909090909090909,5918.12,68489.57,h1
2026-08-20T09:04:00+00:00,四股/WBNB,4STOCKS,bsc,pancakeswap,0x8c57C72F626bA4D63Bd34DDcAa80384EfbaAABb0,0x800aD6bF6747105e3620D3Cb4BceD15AB9e47777,0.0001961,0.81,0.0735294117647058,14894.78,43356.45,h1
2026-08-20T09:04:00+00:00,DPG/SOL,Dumb Phone Gang,solana,pumpswap,8TbYi38UqcedfptvjN2rURLbGbGub3itp2hgLvvS35hY,LFEJTxJ9yi6ojGDFpjbGfABLbH55Fc3oEK8syJJpump,0.002819,-3.94,0.0210526315789473,16194.57,168373.25,h1
2026-08-20T09:04:00+00:00,NiuLai/SPCXB,牛来,bsc,pancakeswap,0xC1F569122caF558D40481C64C1AEC280b2c71dA6,0x3CC3c4F12dae4908d140C342EFF50Cf30A56FFFF,0.0008665,-1.24,-0.0571428571428571,901.59,93781.91,h1
2026-08-20T09:04:00+00:00,BULLPISS/SOL,Bullpiss Coin,solana,pumpswap,HtfsTmxJU6YanzC9cZQv6vVL7TQuoWhkiGr1tTofaDGN,3uQw7mq6aZWFsVRSY1yn31QKKu6wzX6n7JeWsXnQpump,1.694e-06,0.0,0.0,0.0,1839.08,h1
2026-08-20T09:04:00+00:00,SHILL/SOL,Shill Coin,solana,pumpswap,GA5sLR3xKXHf4ViQHQrGrhCLYjkRc8vpMp91LEP8kZxT,7BXYMC2Fr1sExAj7gH71YJNhWzw532AN7WLdmVZnpump,2.384e-06,0.0,0.0,0.0,2309.18,h1
2026-08-20T09:04:00+00:00,HIGHER/SOL,Fuck You Higher,solana,pumpswap,2b85UCz6LCcCaZ3YfqnahdcP113KeEQuQgfcgC98T2tg,CzymhMxfqWxuf4y5xiAdRYXBK7ozMLLum2g6WDGgpump,2.161e-06,0.0,0.0,0.0,2152.86,h1
2026-08-20T09:04:00+00:00,BULLCUM/SOL,Bullcum Coin,solana,pumpswap,7c672apFpNeBQNhsH4uSxwh4UsK99jaTLxSeKWD2PLXz,8WB6TuGytm5Q7YfSfD1LPzeQYV2LnTqgC5ASxnJZpump,1.737e-06,3.06,0.0,2.28,1825.79,h1
2026-08-20T09:04:00+00:00,BABYANSEM/SOL,The Black Baby Bull,solana,pumpswap,Hwf7k8jtKJS4gGFg7DTmiaBuGgoejktCSQiXeTkW1S1s,9HNEutCZLoo6GZWQTmAgVvbtmLGV1mdeR8X3HWTooYXt,4.518e-05,1.1,-0.1020408163265306,599.11,16067.45,h1
2026-08-20T09:04:00+00:00,SolSeason/SOL,SolSeason,solana,pumpswap,DCzNTu1QR9NYDJhNxY9ZsUJYJGKCfuLsUwH48pqFPRp4,APLJwe3Bg9T7dZFSuTouchgptwrL8sxHEC1fU3Fppump,1.784e-06,1.57,-0.3333333333333333,0.88,1914.3,h1
2026-08-20T09:04:00+00:00,BULLTN/SOL,Sir Bullington,solana,pumpswap,DayrERHvoshQQw2DsT5mrKoc3kTT2XxCvFv1wkPaQzrf,9KbvJ3RitJ8rFDAM6rEVKKJV8Y4sKsawnYJR4QKHpump,2.109e-06,1.5,-0.6,1.28,2619.28,h1
2026-08-20T09:04:00+00:00,MEMEFUND/SOL,MemeFund,solana,pumpfun,7ZfVT9tt3boMBKVmKHnYWP56LfrcdVwbK5bfZCYtUTCd,HBpNF11UdtTD8n3MySe8K3v9VQZJmYUkxpo6V8xFpump,4.509e-06,-6.12,-0.8181818181818182,194.17,0.0,h1
2026-08-20T09:08:00+00:00,hiyoko/SOL,okina hiyoko,solana,pumpswap,DFkQRHobZDYV5NRYt2jo2sXoAPEGUqFFt3PW83NifW1T,3EeUKUyvDPrqWRCb7aimNspn2Em8uTcSpG8L2Hqepump,1.725e-06,-99.28,-0.3891336270190896,46130.88,1765.78,h1
2026-08-20T09:08:00+00:00,ANSEMBULL/SOL,Ansem the Bull,solana,pumpswap,CbR6d3qmFhttCmKd9LwKdyeZXRPVU2jmtis9Gb2A9KyK,2UKkazisyXfWUyLT4eqCgvEV6KNaxqwkHU49htQppump,0.0002693,1.25,0.9782178217821782,382.18,225451.82,h1
2026-08-20T09:08:00+00:00,TOESCOIN/SOL,TOES,solana,pumpswap,EE3zk9Fxp9guair2xeReFxf4TsEXeZFFuWETRna2PkcV,6ehEcTMCc85aNF4x9CWx8HuvWGhxQtvKdhKVf2HDpump,0.006295,5.34,0.2406745017884517,176750.31,345944.44,h1
2026-08-20T09:08:00+00:00,MRNA/SOL,Moderna Inc,solana,pumpswap,BPY94CxfMdp5DzW79swwi3YP4Xa8gjq3CsdMDKUsHnsf,6TpjRqHB5BBZH6gtKdqiHDD8u7noVqS85LhtwxySpump,0.0001205,-19.34,0.176458832933653,118589.14,29404.26,h1
2026-08-20T09:08:00+00:00,ALIVE/SOL,ALIVE,solana,pumpswap,8zbTgmduTkA1A1x9rxGpKWRF3FryUycB9CN3dwpoY93V,5rJthJB5JZwDvk57je7kod1wkQ7oQgoski9XH2PXpump,0.0001088,7.75,0.4094707520891364,12825.27,25178.39,h1
2026-08-20T09:08:00+00:00,KEKODYSSEUS/SOL,Kekius Odysseus,solana,pumpswap,FxNzpZQMXyNFzMtVshyHyJJWVRPcqLJBHA5v1uVYnqP1,HiY4qx8j5QuVh5UFnKyFq1DvzzDNgFkgyyhEeDXhpump,0.000462,-18.04,0.0614173228346456,19306.18,55850.0,h1
2026-08-20T09:08:00+00:00,NEWBIE/SOL,Newbie,solana,pumpswap,CcfmG8AruateK12bhMo2BHNYQiQ1JiWLyTBzmMwKuZip,4Xg9qDuEP1vMEwqMr2yWo92Yn9a7xZu5BNQBbXVfpump,0.0001654,-13.44,0.0481283422459893,11180.95,32651.25,h1
2026-08-20T09:08:00+00:00,PANTS/SOL,dogwifpants,solana,meteora,GY3MFw5FhhFPpbiQtW9qxzxT7kYvre542evGR9fXbAxp,FtateF34Xzawa91bpbVNdX72hZYo9cymRDYqBreHHbJi,0.000332,1.57,0.1111111111111111,5033.47,67458.08,h1
2026-08-20T09:08:00+00:00,HORNS/SOL,bull's horns,solana,pumpswap,GdWcLgzqUd6zhuZdrWXkVAe1z62QSrjobmVC3Jw88vNG,DtK83HpaHULMao5PPRTubJgWFbfxtSsQWbfELRPVpump,8.123e-05,4.0,0.1333333333333333,4075.31,21882.78,h1
2026-08-20T09:08:00+00:00,DPG/SOL,Dumb Phone Gang,solana,pumpswap,8TbYi38UqcedfptvjN2rURLbGbGub3itp2hgLvvS35hY,LFEJTxJ9yi6ojGDFpjbGfABLbH55Fc3oEK8syJJpump,0.002801,-5.19,-0.0052356020942408,17689.96,167877.85,h1
2026-08-20T09:08:00+00:00,四股/WBNB,4STOCKS,bsc,pancakeswap,0x8c57C72F626bA4D63Bd34DDcAa80384EfbaAABb0,0x800aD6bF6747105e3620D3Cb4BceD15AB9e47777,0.0001951,3.22,0.0950570342205323,14580.92,43249.58,h1
2026-08-20T09:08:00+00:00,NiuLai/SPCXB,牛来,bsc,pancakeswap,0xC1F569122caF558D40481C64C1AEC280b2c71dA6,0x3CC3c4F12dae4908d140C342EFF50Cf30A56FFFF,0.000861,-1.59,-0.0704225352112676,1068.94,93485.05,h1
2026-08-20T09:08:00+00:00,BULLPISS/SOL,Bullpiss Coin,solana,pumpswap,HtfsTmxJU6YanzC9cZQv6vVL7TQuoWhkiGr1tTofaDGN,3uQw7mq6aZWFsVRSY1yn31QKKu6wzX6n7JeWsXnQpump,1.694e-06,0.0,0.0,0.0,1839.08,h1
2026-08-20T09:08:00+00:00,SHILL/SOL,Shill Coin,solana,pumpswap,GA5sLR3xKXHf4ViQHQrGrhCLYjkRc8vpMp91LEP8kZxT,7BXYMC2Fr1sExAj7gH71YJNhWzw532AN7WLdmVZnpump,2.384e-06,0.0,0.0,0.0,2309.18,h1
2026-08-20T09:08:00+00:00,HIGHER/SOL,Fuck You Higher,solana,pumpswap,2b85UCz6LCcCaZ3YfqnahdcP113KeEQuQgfcgC98T2tg,CzymhMxfqWxuf4y5xiAdRYXBK7ozMLLum2g6WDGgpump,2.161e-06,0.0,0.0,0.0,2152.86,h1
2026-08-20T09:08:00+00:00,BULLCUM/SOL,Bullcum Coin,solana,pumpswap,7c672apFpNeBQNhsH4uSxwh4UsK99jaTLxSeKWD2PLXz,8WB6TuGytm5Q7YfSfD1LPzeQYV2LnTqgC5ASxnJZpump,1.737e-06,3.06,0.0,2.28,1825.79,h1
2026-08-20T09:08:00+00:00,BABYANSEM/SOL,The Black Baby Bull,solana,pumpswap,Hwf7k8jtKJS4gGFg7DTmiaBuGgoejktCSQiXeTkW1S1s,9HNEutCZLoo6GZWQTmAgVvbtmLGV1mdeR8X3HWTooYXt,5.244e-05,18.05,-0.0769230769230769,1286.52,17444.85,h1
2026-08-20T09:08:00+00:00,MEMEFUND/SOL,MemeFund,solana,pumpfun,7ZfVT9tt3boMBKVmKHnYWP56LfrcdVwbK5bfZCYtUTCd,HBpNF11UdtTD8n3MySe8K3v9VQZJmYUkxpo6V8xFpump,4.511e-06,-6.08,-0.6666666666666666,199.85,0.0,h1
2026-08-20T09:08:00+00:00,BULLTN/SOL,Sir Bullington,solana,pumpswap,DayrERHvoshQQw2DsT5mrKoc3kTT2XxCvFv1wkPaQzrf,9KbvJ3RitJ8rFDAM6rEVKKJV8Y4sKsawnYJR4QKHpump,2.109e-06,1.5,-0.6,1.28,2619.28,h1
2026-08-20T09:08:00+00:00,SolSeason/SOL,SolSeason,solana,pumpswap,DCzNTu1QR9NYDJhNxY9ZsUJYJGKCfuLsUwH48pqFPRp4,APLJwe3Bg9T7dZFSuTouchgptwrL8sxHEC1fU3Fppump,1.784e-06,-0.02,-1.0,0.64,1914.3,h1
2026-08-20T09:12:00+00:00,hiyoko/SOL,okina hiyoko,solana,pumpswap,DFkQRHobZDYV5NRYt2jo2sXoAPEGUqFFt3PW83NifW1T,3EeUKUyvDPrqWRCb7aimNspn2Em8uTcSpG8L2Hqepump,1.725e-06,-98.87,-0.5222222222222223,34326.42,1765.78,h1
2026-08-20T09:12:00+00:00,ANSEMBULL/SOL,Ansem the Bull,solana,pumpswap,CbR6d3qmFhttCmKd9LwKdyeZXRPVU2jmtis9Gb2A9KyK,2UKkazisyXfWUyLT4eqCgvEV6KNaxqwkHU49htQppump,0.0002694,0.48,0.9762845849802372,398.76,224115.95,h1
2026-08-20T09:12:00+00:00,TOESCOIN/SOL,TOES,solana,pumpswap,EE3zk9Fxp9guair2xeReFxf4TsEXeZFFuWETRna2PkcV,6ehEcTMCc85aNF4x9CWx8HuvWGhxQtvKdhKVf2HDpump,0.00627,0.82,0.2435471505238947,174999.4,345365.16,h1
2026-08-20T09:12:00+00:00,MRNA/SOL,Moderna Inc,solana,pumpswap,BPY94CxfMdp5DzW79swwi3YP4Xa8gjq3CsdMDKUsHnsf,6TpjRqHB5BBZH6gtKdqiHDD8u7noVqS85LhtwxySpump,0.0001345,-13.88,0.1757638529259451,116975.08,31149.82,h1
2026-08-20T09:12:00+00:00,ALIVE/SOL,ALIVE,solana,pumpswap,8zbTgmduTkA1A1x9rxGpKWRF3FryUycB9CN3dwpoY93V,5rJthJB5JZwDvk57je7kod1wkQ7oQgoski9XH2PXpump,0.0001085,2.78,0.4054054054054054,13111.94,25138.0,h1
2026-08-20T09:12:00+00:00,NEWBIE/SOL,Newbie,solana,pumpswap,CcfmG8AruateK12bhMo2BHNYQiQ1JiWLyTBzmMwKuZip,4Xg9qDuEP1vMEwqMr2yWo92Yn9a7xZu5BNQBbXVfpump,0.0001635,-16.55,0.015228426395939,11489.49,32468.19,h1
2026-08-20T09:12:00+00:00,KEKODYSSEUS/SOL,Kekius Odysseus,solana,pumpswap,FxNzpZQMXyNFzMtVshyHyJJWVRPcqLJBHA5v1uVYnqP1,HiY4qx8j5QuVh5UFnKyFq1DvzzDNgFkgyyhEeDXhpump,0.0004732,-9.39,0.0798122065727699,16936.64,56555.31,h1
2026-08-20T09:12:00+00:00,HORNS/SOL,bull's horns,solana,pumpswap,GdWcLgzqUd6zhuZdrWXkVAe1z62QSrjobmVC3Jw88vNG,DtK83HpaHULMao5PPRTubJgWFbfxtSsQWbfELRPVpump,8.134e-05,-0.57,0.1256830601092896,4236.76,21893.23,h1
2026-08-20T09:12:00+00:00,PANTS/SOL,dogwifpants,solana,meteora,GY3MFw5FhhFPpbiQtW9qxzxT7kYvre542evGR9fXbAxp,FtateF34Xzawa91bpbVNdX72hZYo9cymRDYqBreHHbJi,0.0003249,0.33,0.1014492753623188,4416.85,66435.32,h1
2026-08-20T09:12:00+00:00,DPG/SOL,Dumb Phone Gang,solana,pumpswap,8TbYi38UqcedfptvjN2rURLbGbGub3itp2hgLvvS35hY,LFEJTxJ9yi6ojGDFpjbGfABLbH55Fc3oEK8syJJpump,0.002782,-6.7,0.0054054054054054,17814.18,167295.03,h1
2026-08-20T09:12:00+00:00,NiuLai/SPCXB,牛来,bsc,pancakeswap,0xC1F569122caF558D40481C64C1AEC280b2c71dA6,0x3CC3c4F12dae4908d140C342EFF50Cf30A56FFFF,0.0008606,-1.33,-0.0422535211267605,1068.18,93405.45,h1
2026-08-20T09:12:00+00:00,四股/WBNB,4STOCKS,bsc,pancakeswap,0x8c57C72F626bA4D63Bd34DDcAa80384EfbaAABb0,0x800aD6bF6747105e3620D3Cb4BceD15AB9e47777,0.0001934,8.01,0.0866141732283464,14067.89,43077.15,h1
2026-08-20T09:12:00+00:00,BULLPISS/SOL,Bullpiss Coin,solana,pumpswap,HtfsTmxJU6YanzC9cZQv6vVL7TQuoWhkiGr1tTofaDGN,3uQw7mq6aZWFsVRSY1yn31QKKu6wzX6n7JeWsXnQpump,1.694e-06,0.0,0.0,0.0,1839.08,h1
2026-08-20T09:12:00+00:00,SHILL/SOL,Shill Coin,solana,pumpswap,GA5sLR3xKXHf4ViQHQrGrhCLYjkRc8vpMp91LEP8kZxT,7BXYMC2Fr1sExAj7gH71YJNhWzw532AN7WLdmVZnpump,2.384e-06,0.0,0.0,0.0,2309.18,h1
2026-08-20T09:12:00+00:00,HIGHER/SOL,Fuck You Higher,solana,pumpswap,2b85UCz6LCcCaZ3YfqnahdcP113KeEQuQgfcgC98T2tg,CzymhMxfqWxuf4y5xiAdRYXBK7ozMLLum2g6WDGgpump,2.161e-06,0.0,0.0,0.0,2152.86,h1
2026-08-20T09:12:00+00:00,BULLCUM/SOL,Bullcum Coin,solana,pumpswap,7c672apFpNeBQNhsH4uSxwh4UsK99jaTLxSeKWD2PLXz,8WB6TuGytm5Q7YfSfD1LPzeQYV2LnTqgC5ASxnJZpump,1.737e-06,3.06,0.0,2.28,1825.79,h1
2026-08-20T09:12:00+00:00,MEMEFUND/SOL,MemeFund,solana,pumpfun,7ZfVT9tt3boMBKVmKHnYWP56LfrcdVwbK5bfZCYtUTCd,HBpNF11UdtTD8n3MySe8K3v9VQZJmYUkxpo6V8xFpump,4.511e-06,-6.14,-0.6,188.83,0.0,h1
2026-08-20T09:12:00+00:00,BABYANSEM/SOL,The Black Baby Bull,solana,pumpswap,Hwf7k8jtKJS4gGFg7DTmiaBuGgoejktCSQiXeTkW1S1s,9HNEutCZLoo6GZWQTmAgVvbtmLGV1mdeR8X3HWTooYXt,6.822e-05,54.6,0.1956521739130435,3857.88,20107.03,h1
2026-08-20T09:12:00+00:00,SolSeason/SOL,SolSeason,solana,pumpswap,DCzNTu1QR9NYDJhNxY9ZsUJYJGKCfuLsUwH48pqFPRp4,APLJwe3Bg9T7dZFSuTouchgptwrL8sxHEC1fU3Fppump,1.784e-06,-0.02,-1.0,0.64,1914.3,h1
2026-08-20T09:12:00+00:00,BULLTN/SOL,Sir Bullington,solana,pumpswap,DayrERHvoshQQw2DsT5mrKoc3kTT2XxCvFv1wkPaQzrf,9KbvJ3RitJ8rFDAM6rEVKKJV8Y4sKsawnYJR4QKHpump,2.109e-06,0.84,-1.0,0.74,2619.28,h1
2026-08-20T09:14:00+00:00,hiyoko/SOL,okina hiyoko,solana,pumpswap,DFkQRHobZDYV5NRYt2jo2sXoAPEGUqFFt3PW83NifW1T,3EeUKUyvDPrqWRCb7aimNspn2Em8uTcSpG8L2Hqepump,1.725e-06,-98.86,-0.5813008130081301,32007.69,1765.78,h1
2026-08-20T09:14:00+00:00,ANSEMBULL/SOL,Ansem the Bull,solana,pumpswap,CbR6d3qmFhttCmKd9LwKdyeZXRPVU2jmtis9Gb2A9KyK,2UKkazisyXfWUyLT4eqCgvEV6KNaxqwkHU49htQppump,0.0002692,0.06,0.9763079960513328,394.48,224013.57,h1
2026-08-20T09:14:00+00:00,TOESCOIN/SOL,TOES,solana,pumpswap,EE3zk9Fxp9guair2xeReFxf4TsEXeZFFuWETRna2PkcV,6ehEcTMCc85aNF4x9CWx8HuvWGhxQtvKdhKVf2HDpump,0.006283,0.83,0.2426035502958579,173638.47,345903.59,h1
2026-08-20T09:14:00+00:00,ALIVE/SOL,ALIVE,solana,pumpswap,8zbTgmduTkA1A1x9rxGpKWRF3FryUycB9CN3dwpoY93V,5rJthJB5JZwDvk57je7kod1wkQ7oQgoski9XH2PXpump,0.0001067,3.84,0.4074074074074074,13208.86,24929.07,h1
2026-08-20T09:14:00+00:00,MRNA/SOL,Moderna Inc,solana,pumpswap,BPY94CxfMdp5DzW79swwi3YP4Xa8gjq3CsdMDKUsHnsf,6TpjRqHB5BBZH6gtKdqiHDD8u7noVqS85LhtwxySpump,0.0001354,-6.02,0.1836068916301355,119034.93,31280.82,h1
2026-08-20T09:14:00+00:00,NEWBIE/SOL,Newbie,solana,pumpswap,CcfmG8AruateK12bhMo2BHNYQiQ1JiWLyTBzmMwKuZip,4Xg9qDuEP1vMEwqMr2yWo92Yn9a7xZu5BNQBbXVfpump,0.0001644,-16.32,0.0196078431372549,11760.94,32562.92,h1
2026-08-20T09:14:00+00:00,KEKODYSSEUS/SOL,Kekius Odysseus,solana,pumpswap,FxNzpZQMXyNFzMtVshyHyJJWVRPcqLJBHA5v1uVYnqP1,HiY4qx8j5QuVh5UFnKyFq1DvzzDNgFkgyyhEeDXhpump,0.000478,-8.86,0.0783410138248847,16614.17,56874.17,h1
2026-08-20T09:14:00+00:00,HORNS/SOL,bull's horns,solana,pumpswap,GdWcLgzqUd6zhuZdrWXkVAe1z62QSrjobmVC3Jw88vNG,DtK83HpaHULMao5PPRTubJgWFbfxtSsQWbfELRPVpump,8.342e-05,1.21,0.1134020618556701,4634.91,22189.28,h1
2026-08-20T09:14:00+00:00,PANTS/SOL,dogwifpants,solana,meteora,GY3MFw5FhhFPpbiQtW9qxzxT7kYvre542evGR9fXbAxp,FtateF34Xzawa91bpbVNdX72hZYo9cymRDYqBreHHbJi,0.0003256,0.43,0.0422535211267605,4440.22,66575.3,h1
2026-08-20T09:14:00+00:00,DPG/SOL,Dumb Phone Gang,solana,pumpswap,8TbYi38UqcedfptvjN2rURLbGbGub3itp2hgLvvS35hY,LFEJTxJ9yi6ojGDFpjbGfABLbH55Fc3oEK8syJJpump,0.002803,-4.83,0.0,15905.77,167985.43,h1
2026-08-20T09:14:00+00:00,NiuLai/SPCXB,牛来,bsc,pancakeswap,0xC1F569122caF558D40481C64C1AEC280b2c71dA6,0x3CC3c4F12dae4908d140C342EFF50Cf30A56FFFF,0.0008779,0.65,-0.0410958904109589,1787.74,94227.08,h1
2026-08-20T09:14:00+00:00,四股/WBNB,4STOCKS,bsc,pancakeswap,0x8c57C72F626bA4D63Bd34DDcAa80384EfbaAABb0,0x800aD6bF6747105e3620D3Cb4BceD15AB9e47777,0.000193,5.5,0.0629921259842519,14053.17,43012.99,h1
2026-08-20T09:14:00+00:00,BULLPISS/SOL,Bullpiss Coin,solana,pumpswap,HtfsTmxJU6YanzC9cZQv6vVL7TQuoWhkiGr1tTofaDGN,3uQw7mq6aZWFsVRSY1yn31QKKu6wzX6n7JeWsXnQpump,1.694e-06,0.0,0.0,0.0,1839.08,h1
2026-08-20T09:14:00+00:00,SHILL/SOL,Shill Coin,solana,pumpswap,GA5sLR3xKXHf4ViQHQrGrhCLYjkRc8vpMp91LEP8kZxT,7BXYMC2Fr1sExAj7gH71YJNhWzw532AN7WLdmVZnpump,2.384e-06,0.0,0.0,0.0,2309.18,h1
2026-08-20T09:14:00+00:00,HIGHER/SOL,Fuck You Higher,solana,pumpswap,2b85UCz6LCcCaZ3YfqnahdcP113KeEQuQgfcgC98T2tg,CzymhMxfqWxuf4y5xiAdRYXBK7ozMLLum2g6WDGgpump,2.161e-06,0.0,0.0,0.0,2152.86,h1
2026-08-20T09:14:00+00:00,BULLCUM/SOL,Bullcum Coin,solana,pumpswap,7c672apFpNeBQNhsH4uSxwh4UsK99jaTLxSeKWD2PLXz,8WB6TuGytm5Q7YfSfD1LPzeQYV2LnTqgC5ASxnJZpump,1.737e-06,3.06,0.0,2.28,1825.79,h1
2026-08-20T09:14:00+00:00,BABYANSEM/SOL,The Black Baby Bull,solana,pumpswap,Hwf7k8jtKJS4gGFg7DTmiaBuGgoejktCSQiXeTkW1S1s,9HNEutCZLoo6GZWQTmAgVvbtmLGV1mdeR8X3HWTooYXt,6.711e-05,52.08,0.1881188118811881,5245.38,19937.82,h1
2026-08-20T09:14:00+00:00,MEMEFUND/SOL,MemeFund,solana,pumpfun,7ZfVT9tt3boMBKVmKHnYWP56LfrcdVwbK5bfZCYtUTCd,HBpNF11UdtTD8n3MySe8K3v9VQZJmYUkxpo6V8xFpump,4.511e-06,-0.57,-0.5555555555555556,78.7,0.0,h1
2026-08-20T09:14:00+00:00,SolSeason/SOL,SolSeason,solana,pumpswap,DCzNTu1QR9NYDJhNxY9ZsUJYJGKCfuLsUwH48pqFPRp4,APLJwe3Bg9T7dZFSuTouchgptwrL8sxHEC1fU3Fppump,1.784e-06,-0.02,-1.0,0.64,1914.3,h1
2026-08-20T09:14:00+00:00,BULLTN/SOL,Sir Bullington,solana,pumpswap,DayrERHvoshQQw2DsT5mrKoc3kTT2XxCvFv1wkPaQzrf,9KbvJ3RitJ8rFDAM6rEVKKJV8Y4sKsawnYJR4QKHpump,2.109e-06,0.84,-1.0,0.74,2619.28,h1
2026-08-20T09:16:00+00:00,hiyoko/SOL,okina hiyoko,solana,pumpswap,DFkQRHobZDYV5NRYt2jo2sXoAPEGUqFFt3PW83NifW1T,3EeUKUyvDPrqWRCb7aimNspn2Em8uTcSpG8L2Hqepump,1.725e-06,-98.82,-0.6636363636363637,29625.0,1765.78,h1
2026-08-20T09:16:00+00:00,ANSEMBULL/SOL,Ansem the Bull,solana,pumpswap,CbR6d3qmFhttCmKd9LwKdyeZXRPVU2jmtis9Gb2A9KyK,2UKkazisyXfWUyLT4eqCgvEV6KNaxqwkHU49htQppump,0.0002694,0.16,0.9764936336924585,394.48,224167.14,h1
2026-08-20T09:16:00+00:00,TOESCOIN/SOL,TOES,solana,pumpswap,EE3zk9Fxp9guair2xeReFxf4TsEXeZFFuWETRna2PkcV,6ehEcTMCc85aNF4x9CWx8HuvWGhxQtvKdhKVf2HDpump,0.006291,1.24,0.2433257055682685,174372.73,346220.94,h1
2026-08-20T09:16:00+00:00,ALIVE/SOL,ALIVE,solana,pumpswap,8zbTgmduTkA1A1x9rxGpKWRF3FryUycB9CN3dwpoY93V,5rJthJB5JZwDvk57je7kod1wkQ7oQgoski9XH2PXpump,0.0001086,4.59,0.4105263157894737,13197.76,25170.43,h1
2026-08-20T09:16:00+00:00,MRNA/SOL,Moderna Inc,solana,pumpswap,BPY94CxfMdp5DzW79swwi3YP4Xa8gjq3CsdMDKUsHnsf,6TpjRqHB5BBZH6gtKdqiHDD8u7noVqS85LhtwxySpump,0.0001364,-4.09,0.1826587220053421,120065.79,31421.09,h1
2026-08-20T09:16:00+00:00,NEWBIE/SOL,Newbie,solana,pumpswap,CcfmG8AruateK12bhMo2BHNYQiQ1JiWLyTBzmMwKuZip,4Xg9qDuEP1vMEwqMr2yWo92Yn9a7xZu5BNQBbXVfpump,0.0001665,-13.74,0.024390243902439,11744.4,32785.85,h1
2026-08-20T09:16:00+00:00,KEKODYSSEUS/SOL,Kekius Odysseus,solana,pumpswap,FxNzpZQMXyNFzMtVshyHyJJWVRPcqLJBHA5v1uVYnqP1,HiY4qx8j5QuVh5UFnKyFq1DvzzDNgFkgyyhEeDXhpump,0.000482,-7.88,0.0783410138248847,16158.98,57145.9,h1
2026-08-20T09:16:00+00:00,HORNS/SOL,bull's horns,solana,pumpswap,GdWcLgzqUd6zhuZdrWXkVAe1z62QSrjobmVC3Jw88vNG,DtK83HpaHULMao5PPRTubJgWFbfxtSsQWbfELRPVpump,8.723e-05,5.62,0.1515151515151515,4830.1,22737.4,h1
2026-08-20T09:16:00+00:00,PANTS/SOL,dogwifpants,solana,meteora,GY3MFw5FhhFPpbiQtW9qxzxT7kYvre542evGR9fXbAxp,FtateF34Xzawa91bpbVNdX72hZYo9cymRDYqBreHHbJi,0.0003257,0.13,0.0140845070422535,4573.37,66609.08,h1
2026-08-20T09:16:00+00:00,DPG/SOL,Dumb Phone Gang,solana,pumpswap,8TbYi38UqcedfptvjN2rURLbGbGub3itp2hgLvvS35hY,LFEJTxJ9yi6ojGDFpjbGfABLbH55Fc3oEK8syJJpump,0.002807,-4.69,0.0055865921787709,15906.29,168199.91,h1
2026-08-20T09:16:00+00:00,NiuLai/SPCXB,牛来,bsc,pancakeswap,0xC1F569122caF558D40481C64C1AEC280b2c71dA6,0x3CC3c4F12dae4908d140C342EFF50Cf30A56FFFF,0.0008771,0.66,-0.0410958904109589,1777.53,94126.43,h1
2026-08-20T09:16:00+00:00,SHILL/SOL,Shill Coin,solana,pumpswap,GA5sLR3xKXHf4ViQHQrGrhCLYjkRc8vpMp91LEP8kZxT,7BXYMC2Fr1sExAj7gH71YJNhWzw532AN7WLdmVZnpump,2.384e-06,0.0,0.0,0.0,2309.18,h1
2026-08-20T09:16:00+00:00,BULLPISS/SOL,Bullpiss Coin,solana,pumpswap,HtfsTmxJU6YanzC9cZQv6vVL7TQuoWhkiGr1tTofaDGN,3uQw7mq6aZWFsVRSY1yn31QKKu6wzX6n7JeWsXnQpump,1.694e-06,0.0,0.0,0.0,1839.08,h1
2026-08-20T09:16:00+00:00,HIGHER/SOL,Fuck You Higher,solana,pumpswap,2b85UCz6LCcCaZ3YfqnahdcP113KeEQuQgfcgC98T2tg,CzymhMxfqWxuf4y5xiAdRYXBK7ozMLLum2g6WDGgpump,2.161e-06,0.0,0.0,0.0,2152.86,h1
2026-08-20T09:16:00+00:00,四股/WBNB,4STOCKS,bsc,pancakeswap,0x8c57C72F626bA4D63Bd34DDcAa80384EfbaAABb0,0x800aD6bF6747105e3620D3Cb4BceD15AB9e47777,0.0001887,6.84,0.0634920634920634,13827.16,42559.27,h1
2026-08-20T09:16:00+00:00,BULLCUM/SOL,Bullcum Coin,solana,pumpswap,7c672apFpNeBQNhsH4uSxwh4UsK99jaTLxSeKWD2PLXz,8WB6TuGytm5Q7YfSfD1LPzeQYV2LnTqgC5ASxnJZpump,1.737e-06,3.06,0.0,2.28,1825.79,h1
2026-08-20T09:16:00+00:00,BABYANSEM/SOL,The Black Baby Bull,solana,pumpswap,Hwf7k8jtKJS4gGFg7DTmiaBuGgoejktCSQiXeTkW1S1s,9HNEutCZLoo6GZWQTmAgVvbtmLGV1mdeR8X3HWTooYXt,6.446e-05,46.07,0.1851851851851851,5405.33,19518.26,h1
2026-08-20T09:16:00+00:00,MEMEFUND/SOL,MemeFund,solana,pumpfun,7ZfVT9tt3boMBKVmKHnYWP56LfrcdVwbK5bfZCYtUTCd,HBpNF11UdtTD8n3MySe8K3v9VQZJmYUkxpo6V8xFpump,4.511e-06,-0.57,-0.5555555555555556,78.7,0.0,h1
2026-08-20T09:16:00+00:00,SolSeason/SOL,SolSeason,solana,pumpswap,DCzNTu1QR9NYDJhNxY9ZsUJYJGKCfuLsUwH48pqFPRp4,APLJwe3Bg9T7dZFSuTouchgptwrL8sxHEC1fU3Fppump,1.784e-06,-0.02,-1.0,0.64,1914.3,h1
2026-08-20T09:16:00+00:00,BULLTN/SOL,Sir Bullington,solana,pumpswap,DayrERHvoshQQw2DsT5mrKoc3kTT2XxCvFv1wkPaQzrf,9KbvJ3RitJ8rFDAM6rEVKKJV8Y4sKsawnYJR4QKHpump,2.109e-06,0.84,-1.0,0.74,2619.28,h1
2026-08-20T09:19:00+00:00,NEWBIE/SOL,Newbie,solana,pumpswap,CcfmG8AruateK12bhMo2BHNYQiQ1JiWLyTBzmMwKuZip,4Xg9qDuEP1vMEwqMr2yWo92Yn9a7xZu5BNQBbXVfpump,0.0001577,-23.52,0.0196078431372549,11368.57,31904.11,h1
2026-08-20T09:19:00+00:00,ANSEMBULL/SOL,Ansem the Bull,solana,pumpswap,CbR6d3qmFhttCmKd9LwKdyeZXRPVU2jmtis9Gb2A9KyK,2UKkazisyXfWUyLT4eqCgvEV6KNaxqwkHU49htQppump,0.00027,0.31,0.9765395894428152,491.6,217050.77,h1
2026-08-20T09:19:00+00:00,TOESCOIN/SOL,TOES,solana,pumpswap,EE3zk9Fxp9guair2xeReFxf4TsEXeZFFuWETRna2PkcV,6ehEcTMCc85aNF4x9CWx8HuvWGhxQtvKdhKVf2HDpump,0.006357,1.31,0.2418864097363083,173557.83,348342.65,h1
2026-08-20T09:19:00+00:00,KEKODYSSEUS/SOL,Kekius Odysseus,solana,pumpswap,FxNzpZQMXyNFzMtVshyHyJJWVRPcqLJBHA5v1uVYnqP1,HiY4qx8j5QuVh5UFnKyFq1DvzzDNgFkgyyhEeDXhpump,0.0004821,-8.09,0.0764525993883792,15244.26,57188.67,h1
2026-08-20T09:19:00+00:00,DPG/SOL,Dumb Phone Gang,solana,pumpswap,8TbYi38UqcedfptvjN2rURLbGbGub3itp2hgLvvS35hY,LFEJTxJ9yi6ojGDFpjbGfABLbH55Fc3oEK8syJJpump,0.002751,-7.67,-0.0941176470588235,15224.87,166512.19,h1
2026-08-20T09:19:00+00:00,MRNA/SOL,Moderna Inc,solana,pumpswap,BPY94CxfMdp5DzW79swwi3YP4Xa8gjq3CsdMDKUsHnsf,6TpjRqHB5BBZH6gtKdqiHDD8u7noVqS85LhtwxySpump,0.0001509,4.11,0.1714344094809971,122905.72,33167.04,h1
2026-08-20T09:19:00+00:00,ALIVE/SOL,ALIVE,solana,pumpswap,8zbTgmduTkA1A1x9rxGpKWRF3FryUycB9CN3dwpoY93V,5rJthJB5JZwDvk57je7kod1wkQ7oQgoski9XH2PXpump,0.0001149,11.75,0.418848167539267,13559.43,25952.85,h1
2026-08-20T09:19:00+00:00,NiuLai/SPCXB,牛来,bsc,pancakeswap,0xC1F569122caF558D40481C64C1AEC280b2c71dA6,0x3CC3c4F12dae4908d140C342EFF50Cf30A56FFFF,0.0008777,0.64,-0.0571428571428571,1774.85,94192.49,h1
2026-08-20T09:19:00+00:00,四股/WBNB,4STOCKS,bsc,pancakeswap,0x8c57C72F626bA4D63Bd34DDcAa80384EfbaAABb0,0x800aD6bF6747105e3620D3Cb4BceD15AB9e47777,0.0001829,2.06,0.0495867768595041,13454.12,41883.83,h1
2026-08-20T09:19:00+00:00,BULLPISS/SOL,Bullpiss Coin,solana,pumpswap,HtfsTmxJU6YanzC9cZQv6vVL7TQuoWhkiGr1tTofaDGN,3uQw7mq6aZWFsVRSY1yn31QKKu6wzX6n7JeWsXnQpump,1.694e-06,0.0,0.0,0.0,1839.08,h1
2026-08-20T09:19:00+00:00,HIGHER/SOL,Fuck You Higher,solana,pumpswap,2b85UCz6LCcCaZ3YfqnahdcP113KeEQuQgfcgC98T2tg,CzymhMxfqWxuf4y5xiAdRYXBK7ozMLLum2g6WDGgpump,2.161e-06,0.0,0.0,0.0,2152.86,h1
2026-08-20T09:19:00+00:00,SHILL/SOL,Shill Coin,solana,pumpswap,GA5sLR3xKXHf4ViQHQrGrhCLYjkRc8vpMp91LEP8kZxT,7BXYMC2Fr1sExAj7gH71YJNhWzw532AN7WLdmVZnpump,2.384e-06,0.0,0.0,0.0,2309.18,h1
2026-08-20T09:19:00+00:00,PANTS/SOL,dogwifpants,solana,meteora,GY3MFw5FhhFPpbiQtW9qxzxT7kYvre542evGR9fXbAxp,FtateF34Xzawa91bpbVNdX72hZYo9cymRDYqBreHHbJi,0.0003438,5.64,0.1111111111111111,5840.35,69284.45,h1
2026-08-20T09:19:00+00:00,HORNS/SOL,bull's horns,solana,pumpswap,GdWcLgzqUd6zhuZdrWXkVAe1z62QSrjobmVC3Jw88vNG,DtK83HpaHULMao5PPRTubJgWFbfxtSsQWbfELRPVpump,8.85e-05,4.72,0.125,4699.66,22924.36,h1
2026-08-20T09:19:00+00:00,BULLCUM/SOL,Bullcum Coin,solana,pumpswap,7c672apFpNeBQNhsH4uSxwh4UsK99jaTLxSeKWD2PLXz,8WB6TuGytm5Q7YfSfD1LPzeQYV2LnTqgC5ASxnJZpump,1.737e-06,3.06,0.0,2.28,1825.79,h1
2026-08-20T09:19:00+00:00,hiyoko/SOL,okina hiyoko,solana,pumpswap,DFkQRHobZDYV5NRYt2jo2sXoAPEGUqFFt3PW83NifW1T,3EeUKUyvDPrqWRCb7aimNspn2Em8uTcSpG8L2Hqepump,1.725e-06,-0.82,-0.4782608695652174,78.29,1765.78,h1
2026-08-20T09:19:00+00:00,MEMEFUND/SOL,MemeFund,solana,pumpfun,7ZfVT9tt3boMBKVmKHnYWP56LfrcdVwbK5bfZCYtUTCd,HBpNF11UdtTD8n3MySe8K3v9VQZJmYUkxpo6V8xFpump,4.515e-06,-0.48,-0.6,80.99,0.0,h1
2026-08-20T09:19:00+00:00,BABYANSEM/SOL,The Black Baby Bull,solana,pumpswap,Hwf7k8jtKJS4gGFg7DTmiaBuGgoejktCSQiXeTkW1S1s,9HNEutCZLoo6GZWQTmAgVvbtmLGV1mdeR8X3HWTooYXt,5.704e-05,28.6,0.1968503937007874,6516.17,18281.6,h1
2026-08-20T09:19:00+00:00,SolSeason/SOL,SolSeason,solana,pumpswap,DCzNTu1QR9NYDJhNxY9ZsUJYJGKCfuLsUwH48pqFPRp4,APLJwe3Bg9T7dZFSuTouchgptwrL8sxHEC1fU3Fppump,1.784e-06,-0.02,-1.0,0.64,1914.3,h1
2026-08-20T09:19:00+00:00,BULLTN/SOL,Sir Bullington,solana,pumpswap,DayrERHvoshQQw2DsT5mrKoc3kTT2XxCvFv1wkPaQzrf,9KbvJ3RitJ8rFDAM6rEVKKJV8Y4sKsawnYJR4QKHpump,2.109e-06,0.84,-1.0,0.74,2619.28,h1
2026-08-20T09:24:00+00:00,NEWBIE/SOL,Newbie,solana,pumpswap,CcfmG8AruateK12bhMo2BHNYQiQ1JiWLyTBzmMwKuZip,4Xg9qDuEP1vMEwqMr2yWo92Yn9a7xZu5BNQBbXVfpump,0.0001431,-30.72,0.0214592274678111,13277.84,30319.59,h1
2026-08-20T09:24:00+00:00,ANSEMBULL/SOL,Ansem the Bull,solana,pumpswap,CbR6d3qmFhttCmKd9LwKdyeZXRPVU2jmtis9Gb2A9KyK,2UKkazisyXfWUyLT4eqCgvEV6KNaxqwkHU49htQppump,0.0002699,0.77,0.9763779527559056,479.47,216951.87,h1
2026-08-20T09:24:00+00:00,TOESCOIN/SOL,TOES,solana,pumpswap,EE3zk9Fxp9guair2xeReFxf4TsEXeZFFuWETRna2PkcV,6ehEcTMCc85aNF4x9CWx8HuvWGhxQtvKdhKVf2HDpump,0.006341,1.85,0.2412225309421571,174054.36,347876.86,h1
2026-08-20T09:24:00+00:00,DPG/SOL,Dumb Phone Gang,solana,pumpswap,8TbYi38UqcedfptvjN2rURLbGbGub3itp2hgLvvS35hY,LFEJTxJ9yi6ojGDFpjbGfABLbH55Fc3oEK8syJJpump,0.002685,-10.84,0.064039408866995,21727.54,164612.19,h1
2026-08-20T09:24:00+00:00,KEKODYSSEUS/SOL,Kekius Odysseus,solana,pumpswap,FxNzpZQMXyNFzMtVshyHyJJWVRPcqLJBHA5v1uVYnqP1,HiY4qx8j5QuVh5UFnKyFq1DvzzDNgFkgyyhEeDXhpump,0.0004754,-8.57,0.072289156626506,13571.99,56786.39,h1
2026-08-20T09:24:00+00:00,HORNS/SOL,bull's horns,solana,pumpswap,GdWcLgzqUd6zhuZdrWXkVAe1z62QSrjobmVC3Jw88vNG,DtK83HpaHULMao5PPRTubJgWFbfxtSsQWbfELRPVpump,8.5e-05,-2.53,0.0319148936170212,4589.34,22438.13,h1
2026-08-20T09:24:00+00:00,ALIVE/SOL,ALIVE,solana,pumpswap,8zbTgmduTkA1A1x9rxGpKWRF3FryUycB9CN3dwpoY93V,5rJthJB5JZwDvk57je7kod1wkQ7oQgoski9XH2PXpump,0.0001157,11.36,0.4020618556701031,13449.4,26054.38,h1
2026-08-20T09:24:00+00:00,PIPEDOG/WETH,pipedog,robinhood,uniswap,0xB7f10f74B39291b9290b779978e19A7637C742D6,0x5Cb6F181081301b44905F3ae15419112ecaBd8A6,0.002573,0.9,0.0114942528735632,23693.63,9958968.72,h1
2026-08-20T09:24:00+00:00,PANTS/SOL,dogwifpants,solana,meteora,GY3MFw5FhhFPpbiQtW9qxzxT7kYvre542evGR9fXbAxp,FtateF34Xzawa91bpbVNdX72hZYo9cymRDYqBreHHbJi,0.0003389,2.58,0.072463768115942,5495.34,68602.19,h1
2026-08-20T09:24:00+00:00,NiuLai/SPCXB,牛来,bsc,pancakeswap,0xC1F569122caF558D40481C64C1AEC280b2c71dA6,0x3CC3c4F12dae4908d140C342EFF50Cf30A56FFFF,0.0008795,0.92,-0.0277777777777777,1783.49,94389.38,h1
2026-08-20T09:24:00+00:00,HIGHER/SOL,Fuck You Higher,solana,pumpswap,2b85UCz6LCcCaZ3YfqnahdcP113KeEQuQgfcgC98T2tg,CzymhMxfqWxuf4y5xiAdRYXBK7ozMLLum2g6WDGgpump,2.161e-06,0.0,0.0,0.0,2152.86,h1
2026-08-20T09:24:00+00:00,SHILL/SOL,Shill Coin,solana,pumpswap,GA5sLR3xKXHf4ViQHQrGrhCLYjkRc8vpMp91LEP8kZxT,7BXYMC2Fr1sExAj7gH71YJNhWzw532AN7WLdmVZnpump,2.384e-06,0.0,0.0,0.0,2309.18,h1
2026-08-20T09:24:00+00:00,BULLPISS/SOL,Bullpiss Coin,solana,pumpswap,HtfsTmxJU6YanzC9cZQv6vVL7TQuoWhkiGr1tTofaDGN,3uQw7mq6aZWFsVRSY1yn31QKKu6wzX6n7JeWsXnQpump,1.694e-06,0.0,0.0,0.0,1839.08,h1
2026-08-20T09:24:00+00:00,四股/WBNB,4STOCKS,bsc,pancakeswap,0x8c57C72F626bA4D63Bd34DDcAa80384EfbaAABb0,0x800aD6bF6747105e3620D3Cb4BceD15AB9e47777,0.0001922,5.33,0.0924369747899159,12883.88,42995.65,h1
2026-08-20T09:24:00+00:00,BULLCUM/SOL,Bullcum Coin,solana,pumpswap,7c672apFpNeBQNhsH4uSxwh4UsK99jaTLxSeKWD2PLXz,8WB6TuGytm5Q7YfSfD1LPzeQYV2LnTqgC5ASxnJZpump,1.737e-06,3.06,0.0,2.28,1825.79,h1
2026-08-20T09:24:00+00:00,MRNA/SOL,Moderna Inc,solana,pumpswap,BPY94CxfMdp5DzW79swwi3YP4Xa8gjq3CsdMDKUsHnsf,6TpjRqHB5BBZH6gtKdqiHDD8u7noVqS85LhtwxySpump,0.0001637,16.63,0.1555695803092458,124198.12,34637.99,h1
2026-08-20T09:24:00+00:00,hiyoko/SOL,okina hiyoko,solana,pumpswap,DFkQRHobZDYV5NRYt2jo2sXoAPEGUqFFt3PW83NifW1T,3EeUKUyvDPrqWRCb7aimNspn2Em8uTcSpG8L2Hqepump,1.725e-06,-0.52,-0.5,46.29,1765.78,h1
2026-08-20T09:24:00+00:00,MEMEFUND/SOL,MemeFund,solana,pumpfun,7ZfVT9tt3boMBKVmKHnYWP56LfrcdVwbK5bfZCYtUTCd,HBpNF11UdtTD8n3MySe8K3v9VQZJmYUkxpo6V8xFpump,4.504e-06,-0.27,-0.6,73.8,0.0,h1
2026-08-20T09:24:00+00:00,SolSeason/SOL,SolSeason,solana,pumpswap,DCzNTu1QR9NYDJhNxY9ZsUJYJGKCfuLsUwH48pqFPRp4,APLJwe3Bg9T7dZFSuTouchgptwrL8sxHEC1fU3Fppump,1.784e-06,-0.02,-1.0,0.64,1914.3,h1
2026-08-20T09:24:00+00:00,BULLTN/SOL,Sir Bullington,solana,pumpswap,DayrERHvoshQQw2DsT5mrKoc3kTT2XxCvFv1wkPaQzrf,9KbvJ3RitJ8rFDAM6rEVKKJV8Y4sKsawnYJR4QKHpump,2.109e-06,0.71,-1.0,0.54,2619.28,h1
2026-08-20T09:54:00+00:00,ANSEMBULL/SOL,Ansem the Bull,solana,pumpswap,CbR6d3qmFhttCmKd9LwKdyeZXRPVU2jmtis9Gb2A9KyK,2UKkazisyXfWUyLT4eqCgvEV6KNaxqwkHU49htQppump,3.081e-06,-98.86,0.9732142857142856,370.44,3471.67,h1
2026-08-20T09:54:00+00:00,SolSeason/SOL,SolSeason,solana,pumpswap,DCzNTu1QR9NYDJhNxY9ZsUJYJGKCfuLsUwH48pqFPRp4,APLJwe3Bg9T7dZFSuTouchgptwrL8sxHEC1fU3Fppump,1.839e-06,3.08,1.0,24.34,1966.76,h1
2026-08-20T09:54:00+00:00,TOESCOIN/SOL,TOES,solana,pumpswap,EE3zk9Fxp9guair2xeReFxf4TsEXeZFFuWETRna2PkcV,6ehEcTMCc85aNF4x9CWx8HuvWGhxQtvKdhKVf2HDpump,0.006293,0.89,0.2467138523761375,175898.59,345689.09,h1
2026-08-20T09:54:00+00:00,ALIVE/SOL,ALIVE,solana,pumpswap,8zbTgmduTkA1A1x9rxGpKWRF3FryUycB9CN3dwpoY93V,5rJthJB5JZwDvk57je7kod1wkQ7oQgoski9XH2PXpump,0.0001184,8.38,0.4072289156626506,12302.0,26303.53,h1
2026-08-20T09:54:00+00:00,NEWBIE/SOL,Newbie,solana,pumpswap,CcfmG8AruateK12bhMo2BHNYQiQ1JiWLyTBzmMwKuZip,4Xg9qDuEP1vMEwqMr2yWo92Yn9a7xZu5BNQBbXVfpump,0.0001811,-4.08,0.0339622641509433,13959.8,34193.87,h1
2026-08-20T09:54:00+00:00,PIPEDOG/WETH,pipedog,robinhood,uniswap,0xB7f10f74B39291b9290b779978e19A7637C742D6,0x5Cb6F181081301b44905F3ae15419112ecaBd8A6,0.002537,-0.76,-0.0389610389610389,50796.97,9853190.9,h1
2026-08-20T09:54:00+00:00,HORNS/SOL,bull's horns,solana,pumpswap,GdWcLgzqUd6zhuZdrWXkVAe1z62QSrjobmVC3Jw88vNG,DtK83HpaHULMao5PPRTubJgWFbfxtSsQWbfELRPVpump,7.997e-05,0.47,0.0980392156862745,3975.36,21649.87,h1
2026-08-20T09:54:00+00:00,DPG/SOL,Dumb Phone Gang,solana,pumpswap,8TbYi38UqcedfptvjN2rURLbGbGub3itp2hgLvvS35hY,LFEJTxJ9yi6ojGDFpjbGfABLbH55Fc3oEK8syJJpump,0.002387,-16.33,-0.2375,33995.31,154839.65,h1
2026-08-20T09:54:00+00:00,NiuLai/SPCXB,牛来,bsc,pancakeswap,0xC1F569122caF558D40481C64C1AEC280b2c71dA6,0x3CC3c4F12dae4908d140C342EFF50Cf30A56FFFF,0.0008774,1.16,0.0,1744.76,94184.17,h1
2026-08-20T09:54:00+00:00,hiyoko/SOL,okina hiyoko,solana,pumpswap,DFkQRHobZDYV5NRYt2jo2sXoAPEGUqFFt3PW83NifW1T,3EeUKUyvDPrqWRCb7aimNspn2Em8uTcSpG8L2Hqepump,1.725e-06,0.0,0.0,0.0,1765.78,h1
2026-08-20T09:54:00+00:00,SHILL/SOL,Shill Coin,solana,pumpswap,GA5sLR3xKXHf4ViQHQrGrhCLYjkRc8vpMp91LEP8kZxT,7BXYMC2Fr1sExAj7gH71YJNhWzw532AN7WLdmVZnpump,2.384e-06,0.0,0.0,0.0,2309.18,h1
2026-08-20T09:54:00+00:00,HIGHER/SOL,Fuck You Higher,solana,pumpswap,2b85UCz6LCcCaZ3YfqnahdcP113KeEQuQgfcgC98T2tg,CzymhMxfqWxuf4y5xiAdRYXBK7ozMLLum2g6WDGgpump,2.161e-06,0.0,0.0,0.0,2152.86,h1
2026-08-20T09:54:00+00:00,BULLPISS/SOL,Bullpiss Coin,solana,pumpswap,HtfsTmxJU6YanzC9cZQv6vVL7TQuoWhkiGr1tTofaDGN,3uQw7mq6aZWFsVRSY1yn31QKKu6wzX6n7JeWsXnQpump,1.694e-06,0.0,0.0,0.0,1839.08,h1
2026-08-20T09:54:00+00:00,BULLCUM/SOL,Bullcum Coin,solana,pumpswap,7c672apFpNeBQNhsH4uSxwh4UsK99jaTLxSeKWD2PLXz,8WB6TuGytm5Q7YfSfD1LPzeQYV2LnTqgC5ASxnJZpump,1.737e-06,0.0,0.0,0.0,1825.79,h1
2026-08-20T09:54:00+00:00,MRNA/SOL,Moderna Inc,solana,pumpswap,BPY94CxfMdp5DzW79swwi3YP4Xa8gjq3CsdMDKUsHnsf,6TpjRqHB5BBZH6gtKdqiHDD8u7noVqS85LhtwxySpump,0.000115,24.87,0.1496913580246913,130342.34,28827.45,h1
2026-08-20T09:54:00+00:00,KEKODYSSEUS/SOL,Kekius Odysseus,solana,pumpswap,FxNzpZQMXyNFzMtVshyHyJJWVRPcqLJBHA5v1uVYnqP1,HiY4qx8j5QuVh5UFnKyFq1DvzzDNgFkgyyhEeDXhpump,0.0005081,11.75,0.0861618798955613,14350.68,58571.11,h1
2026-08-20T09:54:00+00:00,四股/WBNB,4STOCKS,bsc,pancakeswap,0x8c57C72F626bA4D63Bd34DDcAa80384EfbaAABb0,0x800aD6bF6747105e3620D3Cb4BceD15AB9e47777,0.0002399,15.21,0.1428571428571428,14435.53,48040.84,h1
2026-08-20T09:54:00+00:00,MEMEFUND/SOL,MemeFund,solana,pumpfun,7ZfVT9tt3boMBKVmKHnYWP56LfrcdVwbK5bfZCYtUTCd,HBpNF11UdtTD8n3MySe8K3v9VQZJmYUkxpo6V8xFpump,4.427e-06,-1.51,-0.5714285714285714,117.96,0.0,h1
2026-08-20T09:54:00+00:00,DEGEN/WETH,Degen,base,uniswap,0x0cA6485b7e9cF814A3Fd09d81672B07323535b64,0x4ed4E862860beD51a9570b96d89aF5E1B0Efefed,0.001008,0.58,-0.8333333333333334,582.63,849631.36,h1
2026-08-20T09:54:00+00:00,BULLTN/SOL,Sir Bullington,solana,pumpswap,DayrERHvoshQQw2DsT5mrKoc3kTT2XxCvFv1wkPaQzrf,9KbvJ3RitJ8rFDAM6rEVKKJV8Y4sKsawnYJR4QKHpump,2.109e-06,0.51,-1.0,0.19,2619.28,h1
2026-08-20T09:55:00+00:00,ANSEMBULL/SOL,Ansem the Bull,solana,pumpswap,CbR6d3qmFhttCmKd9LwKdyeZXRPVU2jmtis9Gb2A9KyK,2UKkazisyXfWUyLT4eqCgvEV6KNaxqwkHU49htQppump,3.081e-06,-98.86,0.9725190839694656,370.44,3471.67,h1
2026-08-20T09:55:00+00:00,SolSeason/SOL,SolSeason,solana,pumpswap,DCzNTu1QR9NYDJhNxY9ZsUJYJGKCfuLsUwH48pqFPRp4,APLJwe3Bg9T7dZFSuTouchgptwrL8sxHEC1fU3Fppump,1.839e-06,3.08,1.0,24.34,1966.76,h1
2026-08-20T09:55:00+00:00,TOESCOIN/SOL,TOES,solana,pumpswap,EE3zk9Fxp9guair2xeReFxf4TsEXeZFFuWETRna2PkcV,6ehEcTMCc85aNF4x9CWx8HuvWGhxQtvKdhKVf2HDpump,0.00633,1.61,0.249683784467493,176452.05,346552.35,h1
2026-08-20T09:55:00+00:00,ALIVE/SOL,ALIVE,solana,pumpswap,8zbTgmduTkA1A1x9rxGpKWRF3FryUycB9CN3dwpoY93V,5rJthJB5JZwDvk57je7kod1wkQ7oQgoski9XH2PXpump,0.0001186,7.74,0.4111922141119221,12167.66,26329.83,h1
2026-08-20T09:55:00+00:00,PIPEDOG/WETH,pipedog,robinhood,uniswap,0xB7f10f74B39291b9290b779978e19A7637C742D6,0x5Cb6F181081301b44905F3ae15419112ecaBd8A6,0.002539,-0.71,-0.0263157894736842,50731.61,9860670.27,h1
2026-08-20T09:55:00+00:00,NEWBIE/SOL,Newbie,solana,pumpswap,CcfmG8AruateK12bhMo2BHNYQiQ1JiWLyTBzmMwKuZip,4Xg9qDuEP1vMEwqMr2yWo92Yn9a7xZu5BNQBbXVfpump,0.0001885,0.28,0.0260223048327137,14532.79,34927.16,h1
2026-08-20T09:55:00+00:00,HORNS/SOL,bull's horns,solana,pumpswap,GdWcLgzqUd6zhuZdrWXkVAe1z62QSrjobmVC3Jw88vNG,DtK83HpaHULMao5PPRTubJgWFbfxtSsQWbfELRPVpump,8.099e-05,2.62,0.1184210526315789,3957.04,21800.6,h1
2026-08-20T09:55:00+00:00,DPG/SOL,Dumb Phone Gang,solana,pumpswap,8TbYi38UqcedfptvjN2rURLbGbGub3itp2hgLvvS35hY,LFEJTxJ9yi6ojGDFpjbGfABLbH55Fc3oEK8syJJpump,0.002333,-17.82,-0.2458333333333333,35113.33,152845.98,h1
2026-08-20T09:55:00+00:00,NiuLai/SPCXB,牛来,bsc,pancakeswap,0xC1F569122caF558D40481C64C1AEC280b2c71dA6,0x3CC3c4F12dae4908d140C342EFF50Cf30A56FFFF,0.0008773,1.23,-0.0144927536231884,1727.66,94188.66,h1
2026-08-20T09:55:00+00:00,KEKODYSSEUS/SOL,Kekius Odysseus,solana,pumpswap,FxNzpZQMXyNFzMtVshyHyJJWVRPcqLJBHA5v1uVYnqP1,HiY4qx8j5QuVh5UFnKyFq1DvzzDNgFkgyyhEeDXhpump,0.0004921,8.16,0.0875816993464052,14772.64,57615.3,h1
2026-08-20T09:55:00+00:00,BULLPISS/SOL,Bullpiss Coin,solana,pumpswap,HtfsTmxJU6YanzC9cZQv6vVL7TQuoWhkiGr1tTofaDGN,3uQw7mq6aZWFsVRSY1yn31QKKu6wzX6n7JeWsXnQpump,1.694e-06,0.0,0.0,0.0,1839.08,h1
2026-08-20T09:55:00+00:00,BULLTN/SOL,Sir Bullington,solana,pumpswap,DayrERHvoshQQw2DsT5mrKoc3kTT2XxCvFv1wkPaQzrf,9KbvJ3RitJ8rFDAM6rEVKKJV8Y4sKsawnYJR4QKHpump,2.109e-06,0.0,0.0,0.0,2619.28,h1
2026-08-20T09:55:00+00:00,hiyoko/SOL,okina hiyoko,solana,pumpswap,DFkQRHobZDYV5NRYt2jo2sXoAPEGUqFFt3PW83NifW1T,3EeUKUyvDPrqWRCb7aimNspn2Em8uTcSpG8L2Hqepump,1.725e-06,0.0,0.0,0.0,1765.78,h1
2026-08-20T09:55:00+00:00,BULLCUM/SOL,Bullcum Coin,solana,pumpswap,7c672apFpNeBQNhsH4uSxwh4UsK99jaTLxSeKWD2PLXz,8WB6TuGytm5Q7YfSfD1LPzeQYV2LnTqgC5ASxnJZpump,1.737e-06,0.0,0.0,0.0,1825.79,h1
2026-08-20T09:55:00+00:00,SHILL/SOL,Shill Coin,solana,pumpswap,GA5sLR3xKXHf4ViQHQrGrhCLYjkRc8vpMp91LEP8kZxT,7BXYMC2Fr1sExAj7gH71YJNhWzw532AN7WLdmVZnpump,2.384e-06,0.0,0.0,0.0,2309.18,h1
2026-08-20T09:55:00+00:00,HIGHER/SOL,Fuck You Higher,solana,pumpswap,2b85UCz6LCcCaZ3YfqnahdcP113KeEQuQgfcgC98T2tg,CzymhMxfqWxuf4y5xiAdRYXBK7ozMLLum2g6WDGgpump,2.161e-06,0.0,0.0,0.0,2152.86,h1
2026-08-20T09:55:00+00:00,四股/WBNB,4STOCKS,bsc,pancakeswap,0x8c57C72F626bA4D63Bd34DDcAa80384EfbaAABb0,0x800aD6bF6747105e3620D3Cb4BceD15AB9e47777,0.0002408,19.79,0.1566265060240964,14323.27,48133.35,h1
2026-08-20T09:55:00+00:00,MRNA/SOL,Moderna Inc,solana,pumpswap,BPY94CxfMdp5DzW79swwi3YP4Xa8gjq3CsdMDKUsHnsf,6TpjRqHB5BBZH6gtKdqiHDD8u7noVqS85LhtwxySpump,0.0001142,33.49,0.1379425147042503,132371.2,28722.99,h1
2026-08-20T09:55:00+00:00,MEMEFUND/SOL,MemeFund,solana,pumpfun,7ZfVT9tt3boMBKVmKHnYWP56LfrcdVwbK5bfZCYtUTCd,HBpNF11UdtTD8n3MySe8K3v9VQZJmYUkxpo6V8xFpump,4.427e-06,-1.51,-0.5714285714285714,117.96,0.0,h1
2026-08-20T09:55:00+00:00,DEGEN/WETH,Degen,base,uniswap,0x0cA6485b7e9cF814A3Fd09d81672B07323535b64,0x4ed4E862860beD51a9570b96d89aF5E1B0Efefed,0.001008,0.58,-0.8333333333333334,582.63,849631.36,h1
2026-08-20T09:56:00+00:00,ANSEMBULL/SOL,Ansem the Bull,solana,pumpswap,CbR6d3qmFhttCmKd9LwKdyeZXRPVU2jmtis9Gb2A9KyK,2UKkazisyXfWUyLT4eqCgvEV6KNaxqwkHU49htQppump,3.081e-06,-98.86,0.9725190839694656,370.44,3471.67,h1
2026-08-20T09:56:00+00:00,SolSeason/SOL,SolSeason,solana,pumpswap,DCzNTu1QR9NYDJhNxY9ZsUJYJGKCfuLsUwH48pqFPRp4,APLJwe3Bg9T7dZFSuTouchgptwrL8sxHEC1fU3Fppump,1.839e-06,3.08,1.0,24.34,1966.76,h1
2026-08-20T09:56:00+00:00,TOESCOIN/SOL,TOES,solana,pumpswap,EE3zk9Fxp9guair2xeReFxf4TsEXeZFFuWETRna2PkcV,6ehEcTMCc85aNF4x9CWx8HuvWGhxQtvKdhKVf2HDpump,0.00633,1.61,0.249683784467493,176452.05,346552.35,h1
2026-08-20T09:56:00+00:00,ALIVE/SOL,ALIVE,solana,pumpswap,8zbTgmduTkA1A1x9rxGpKWRF3FryUycB9CN3dwpoY93V,5rJthJB5JZwDvk57je7kod1wkQ7oQgoski9XH2PXpump,0.0001186,7.74,0.4111922141119221,12167.66,26329.83,h1
2026-08-20T09:56:00+00:00,PIPEDOG/WETH,pipedog,robinhood,uniswap,0xB7f10f74B39291b9290b779978e19A7637C742D6,0x5Cb6F181081301b44905F3ae15419112ecaBd8A6,0.002539,-0.71,-0.0263157894736842,50731.61,9860670.27,h1
2026-08-20T09:56:00+00:00,NEWBIE/SOL,Newbie,solana,pumpswap,CcfmG8AruateK12bhMo2BHNYQiQ1JiWLyTBzmMwKuZip,4Xg9qDuEP1vMEwqMr2yWo92Yn9a7xZu5BNQBbXVfpump,0.0001885,0.28,0.0260223048327137,14532.79,34927.16,h1
2026-08-20T09:56:00+00:00,HORNS/SOL,bull's horns,solana,pumpswap,GdWcLgzqUd6zhuZdrWXkVAe1z62QSrjobmVC3Jw88vNG,DtK83HpaHULMao5PPRTubJgWFbfxtSsQWbfELRPVpump,8.099e-05,2.62,0.1184210526315789,3957.04,21800.6,h1
2026-08-20T09:56:00+00:00,DPG/SOL,Dumb Phone Gang,solana,pumpswap,8TbYi38UqcedfptvjN2rURLbGbGub3itp2hgLvvS35hY,LFEJTxJ9yi6ojGDFpjbGfABLbH55Fc3oEK8syJJpump,0.002333,-17.82,-0.2458333333333333,35113.33,152845.98,h1
2026-08-20T09:56:00+00:00,NiuLai/SPCXB,牛来,bsc,pancakeswap,0xC1F569122caF558D40481C64C1AEC280b2c71dA6,0x3CC3c4F12dae4908d140C342EFF50Cf30A56FFFF,0.0008773,1.23,-0.0144927536231884,1727.66,94188.66,h1
2026-08-20T09:56:00+00:00,KEKODYSSEUS/SOL,Kekius Odysseus,solana,pumpswap,FxNzpZQMXyNFzMtVshyHyJJWVRPcqLJBHA5v1uVYnqP1,HiY4qx8j5QuVh5UFnKyFq1DvzzDNgFkgyyhEeDXhpump,0.0004921,8.16,0.0875816993464052,14772.64,57615.3,h1
2026-08-20T09:56:00+00:00,BULLPISS/SOL,Bullpiss Coin,solana,pumpswap,HtfsTmxJU6YanzC9cZQv6vVL7TQuoWhkiGr1tTofaDGN,3uQw7mq6aZWFsVRSY1yn31QKKu6wzX6n7JeWsXnQpump,1.694e-06,0.0,0.0,0.0,1839.08,h1
2026-08-20T09:56:00+00:00,BULLTN/SOL,Sir Bullington,solana,pumpswap,DayrERHvoshQQw2DsT5mrKoc3kTT2XxCvFv1wkPaQzrf,9KbvJ3RitJ8rFDAM6rEVKKJV8Y4sKsawnYJR4QKHpump,2.109e-06,0.0,0.0,0.0,2619.28,h1
2026-08-20T09:56:00+00:00,hiyoko/SOL,okina hiyoko,solana,pumpswap,DFkQRHobZDYV5NRYt2jo2sXoAPEGUqFFt3PW83NifW1T,3EeUKUyvDPrqWRCb7aimNspn2Em8uTcSpG8L2Hqepump,1.725e-06,0.0,0.0,0.0,1765.78,h1
2026-08-20T09:56:00+00:00,BULLCUM/SOL,Bullcum Coin,solana,pumpswap,7c672apFpNeBQNhsH4uSxwh4UsK99jaTLxSeKWD2PLXz,8WB6TuGytm5Q7YfSfD1LPzeQYV2LnTqgC5ASxnJZpump,1.737e-06,0.0,0.0,0.0,1825.79,h1
2026-08-20T09:56:00+00:00,SHILL/SOL,Shill Coin,solana,pumpswap,GA5sLR3xKXHf4ViQHQrGrhCLYjkRc8vpMp91LEP8kZxT,7BXYMC2Fr1sExAj7gH71YJNhWzw532AN7WLdmVZnpump,2.384e-06,0.0,0.0,0.0,2309.18,h1
2026-08-20T09:56:00+00:00,HIGHER/SOL,Fuck You Higher,solana,pumpswap,2b85UCz6LCcCaZ3YfqnahdcP113KeEQuQgfcgC98T2tg,CzymhMxfqWxuf4y5xiAdRYXBK7ozMLLum2g6WDGgpump,2.161e-06,0.0,0.0,0.0,2152.86,h1
2026-08-20T09:56:00+00:00,四股/WBNB,4STOCKS,bsc,pancakeswap,0x8c57C72F626bA4D63Bd34DDcAa80384EfbaAABb0,0x800aD6bF6747105e3620D3Cb4BceD15AB9e47777,0.0002408,19.79,0.1566265060240964,14323.27,48133.35,h1
2026-08-20T09:56:00+00:00,MRNA/SOL,Moderna Inc,solana,pumpswap,BPY94CxfMdp5DzW79swwi3YP4Xa8gjq3CsdMDKUsHnsf,6TpjRqHB5BBZH6gtKdqiHDD8u7noVqS85LhtwxySpump,0.0001142,33.49,0.1379425147042503,132371.2,28722.99,h1
2026-08-20T09:56:00+00:00,MEMEFUND/SOL,MemeFund,solana,pumpfun,7ZfVT9tt3boMBKVmKHnYWP56LfrcdVwbK5bfZCYtUTCd,HBpNF11UdtTD8n3MySe8K3v9VQZJmYUkxpo6V8xFpump,4.427e-06,-1.51,-0.5714285714285714,117.96,0.0,h1
2026-08-20T09:56:00+00:00,DEGEN/WETH,Degen,base,uniswap,0x0cA6485b7e9cF814A3Fd09d81672B07323535b64,0x4ed4E862860beD51a9570b96d89aF5E1B0Efefed,0.001008,0.58,-0.8333333333333334,582.63,849631.36,h1
2026-08-20T10:59:00+00:00,ANSEMBULL/SOL,Ansem the Bull,solana,pumpswap,CbR6d3qmFhttCmKd9LwKdyeZXRPVU2jmtis9Gb2A9KyK,2UKkazisyXfWUyLT4eqCgvEV6KNaxqwkHU49htQppump,0.0002689,0.14,0.970559371933268,232.66,217899.91,h1
2026-08-20T10:59:00+00:00,TOESCOIN/SOL,TOES,solana,pumpswap,EE3zk9Fxp9guair2xeReFxf4TsEXeZFFuWETRna2PkcV,6ehEcTMCc85aNF4x9CWx8HuvWGhxQtvKdhKVf2HDpump,0.006548,3.26,0.2347916127362153,174573.39,353413.87,h1
2026-08-20T10:59:00+00:00,ALIVE/SOL,ALIVE,solana,pumpswap,8zbTgmduTkA1A1x9rxGpKWRF3FryUycB9CN3dwpoY93V,5rJthJB5JZwDvk57je7kod1wkQ7oQgoski9XH2PXpump,0.0001347,8.44,0.3409610983981693,14550.42,28217.92,h1
2026-08-20T10:59:00+00:00,MEMEFUND/SOL,MemeFund,solana,pumpfun,7ZfVT9tt3boMBKVmKHnYWP56LfrcdVwbK5bfZCYtUTCd,HBpNF11UdtTD8n3MySe8K3v9VQZJmYUkxpo6V8xFpump,4.448e-06,0.47,0.1111111111111111,36.44,0.0,h1
2026-08-20T10:59:00+00:00,NEWBIE/SOL,Newbie,solana,pumpswap,CcfmG8AruateK12bhMo2BHNYQiQ1JiWLyTBzmMwKuZip,4Xg9qDuEP1vMEwqMr2yWo92Yn9a7xZu5BNQBbXVfpump,0.000175,-10.53,-0.1578947368421052,5100.57,33618.4,h1
2026-08-20T10:59:00+00:00,四股/WBNB,4STOCKS,bsc,pancakeswap,0x8c57C72F626bA4D63Bd34DDcAa80384EfbaAABb0,0x800aD6bF6747105e3620D3Cb4BceD15AB9e47777,0.0002649,19.77,0.2805429864253393,39544.45,50599.06,h1
2026-08-20T10:59:00+00:00,hiyoko/SOL,okina hiyoko,solana,pumpswap,DFkQRHobZDYV5NRYt2jo2sXoAPEGUqFFt3PW83NifW1T,3EeUKUyvDPrqWRCb7aimNspn2Em8uTcSpG8L2Hqepump,1.725e-06,0.0,0.0,0.0,1765.78,h1
2026-08-20T10:59:00+00:00,BULLPISS/SOL,Bullpiss Coin,solana,pumpswap,HtfsTmxJU6YanzC9cZQv6vVL7TQuoWhkiGr1tTofaDGN,3uQw7mq6aZWFsVRSY1yn31QKKu6wzX6n7JeWsXnQpump,1.694e-06,0.0,0.0,0.0,1839.08,h1
2026-08-20T10:59:00+00:00,SHILL/SOL,Shill Coin,solana,pumpswap,GA5sLR3xKXHf4ViQHQrGrhCLYjkRc8vpMp91LEP8kZxT,7BXYMC2Fr1sExAj7gH71YJNhWzw532AN7WLdmVZnpump,2.384e-06,0.0,0.0,0.0,2309.18,h1
2026-08-20T10:59:00+00:00,SolSeason/SOL,SolSeason,solana,pumpswap,DCzNTu1QR9NYDJhNxY9ZsUJYJGKCfuLsUwH48pqFPRp4,APLJwe3Bg9T7dZFSuTouchgptwrL8sxHEC1fU3Fppump,1.839e-06,0.0,0.0,0.0,1966.76,h1
2026-08-20T10:59:00+00:00,BULLTN/SOL,Sir Bullington,solana,pumpswap,DayrERHvoshQQw2DsT5mrKoc3kTT2XxCvFv1wkPaQzrf,9KbvJ3RitJ8rFDAM6rEVKKJV8Y4sKsawnYJR4QKHpump,2.109e-06,0.0,0.0,0.0,2619.28,h1
2026-08-20T10:59:00+00:00,BULLCUM/SOL,Bullcum Coin,solana,pumpswap,7c672apFpNeBQNhsH4uSxwh4UsK99jaTLxSeKWD2PLXz,8WB6TuGytm5Q7YfSfD1LPzeQYV2LnTqgC5ASxnJZpump,1.737e-06,0.0,0.0,0.0,1825.79,h1
2026-08-20T10:59:00+00:00,BULLBALLS/SOL,Bullballs Coin,solana,pumpswap,sDHDad1WveSBsYka6ypwZZVPBwnd6GhfTbh3xDnTVJS,897wEhKQtCKXuxxoDA8BH9LWnSpdTKLVzqh1J8xFpump,0.002186,57.07,0.474532101397773,319716.37,120557.48,h1
2026-08-20T10:59:00+00:00,DPG/SOL,Dumb Phone Gang,solana,pumpswap,8TbYi38UqcedfptvjN2rURLbGbGub3itp2hgLvvS35hY,LFEJTxJ9yi6ojGDFpjbGfABLbH55Fc3oEK8syJJpump,0.002323,-0.04,-0.05,19154.92,152556.09,h1
2026-08-20T10:59:00+00:00,HIGHER/SOL,Fuck You Higher,solana,pumpswap,2b85UCz6LCcCaZ3YfqnahdcP113KeEQuQgfcgC98T2tg,CzymhMxfqWxuf4y5xiAdRYXBK7ozMLLum2g6WDGgpump,2.203e-06,1.96,0.0,1.63,2194.7,h1
2026-08-20T10:59:00+00:00,KEKODYSSEUS/SOL,Kekius Odysseus,solana,pumpswap,FxNzpZQMXyNFzMtVshyHyJJWVRPcqLJBHA5v1uVYnqP1,HiY4qx8j5QuVh5UFnKyFq1DvzzDNgFkgyyhEeDXhpump,0.0005475,7.6,0.0178117048346055,13490.06,60973.75,h1
2026-08-20T10:59:00+00:00,NiuLai/SPCXB,牛来,bsc,pancakeswap,0xC1F569122caF558D40481C64C1AEC280b2c71dA6,0x3CC3c4F12dae4908d140C342EFF50Cf30A56FFFF,0.0008717,-0.75,-0.1764705882352941,1002.68,94176.14,h1
2026-08-20T10:59:00+00:00,PIPEDOG/WETH,pipedog,robinhood,uniswap,0xB7f10f74B39291b9290b779978e19A7637C742D6,0x5Cb6F181081301b44905F3ae15419112ecaBd8A6,0.002536,-0.12,-0.3513513513513513,39546.87,9861999.42,h1
2026-08-20T10:59:00+00:00,HORNS/SOL,bull's horns,solana,pumpswap,GdWcLgzqUd6zhuZdrWXkVAe1z62QSrjobmVC3Jw88vNG,DtK83HpaHULMao5PPRTubJgWFbfxtSsQWbfELRPVpump,0.000104,26.34,0.1343283582089552,4388.37,24953.92,h1
2026-08-20T10:59:00+00:00,MRNA/SOL,Moderna Inc,solana,pumpswap,BPY94CxfMdp5DzW79swwi3YP4Xa8gjq3CsdMDKUsHnsf,6TpjRqHB5BBZH6gtKdqiHDD8u7noVqS85LhtwxySpump,0.0001462,39.47,0.1338643371017471,100324.28,33008.39,h1
2026-08-20T11:00:00+00:00,ANSEMBULL/SOL,Ansem the Bull,solana,pumpswap,CbR6d3qmFhttCmKd9LwKdyeZXRPVU2jmtis9Gb2A9KyK,2UKkazisyXfWUyLT4eqCgvEV6KNaxqwkHU49htQppump,0.0002689,0.14,0.970559371933268,232.66,217899.91,h1
2026-08-20T11:00:00+00:00,TOESCOIN/SOL,TOES,solana,pumpswap,EE3zk9Fxp9guair2xeReFxf4TsEXeZFFuWETRna2PkcV,6ehEcTMCc85aNF4x9CWx8HuvWGhxQtvKdhKVf2HDpump,0.006548,3.26,0.2347916127362153,174573.39,353413.87,h1
2026-08-20T11:00:00+00:00,ALIVE/SOL,ALIVE,solana,pumpswap,8zbTgmduTkA1A1x9rxGpKWRF3FryUycB9CN3dwpoY93V,5rJthJB5JZwDvk57je7kod1wkQ7oQgoski9XH2PXpump,0.0001347,8.44,0.3409610983981693,14550.42,28217.92,h1
2026-08-20T11:00:00+00:00,MEMEFUND/SOL,MemeFund,solana,pumpfun,7ZfVT9tt3boMBKVmKHnYWP56LfrcdVwbK5bfZCYtUTCd,HBpNF11UdtTD8n3MySe8K3v9VQZJmYUkxpo6V8xFpump,4.448e-06,0.47,0.1111111111111111,36.44,0.0,h1
2026-08-20T11:00:00+00:00,NEWBIE/SOL,Newbie,solana,pumpswap,CcfmG8AruateK12bhMo2BHNYQiQ1JiWLyTBzmMwKuZip,4Xg9qDuEP1vMEwqMr2yWo92Yn9a7xZu5BNQBbXVfpump,0.000175,-10.53,-0.1578947368421052,5100.57,33618.4,h1
2026-08-20T11:00:00+00:00,四股/WBNB,4STOCKS,bsc,pancakeswap,0x8c57C72F626bA4D63Bd34DDcAa80384EfbaAABb0,0x800aD6bF6747105e3620D3Cb4BceD15AB9e47777,0.0002649,19.77,0.2805429864253393,39544.45,50599.06,h1
2026-08-20T11:00:00+00:00,hiyoko/SOL,okina hiyoko,solana,pumpswap,DFkQRHobZDYV5NRYt2jo2sXoAPEGUqFFt3PW83NifW1T,3EeUKUyvDPrqWRCb7aimNspn2Em8uTcSpG8L2Hqepump,1.725e-06,0.0,0.0,0.0,1765.78,h1
2026-08-20T11:00:00+00:00,BULLPISS/SOL,Bullpiss Coin,solana,pumpswap,HtfsTmxJU6YanzC9cZQv6vVL7TQuoWhkiGr1tTofaDGN,3uQw7mq6aZWFsVRSY1yn31QKKu6wzX6n7JeWsXnQpump,1.694e-06,0.0,0.0,0.0,1839.08,h1
2026-08-20T11:00:00+00:00,SHILL/SOL,Shill Coin,solana,pumpswap,GA5sLR3xKXHf4ViQHQrGrhCLYjkRc8vpMp91LEP8kZxT,7BXYMC2Fr1sExAj7gH71YJNhWzw532AN7WLdmVZnpump,2.384e-06,0.0,0.0,0.0,2309.18,h1
2026-08-20T11:00:00+00:00,SolSeason/SOL,SolSeason,solana,pumpswap,DCzNTu1QR9NYDJhNxY9ZsUJYJGKCfuLsUwH48pqFPRp4,APLJwe3Bg9T7dZFSuTouchgptwrL8sxHEC1fU3Fppump,1.839e-06,0.0,0.0,0.0,1966.76,h1
2026-08-20T11:00:00+00:00,BULLTN/SOL,Sir Bullington,solana,pumpswap,DayrERHvoshQQw2DsT5mrKoc3kTT2XxCvFv1wkPaQzrf,9KbvJ3RitJ8rFDAM6rEVKKJV8Y4sKsawnYJR4QKHpump,2.109e-06,0.0,0.0,0.0,2619.28,h1
2026-08-20T11:00:00+00:00,BULLCUM/SOL,Bullcum Coin,solana,pumpswap,7c672apFpNeBQNhsH4uSxwh4UsK99jaTLxSeKWD2PLXz,8WB6TuGytm5Q7YfSfD1LPzeQYV2LnTqgC5ASxnJZpump,1.737e-06,0.0,0.0,0.0,1825.79,h1
2026-08-20T11:00:00+00:00,BULLBALLS/SOL,Bullballs Coin,solana,pumpswap,sDHDad1WveSBsYka6ypwZZVPBwnd6GhfTbh3xDnTVJS,897wEhKQtCKXuxxoDA8BH9LWnSpdTKLVzqh1J8xFpump,0.002186,57.07,0.474532101397773,319716.37,120557.48,h1
2026-08-20T11:00:00+00:00,DPG/SOL,Dumb Phone Gang,solana,pumpswap,8TbYi38UqcedfptvjN2rURLbGbGub3itp2hgLvvS35hY,LFEJTxJ9yi6ojGDFpjbGfABLbH55Fc3oEK8syJJpump,0.002323,-0.04,-0.05,19154.92,152556.09,h1
2026-08-20T11:00:00+00:00,HIGHER/SOL,Fuck You Higher,solana,pumpswap,2b85UCz6LCcCaZ3YfqnahdcP113KeEQuQgfcgC98T2tg,CzymhMxfqWxuf4y5xiAdRYXBK7ozMLLum2g6WDGgpump,2.203e-06,1.96,0.0,1.63,2194.7,h1
2026-08-20T11:00:00+00:00,KEKODYSSEUS/SOL,Kekius Odysseus,solana,pumpswap,FxNzpZQMXyNFzMtVshyHyJJWVRPcqLJBHA5v1uVYnqP1,HiY4qx8j5QuVh5UFnKyFq1DvzzDNgFkgyyhEeDXhpump,0.0005475,7.6,0.0178117048346055,13490.06,60973.75,h1
2026-08-20T11:00:00+00:00,NiuLai/SPCXB,牛来,bsc,pancakeswap,0xC1F569122caF558D40481C64C1AEC280b2c71dA6,0x3CC3c4F12dae4908d140C342EFF50Cf30A56FFFF,0.0008717,-0.75,-0.1764705882352941,1002.68,94176.14,h1
2026-08-20T11:00:00+00:00,PIPEDOG/WETH,pipedog,robinhood,uniswap,0xB7f10f74B39291b9290b779978e19A7637C742D6,0x5Cb6F181081301b44905F3ae15419112ecaBd8A6,0.002536,-0.12,-0.3513513513513513,39546.87,9861999.42,h1
2026-08-20T11:00:00+00:00,HORNS/SOL,bull's horns,solana,pumpswap,GdWcLgzqUd6zhuZdrWXkVAe1z62QSrjobmVC3Jw88vNG,DtK83HpaHULMao5PPRTubJgWFbfxtSsQWbfELRPVpump,0.000104,26.34,0.1343283582089552,4388.37,24953.92,h1
2026-08-20T11:00:00+00:00,MRNA/SOL,Moderna Inc,solana,pumpswap,BPY94CxfMdp5DzW79swwi3YP4Xa8gjq3CsdMDKUsHnsf,6TpjRqHB5BBZH6gtKdqiHDD8u7noVqS85LhtwxySpump,0.0001462,39.47,0.1338643371017471,100324.28,33008.39,h1
2026-08-20T11:03:00+00:00,ANSEMBULL/SOL,Ansem the Bull,solana,pumpswap,CbR6d3qmFhttCmKd9LwKdyeZXRPVU2jmtis9Gb2A9KyK,2UKkazisyXfWUyLT4eqCgvEV6KNaxqwkHU49htQppump,0.000269,-0.05,0.970559371933268,227.81,217949.76,h1
2026-08-20T11:03:00+00:00,ALIVE/SOL,ALIVE,solana,pumpswap,8zbTgmduTkA1A1x9rxGpKWRF3FryUycB9CN3dwpoY93V,5rJthJB5JZwDvk57je7kod1wkQ7oQgoski9XH2PXpump,0.0001429,-24.14,0.3592677345537757,14956.34,29128.93,h1
2026-08-20T11:03:00+00:00,TOESCOIN/SOL,TOES,solana,pumpswap,EE3zk9Fxp9guair2xeReFxf4TsEXeZFFuWETRna2PkcV,6ehEcTMCc85aNF4x9CWx8HuvWGhxQtvKdhKVf2HDpump,0.006564,3.99,0.2354000514535631,175789.64,353864.3,h1
2026-08-20T11:03:00+00:00,MEMEFUND/SOL,MemeFund,solana,pumpfun,7ZfVT9tt3boMBKVmKHnYWP56LfrcdVwbK5bfZCYtUTCd,HBpNF11UdtTD8n3MySe8K3v9VQZJmYUkxpo6V8xFpump,4.456e-06,0.67,0.2,36.46,0.0,h1
2026-08-20T11:03:00+00:00,四股/WBNB,4STOCKS,bsc,pancakeswap,0x8c57C72F626bA4D63Bd34DDcAa80384EfbaAABb0,0x800aD6bF6747105e3620D3Cb4BceD15AB9e47777,0.0002487,13.66,0.2754880694143167,43028.62,49082.14,h1
2026-08-20T11:03:00+00:00,NEWBIE/SOL,Newbie,solana,pumpswap,CcfmG8AruateK12bhMo2BHNYQiQ1JiWLyTBzmMwKuZip,4Xg9qDuEP1vMEwqMr2yWo92Yn9a7xZu5BNQBbXVfpump,0.0001675,-16.55,-0.2030075187969924,5244.88,32901.47,h1
2026-08-20T11:03:00+00:00,KEKODYSSEUS/SOL,Kekius Odysseus,solana,pumpswap,FxNzpZQMXyNFzMtVshyHyJJWVRPcqLJBHA5v1uVYnqP1,HiY4qx8j5QuVh5UFnKyFq1DvzzDNgFkgyyhEeDXhpump,0.0005271,1.25,0.0213836477987421,13859.7,59808.04,h1
2026-08-20T11:03:00+00:00,BULLPISS/SOL,Bullpiss Coin,solana,pumpswap,HtfsTmxJU6YanzC9cZQv6vVL7TQuoWhkiGr1tTofaDGN,3uQw7mq6aZWFsVRSY1yn31QKKu6wzX6n7JeWsXnQpump,1.694e-06,0.0,0.0,0.0,1839.08,h1
2026-08-20T11:03:00+00:00,BULLCUM/SOL,Bullcum Coin,solana,pumpswap,7c672apFpNeBQNhsH4uSxwh4UsK99jaTLxSeKWD2PLXz,8WB6TuGytm5Q7YfSfD1LPzeQYV2LnTqgC5ASxnJZpump,1.737e-06,0.0,0.0,0.0,1825.79,h1
2026-08-20T11:03:00+00:00,SHILL/SOL,Shill Coin,solana,pumpswap,GA5sLR3xKXHf4ViQHQrGrhCLYjkRc8vpMp91LEP8kZxT,7BXYMC2Fr1sExAj7gH71YJNhWzw532AN7WLdmVZnpump,2.384e-06,0.0,0.0,0.0,2309.18,h1
2026-08-20T11:03:00+00:00,BULLTN/SOL,Sir Bullington,solana,pumpswap,DayrERHvoshQQw2DsT5mrKoc3kTT2XxCvFv1wkPaQzrf,9KbvJ3RitJ8rFDAM6rEVKKJV8Y4sKsawnYJR4QKHpump,2.109e-06,0.0,0.0,0.0,2619.28,h1
2026-08-20T11:03:00+00:00,SolSeason/SOL,SolSeason,solana,pumpswap,DCzNTu1QR9NYDJhNxY9ZsUJYJGKCfuLsUwH48pqFPRp4,APLJwe3Bg9T7dZFSuTouchgptwrL8sxHEC1fU3Fppump,1.839e-06,0.0,0.0,0.0,1966.76,h1
2026-08-20T11:03:00+00:00,hiyoko/SOL,okina hiyoko,solana,pumpswap,DFkQRHobZDYV5NRYt2jo2sXoAPEGUqFFt3PW83NifW1T,3EeUKUyvDPrqWRCb7aimNspn2Em8uTcSpG8L2Hqepump,1.725e-06,0.0,0.0,0.0,1765.78,h1
2026-08-20T11:03:00+00:00,BULLBALLS/SOL,Bullballs Coin,solana,pumpswap,sDHDad1WveSBsYka6ypwZZVPBwnd6GhfTbh3xDnTVJS,897wEhKQtCKXuxxoDA8BH9LWnSpdTKLVzqh1J8xFpump,0.002263,63.22,0.4575070821529745,308720.25,122752.13,h1
2026-08-20T11:03:00+00:00,DPG/SOL,Dumb Phone Gang,solana,pumpswap,8TbYi38UqcedfptvjN2rURLbGbGub3itp2hgLvvS35hY,LFEJTxJ9yi6ojGDFpjbGfABLbH55Fc3oEK8syJJpump,0.002367,0.44,-0.0319148936170212,18999.22,154082.84,h1
2026-08-20T11:03:00+00:00,HIGHER/SOL,Fuck You Higher,solana,pumpswap,2b85UCz6LCcCaZ3YfqnahdcP113KeEQuQgfcgC98T2tg,CzymhMxfqWxuf4y5xiAdRYXBK7ozMLLum2g6WDGgpump,2.203e-06,1.96,0.0,1.63,2194.7,h1
2026-08-20T11:03:00+00:00,NiuLai/SPCXB,牛来,bsc,pancakeswap,0xC1F569122caF558D40481C64C1AEC280b2c71dA6,0x3CC3c4F12dae4908d140C342EFF50Cf30A56FFFF,0.0008717,-0.7,-0.1612903225806451,956.6,94176.14,h1
2026-08-20T11:03:00+00:00,PIPEDOG/WETH,pipedog,robinhood,uniswap,0xB7f10f74B39291b9290b779978e19A7637C742D6,0x5Cb6F181081301b44905F3ae15419112ecaBd8A6,0.002547,0.26,-0.3703703703703703,38941.93,9904017.12,h1
2026-08-20T11:03:00+00:00,HORNS/SOL,bull's horns,solana,pumpswap,GdWcLgzqUd6zhuZdrWXkVAe1z62QSrjobmVC3Jw88vNG,DtK83HpaHULMao5PPRTubJgWFbfxtSsQWbfELRPVpump,0.0001058,27.32,0.1216216216216216,4828.32,25194.01,h1
2026-08-20T11:03:00+00:00,MRNA/SOL,Moderna Inc,solana,pumpswap,BPY94CxfMdp5DzW79swwi3YP4Xa8gjq3CsdMDKUsHnsf,6TpjRqHB5BBZH6gtKdqiHDD8u7noVqS85LhtwxySpump,0.0001462,34.54,0.1348215411779543,103773.4,33035.07,h1
2026-08-20T13:45:00+00:00,MRNA/SOL,Moderna Inc,solana,pumpswap,BPY94CxfMdp5DzW79swwi3YP4Xa8gjq3CsdMDKUsHnsf,6TpjRqHB5BBZH6gtKdqiHDD8u7noVqS85LhtwxySpump,4.052e-06,-98.48,0.9107505070993914,351.44,4256.93,h1
2026-08-20T13:45:00+00:00,ALIVE/SOL,ALIVE,solana,pumpswap,8zbTgmduTkA1A1x9rxGpKWRF3FryUycB9CN3dwpoY93V,5rJthJB5JZwDvk57je7kod1wkQ7oQgoski9XH2PXpump,2.118e-06,-96.77,-0.04,18022.71,2207.86,h1
2026-08-20T13:45:00+00:00,BULLBALLS/SOL,Bullballs Coin,solana,pumpswap,sDHDad1WveSBsYka6ypwZZVPBwnd6GhfTbh3xDnTVJS,897wEhKQtCKXuxxoDA8BH9LWnSpdTKLVzqh1J8xFpump,0.02054,24.54,0.8521565401339758,510611.05,375198.37,h1
2026-08-20T13:45:00+00:00,PEPECOIN/WETH,Make Memes Great Again,robinhood,uniswap,0x29d2049BB2F92b17A5E75cB6Ee6d6c1ba8A82dCD,0x0b9606FB048A14d8381e9B97d00a78b4F4C66241,0.0002113,-3.29,0.2897196261682243,11258.08,27963.73,h1
2026-08-20T13:45:00+00:00,MEN/SOL, Embrace Masculinity,solana,pumpswap,32t4rKoGC8zjP84YF9cfoTAAqMQhLnBpofgWFJAQZhwP,8yCqoKQBxcSt9n3VCMnHuxw2mXHT4F9mMTjzTCA2pump,6.443e-05,21.15,0.2136752136752136,29279.3,24609.3,h1
2026-08-20T13:45:00+00:00,MADE/ETH,SelfMade by SP3ND,robinhood,uniswap,0xff15af8c07fffcf7c3da982dd75954526401377a8b2c93cc6a0b1e5c253d7c20,0xfe1D984BBF36C0Ed09D55a9E3F4b6F73BA4191CA,0.0001168,74.06,0.2690628149143433,323417.39,47031.21,h1
2026-08-20T13:45:00+00:00,四股/WBNB,4STOCKS,bsc,pancakeswap,0x8c57C72F626bA4D63Bd34DDcAa80384EfbaAABb0,0x800aD6bF6747105e3620D3Cb4BceD15AB9e47777,0.0001314,-31.32,0.0708661417322834,41772.65,35668.98,h1
2026-08-20T13:45:00+00:00,MOONCOIN/WETH,MoonCoin,robinhood,uniswap,0x4C020A30b1EbC8F964BF6902F35aCFE814e47A87,0x82DA7C5D756210ec89d139Defd430549018dC68d,0.01655,58.05,0.7775015537600994,3088844.99,704379.06,h1
2026-08-20T13:45:00+00:00,TOESCOIN/SOL,TOES,solana,pumpswap,EE3zk9Fxp9guair2xeReFxf4TsEXeZFFuWETRna2PkcV,6ehEcTMCc85aNF4x9CWx8HuvWGhxQtvKdhKVf2HDpump,0.006478,-0.14,0.2323717948717948,71376.02,350878.6,h1
2026-08-20T13:45:00+00:00,HORNS/SOL,bull's horns,solana,pumpswap,GdWcLgzqUd6zhuZdrWXkVAe1z62QSrjobmVC3Jw88vNG,DtK83HpaHULMao5PPRTubJgWFbfxtSsQWbfELRPVpump,6.831e-05,-7.16,-0.0032154340836012,11229.29,19906.3,h1
2026-08-20T13:45:00+00:00,KEKODYSSEUS/SOL,Kekius Odysseus,solana,pumpswap,FxNzpZQMXyNFzMtVshyHyJJWVRPcqLJBHA5v1uVYnqP1,HiY4qx8j5QuVh5UFnKyFq1DvzzDNgFkgyyhEeDXhpump,0.0005823,-5.05,0.0364077669902912,20929.24,62822.23,h1
2026-08-20T13:45:00+00:00,MEMEFUND/SOL,MemeFund,solana,pumpfun,7ZfVT9tt3boMBKVmKHnYWP56LfrcdVwbK5bfZCYtUTCd,HBpNF11UdtTD8n3MySe8K3v9VQZJmYUkxpo6V8xFpump,4.028e-06,5.32,0.25,179.88,0.0,h1
2026-08-20T13:45:00+00:00,hiyoko/SOL,okina hiyoko,solana,pumpswap,DFkQRHobZDYV5NRYt2jo2sXoAPEGUqFFt3PW83NifW1T,3EeUKUyvDPrqWRCb7aimNspn2Em8uTcSpG8L2Hqepump,1.725e-06,0.0,0.0,0.0,1765.78,h1
2026-08-20T13:45:00+00:00,BULLPISS/SOL,Bullpiss Coin,solana,pumpswap,HtfsTmxJU6YanzC9cZQv6vVL7TQuoWhkiGr1tTofaDGN,3uQw7mq6aZWFsVRSY1yn31QKKu6wzX6n7JeWsXnQpump,1.694e-06,0.0,0.0,0.0,1839.08,h1
2026-08-20T13:45:00+00:00,DPG/SOL,Dumb Phone Gang,solana,pumpswap,8TbYi38UqcedfptvjN2rURLbGbGub3itp2hgLvvS35hY,LFEJTxJ9yi6ojGDFpjbGfABLbH55Fc3oEK8syJJpump,0.001798,-7.26,-0.3974261922785768,78040.86,134087.35,h1
2026-08-20T13:45:00+00:00,CHILLBULL/SOL,Chill Bull,solana,pumpswap,7Sr7YhpoPHyiQu1XjLBBXsW9BqSBG4YCzbY25o52z4CJ,cQ1Jye1NiuoC8yvaswdNyfbn7AQn1KdWkAmba65pump,0.0001378,24.08,-0.6193853427895981,67710.21,28721.94,h1
2026-08-20T13:45:00+00:00,ANSEMBULL/SOL,Ansem the Bull,solana,pumpswap,CbR6d3qmFhttCmKd9LwKdyeZXRPVU2jmtis9Gb2A9KyK,2UKkazisyXfWUyLT4eqCgvEV6KNaxqwkHU49htQppump,2.524e-06,-12.64,-1.0,147.64,2991.84,h1
2026-08-20T13:45:00+00:00,SolSeason/SOL,SolSeason,solana,pumpswap,DCzNTu1QR9NYDJhNxY9ZsUJYJGKCfuLsUwH48pqFPRp4,APLJwe3Bg9T7dZFSuTouchgptwrL8sxHEC1fU3Fppump,1.881e-06,-4.9,-1.0,57.46,2006.55,h1
2026-08-20T13:45:00+00:00,BULLCUM/SOL,Bullcum Coin,solana,pumpswap,7c672apFpNeBQNhsH4uSxwh4UsK99jaTLxSeKWD2PLXz,8WB6TuGytm5Q7YfSfD1LPzeQYV2LnTqgC5ASxnJZpump,1.705e-06,-1.84,-1.0,0.56,1793.86,h1
2026-08-20T13:45:00+00:00,BULLTN/SOL,Sir Bullington,solana,pumpswap,DayrERHvoshQQw2DsT5mrKoc3kTT2XxCvFv1wkPaQzrf,9KbvJ3RitJ8rFDAM6rEVKKJV8Y4sKsawnYJR4QKHpump,2.072e-06,0.17,-1.0,0.09,2576.41,h1
2026-08-20T14:13:00+00:00,MADE/ETH,SelfMade by SP3ND,robinhood,uniswap,0xff15af8c07fffcf7c3da982dd75954526401377a8b2c93cc6a0b1e5c253d7c20,0xfe1D984BBF36C0Ed09D55a9E3F4b6F73BA4191CA,8.813e-05,-19.17,0.2108474576271186,357842.14,40533.82,h1
2026-08-20T14:13:00+00:00,BULLBALLS/SOL,Bullballs Coin,solana,pumpswap,sDHDad1WveSBsYka6ypwZZVPBwnd6GhfTbh3xDnTVJS,897wEhKQtCKXuxxoDA8BH9LWnSpdTKLVzqh1J8xFpump,0.02139,12.59,0.6139822712828232,593874.79,383688.28,h1
2026-08-20T14:13:00+00:00,ALIVE/SOL,ALIVE,solana,pumpswap,8zbTgmduTkA1A1x9rxGpKWRF3FryUycB9CN3dwpoY93V,5rJthJB5JZwDvk57je7kod1wkQ7oQgoski9XH2PXpump,2.06e-06,-96.86,-0.3388429752066115,12509.92,2155.8,h1
2026-08-20T14:13:00+00:00,PEPECOIN/WETH,Make Memes Great Again,robinhood,uniswap,0x29d2049BB2F92b17A5E75cB6Ee6d6c1ba8A82dCD,0x0b9606FB048A14d8381e9B97d00a78b4F4C66241,0.0001915,-5.96,0.2285714285714285,5552.13,26689.11,h1
2026-08-20T14:13:00+00:00,MEN/SOL, Embrace Masculinity,solana,pumpswap,32t4rKoGC8zjP84YF9cfoTAAqMQhLnBpofgWFJAQZhwP,8yCqoKQBxcSt9n3VCMnHuxw2mXHT4F9mMTjzTCA2pump,8.33e-05,32.14,0.198931909212283,28952.21,28004.91,h1
2026-08-20T14:13:00+00:00,TOESCOIN/SOL,TOES,solana,pumpswap,EE3zk9Fxp9guair2xeReFxf4TsEXeZFFuWETRna2PkcV,6ehEcTMCc85aNF4x9CWx8HuvWGhxQtvKdhKVf2HDpump,0.006458,-1.01,0.2052522460262612,1235.83,350467.44,h1
2026-08-20T14:13:00+00:00,HORNS/SOL,bull's horns,solana,pumpswap,GdWcLgzqUd6zhuZdrWXkVAe1z62QSrjobmVC3Jw88vNG,DtK83HpaHULMao5PPRTubJgWFbfxtSsQWbfELRPVpump,5.607e-05,-12.0,-0.057471264367816,8677.18,17901.11,h1
2026-08-20T14:13:00+00:00,KEKODYSSEUS/SOL,Kekius Odysseus,solana,pumpswap,FxNzpZQMXyNFzMtVshyHyJJWVRPcqLJBHA5v1uVYnqP1,HiY4qx8j5QuVh5UFnKyFq1DvzzDNgFkgyyhEeDXhpump,0.0005048,-1.23,0.0543615676359039,17195.41,58415.57,h1
2026-08-20T14:13:00+00:00,BULLCUM/SOL,Bullcum Coin,solana,pumpswap,7c672apFpNeBQNhsH4uSxwh4UsK99jaTLxSeKWD2PLXz,8WB6TuGytm5Q7YfSfD1LPzeQYV2LnTqgC5ASxnJZpump,1.705e-06,0.0,0.0,0.0,1793.86,h1
2026-08-20T14:13:00+00:00,hiyoko/SOL,okina hiyoko,solana,pumpswap,DFkQRHobZDYV5NRYt2jo2sXoAPEGUqFFt3PW83NifW1T,3EeUKUyvDPrqWRCb7aimNspn2Em8uTcSpG8L2Hqepump,1.725e-06,0.0,0.0,0.0,1765.78,h1
2026-08-20T14:13:00+00:00,BULLTN/SOL,Sir Bullington,solana,pumpswap,DayrERHvoshQQw2DsT5mrKoc3kTT2XxCvFv1wkPaQzrf,9KbvJ3RitJ8rFDAM6rEVKKJV8Y4sKsawnYJR4QKHpump,2.072e-06,0.0,0.0,0.0,2576.41,h1
2026-08-20T14:13:00+00:00,MRNA/SOL,Moderna Inc,solana,pumpswap,BPY94CxfMdp5DzW79swwi3YP4Xa8gjq3CsdMDKUsHnsf,6TpjRqHB5BBZH6gtKdqiHDD8u7noVqS85LhtwxySpump,4.382e-06,9.2,-0.0666666666666666,671.44,4489.54,h1
2026-08-20T14:13:00+00:00,DPG/SOL,Dumb Phone Gang,solana,pumpswap,8TbYi38UqcedfptvjN2rURLbGbGub3itp2hgLvvS35hY,LFEJTxJ9yi6ojGDFpjbGfABLbH55Fc3oEK8syJJpump,0.001716,-2.71,-0.3735317149569303,79896.65,131086.31,h1
2026-08-20T14:13:00+00:00,四股/WBNB,4STOCKS,bsc,pancakeswap,0x8c57C72F626bA4D63Bd34DDcAa80384EfbaAABb0,0x800aD6bF6747105e3620D3Cb4BceD15AB9e47777,0.0001486,40.67,0.125,20207.59,38088.4,h1
2026-08-20T14:13:00+00:00,MOONCOIN/WETH,MoonCoin,robinhood,uniswap,0x4C020A30b1EbC8F964BF6902F35aCFE814e47A87,0x82DA7C5D756210ec89d139Defd430549018dC68d,0.01782,127.0,0.7134328358208956,2480428.11,735696.29,h1
2026-08-20T14:13:00+00:00,MEMEFUND/SOL,MemeFund,solana,pumpfun,7ZfVT9tt3boMBKVmKHnYWP56LfrcdVwbK5bfZCYtUTCd,HBpNF11UdtTD8n3MySe8K3v9VQZJmYUkxpo6V8xFpump,3.915e-06,-3.04,-0.4285714285714285,71.81,0.0,h1
2026-08-20T14:13:00+00:00,CHILLBULL/SOL,Chill Bull,solana,pumpswap,7Sr7YhpoPHyiQu1XjLBBXsW9BqSBG4YCzbY25o52z4CJ,cQ1Jye1NiuoC8yvaswdNyfbn7AQn1KdWkAmba65pump,0.0001656,38.11,-0.5727213114754098,60976.26,31711.0,h1
2026-08-20T14:13:00+00:00,SolSeason/SOL,SolSeason,solana,pumpswap,DCzNTu1QR9NYDJhNxY9ZsUJYJGKCfuLsUwH48pqFPRp4,APLJwe3Bg9T7dZFSuTouchgptwrL8sxHEC1fU3Fppump,1.881e-06,-4.9,-1.0,57.46,2006.55,h1
2026-08-20T14:13:00+00:00,ANSEMBULL/SOL,Ansem the Bull,solana,pumpswap,CbR6d3qmFhttCmKd9LwKdyeZXRPVU2jmtis9Gb2A9KyK,2UKkazisyXfWUyLT4eqCgvEV6KNaxqwkHU49htQppump,2.463e-06,-2.4,-1.0,18.67,2932.05,h1
2026-08-20T14:13:00+00:00,BULLPISS/SOL,Bullpiss Coin,solana,pumpswap,HtfsTmxJU6YanzC9cZQv6vVL7TQuoWhkiGr1tTofaDGN,3uQw7mq6aZWFsVRSY1yn31QKKu6wzX6n7JeWsXnQpump,1.705e-06,0.67,-1.0,0.04,1851.47,h1
2026-08-20T14:15:00+00:00,MADE/ETH,SelfMade by SP3ND,robinhood,uniswap,0xff15af8c07fffcf7c3da982dd75954526401377a8b2c93cc6a0b1e5c253d7c20,0xfe1D984BBF36C0Ed09D55a9E3F4b6F73BA4191CA,9.682e-05,-15.7,0.2053663570691434,353991.59,42753.58,h1
2026-08-20T14:15:00+00:00,BULLBALLS/SOL,Bullballs Coin,solana,pumpswap,sDHDad1WveSBsYka6ypwZZVPBwnd6GhfTbh3xDnTVJS,897wEhKQtCKXuxxoDA8BH9LWnSpdTKLVzqh1J8xFpump,0.02142,14.49,0.5862296162082029,614285.7,383688.33,h1
2026-08-20T14:15:00+00:00,ALIVE/SOL,ALIVE,solana,pumpswap,8zbTgmduTkA1A1x9rxGpKWRF3FryUycB9CN3dwpoY93V,5rJthJB5JZwDvk57je7kod1wkQ7oQgoski9XH2PXpump,2.062e-06,-96.83,-0.4193548387096774,11468.58,2158.87,h1
2026-08-20T14:15:00+00:00,MEN/SOL, Embrace Masculinity,solana,pumpswap,32t4rKoGC8zjP84YF9cfoTAAqMQhLnBpofgWFJAQZhwP,8yCqoKQBxcSt9n3VCMnHuxw2mXHT4F9mMTjzTCA2pump,7.022e-05,18.78,0.1893333333333333,29574.23,25684.57,h1
2026-08-20T14:15:00+00:00,PEPECOIN/WETH,Make Memes Great Again,robinhood,uniswap,0x29d2049BB2F92b17A5E75cB6Ee6d6c1ba8A82dCD,0x0b9606FB048A14d8381e9B97d00a78b4F4C66241,0.0001911,0.96,0.2063492063492063,4733.11,26660.75,h1
2026-08-20T14:15:00+00:00,TOESCOIN/SOL,TOES,solana,pumpswap,EE3zk9Fxp9guair2xeReFxf4TsEXeZFFuWETRna2PkcV,6ehEcTMCc85aNF4x9CWx8HuvWGhxQtvKdhKVf2HDpump,0.006443,-1.95,0.2044506258692628,1230.24,349681.96,h1
2026-08-20T14:15:00+00:00,MOONCOIN/WETH,MoonCoin,robinhood,uniswap,0x4C020A30b1EbC8F964BF6902F35aCFE814e47A87,0x82DA7C5D756210ec89d139Defd430549018dC68d,0.01759,67.71,0.6945736434108527,2395772.72,731043.5,h1
2026-08-20T14:15:00+00:00,HORNS/SOL,bull's horns,solana,pumpswap,GdWcLgzqUd6zhuZdrWXkVAe1z62QSrjobmVC3Jw88vNG,DtK83HpaHULMao5PPRTubJgWFbfxtSsQWbfELRPVpump,5.614e-05,-12.01,-0.053030303030303,8682.06,17907.57,h1
2026-08-20T14:15:00+00:00,KEKODYSSEUS/SOL,Kekius Odysseus,solana,pumpswap,FxNzpZQMXyNFzMtVshyHyJJWVRPcqLJBHA5v1uVYnqP1,HiY4qx8j5QuVh5UFnKyFq1DvzzDNgFkgyyhEeDXhpump,0.0005129,2.5,0.1014851485148514,16748.86,58841.55,h1
2026-08-20T14:15:00+00:00,四股/WBNB,4STOCKS,bsc,pancakeswap,0x8c57C72F626bA4D63Bd34DDcAa80384EfbaAABb0,0x800aD6bF6747105e3620D3Cb4BceD15AB9e47777,0.0001596,11.64,0.1307692307692307,17730.75,39459.4,h1
2026-08-20T14:15:00+00:00,BULLCUM/SOL,Bullcum Coin,solana,pumpswap,7c672apFpNeBQNhsH4uSxwh4UsK99jaTLxSeKWD2PLXz,8WB6TuGytm5Q7YfSfD1LPzeQYV2LnTqgC5ASxnJZpump,1.705e-06,0.0,0.0,0.0,1793.86,h1
2026-08-20T14:15:00+00:00,BULLTN/SOL,Sir Bullington,solana,pumpswap,DayrERHvoshQQw2DsT5mrKoc3kTT2XxCvFv1wkPaQzrf,9KbvJ3RitJ8rFDAM6rEVKKJV8Y4sKsawnYJR4QKHpump,2.072e-06,0.0,0.0,0.0,2576.41,h1
2026-08-20T14:15:00+00:00,HIGHER/SOL,Fuck You Higher,solana,pumpswap,2b85UCz6LCcCaZ3YfqnahdcP113KeEQuQgfcgC98T2tg,CzymhMxfqWxuf4y5xiAdRYXBK7ozMLLum2g6WDGgpump,2.185e-06,0.0,0.0,0.0,2177.28,h1
2026-08-20T14:15:00+00:00,hiyoko/SOL,okina hiyoko,solana,pumpswap,DFkQRHobZDYV5NRYt2jo2sXoAPEGUqFFt3PW83NifW1T,3EeUKUyvDPrqWRCb7aimNspn2Em8uTcSpG8L2Hqepump,1.725e-06,0.0,0.0,0.0,1765.78,h1
2026-08-20T14:15:00+00:00,SolSeason/SOL,SolSeason,solana,pumpswap,DCzNTu1QR9NYDJhNxY9ZsUJYJGKCfuLsUwH48pqFPRp4,APLJwe3Bg9T7dZFSuTouchgptwrL8sxHEC1fU3Fppump,1.881e-06,0.0,0.0,0.0,2006.55,h1
2026-08-20T14:15:00+00:00,MRNA/SOL,Moderna Inc,solana,pumpswap,BPY94CxfMdp5DzW79swwi3YP4Xa8gjq3CsdMDKUsHnsf,6TpjRqHB5BBZH6gtKdqiHDD8u7noVqS85LhtwxySpump,4.476e-06,10.03,-0.0625,675.15,4554.61,h1
2026-08-20T14:15:00+00:00,DPG/SOL,Dumb Phone Gang,solana,pumpswap,8TbYi38UqcedfptvjN2rURLbGbGub3itp2hgLvvS35hY,LFEJTxJ9yi6ojGDFpjbGfABLbH55Fc3oEK8syJJpump,0.001755,-5.24,-0.3699921445404556,78993.57,132516.91,h1
2026-08-20T14:15:00+00:00,MEMEFUND/SOL,MemeFund,solana,pumpfun,7ZfVT9tt3boMBKVmKHnYWP56LfrcdVwbK5bfZCYtUTCd,HBpNF11UdtTD8n3MySe8K3v9VQZJmYUkxpo6V8xFpump,3.918e-06,-2.96,-0.5,72.86,0.0,h1
2026-08-20T14:15:00+00:00,CHILLBULL/SOL,Chill Bull,solana,pumpswap,7Sr7YhpoPHyiQu1XjLBBXsW9BqSBG4YCzbY25o52z4CJ,cQ1Jye1NiuoC8yvaswdNyfbn7AQn1KdWkAmba65pump,0.0001637,43.27,-0.559983395599834,59091.3,31494.26,h1
2026-08-20T14:15:00+00:00,BULLPISS/SOL,Bullpiss Coin,solana,pumpswap,HtfsTmxJU6YanzC9cZQv6vVL7TQuoWhkiGr1tTofaDGN,3uQw7mq6aZWFsVRSY1yn31QKKu6wzX6n7JeWsXnQpump,1.705e-06,0.67,-1.0,0.04,1851.47,h1
2026-08-20T14:16:00+00:00,MADE/ETH,SelfMade by SP3ND,robinhood,uniswap,0xff15af8c07fffcf7c3da982dd75954526401377a8b2c93cc6a0b1e5c253d7c20,0xfe1D984BBF36C0Ed09D55a9E3F4b6F73BA4191CA,9.682e-05,-15.7,0.2053663570691434,353991.59,42753.58,h1
2026-08-20T14:16:00+00:00,BULLBALLS/SOL,Bullballs Coin,solana,pumpswap,sDHDad1WveSBsYka6ypwZZVPBwnd6GhfTbh3xDnTVJS,897wEhKQtCKXuxxoDA8BH9LWnSpdTKLVzqh1J8xFpump,0.02142,14.49,0.5862296162082029,614285.7,383688.33,h1
2026-08-20T14:16:00+00:00,ALIVE/SOL,ALIVE,solana,pumpswap,8zbTgmduTkA1A1x9rxGpKWRF3FryUycB9CN3dwpoY93V,5rJthJB5JZwDvk57je7kod1wkQ7oQgoski9XH2PXpump,2.062e-06,-96.83,-0.4193548387096774,11468.58,2158.87,h1
2026-08-20T14:16:00+00:00,MEN/SOL, Embrace Masculinity,solana,pumpswap,32t4rKoGC8zjP84YF9cfoTAAqMQhLnBpofgWFJAQZhwP,8yCqoKQBxcSt9n3VCMnHuxw2mXHT4F9mMTjzTCA2pump,7.022e-05,18.78,0.1893333333333333,29574.23,25684.57,h1
2026-08-20T14:16:00+00:00,PEPECOIN/WETH,Make Memes Great Again,robinhood,uniswap,0x29d2049BB2F92b17A5E75cB6Ee6d6c1ba8A82dCD,0x0b9606FB048A14d8381e9B97d00a78b4F4C66241,0.0001911,0.96,0.2063492063492063,4733.11,26660.75,h1
2026-08-20T14:16:00+00:00,TOESCOIN/SOL,TOES,solana,pumpswap,EE3zk9Fxp9guair2xeReFxf4TsEXeZFFuWETRna2PkcV,6ehEcTMCc85aNF4x9CWx8HuvWGhxQtvKdhKVf2HDpump,0.006443,-1.95,0.2044506258692628,1230.24,349681.96,h1
2026-08-20T14:16:00+00:00,MOONCOIN/WETH,MoonCoin,robinhood,uniswap,0x4C020A30b1EbC8F964BF6902F35aCFE814e47A87,0x82DA7C5D756210ec89d139Defd430549018dC68d,0.01759,67.71,0.6945736434108527,2395772.72,731043.5,h1
2026-08-20T14:16:00+00:00,HORNS/SOL,bull's horns,solana,pumpswap,GdWcLgzqUd6zhuZdrWXkVAe1z62QSrjobmVC3Jw88vNG,DtK83HpaHULMao5PPRTubJgWFbfxtSsQWbfELRPVpump,5.614e-05,-12.01,-0.053030303030303,8682.06,17907.57,h1
2026-08-20T14:16:00+00:00,KEKODYSSEUS/SOL,Kekius Odysseus,solana,pumpswap,FxNzpZQMXyNFzMtVshyHyJJWVRPcqLJBHA5v1uVYnqP1,HiY4qx8j5QuVh5UFnKyFq1DvzzDNgFkgyyhEeDXhpump,0.0005129,2.5,0.1014851485148514,16748.86,58841.55,h1
2026-08-20T14:16:00+00:00,四股/WBNB,4STOCKS,bsc,pancakeswap,0x8c57C72F626bA4D63Bd34DDcAa80384EfbaAABb0,0x800aD6bF6747105e3620D3Cb4BceD15AB9e47777,0.0001596,11.64,0.1307692307692307,17730.75,39459.4,h1
2026-08-20T14:16:00+00:00,BULLCUM/SOL,Bullcum Coin,solana,pumpswap,7c672apFpNeBQNhsH4uSxwh4UsK99jaTLxSeKWD2PLXz,8WB6TuGytm5Q7YfSfD1LPzeQYV2LnTqgC5ASxnJZpump,1.705e-06,0.0,0.0,0.0,1793.86,h1
2026-08-20T14:16:00+00:00,BULLTN/SOL,Sir Bullington,solana,pumpswap,DayrERHvoshQQw2DsT5mrKoc3kTT2XxCvFv1wkPaQzrf,9KbvJ3RitJ8rFDAM6rEVKKJV8Y4sKsawnYJR4QKHpump,2.072e-06,0.0,0.0,0.0,2576.41,h1
2026-08-20T14:16:00+00:00,HIGHER/SOL,Fuck You Higher,solana,pumpswap,2b85UCz6LCcCaZ3YfqnahdcP113KeEQuQgfcgC98T2tg,CzymhMxfqWxuf4y5xiAdRYXBK7ozMLLum2g6WDGgpump,2.185e-06,0.0,0.0,0.0,2177.28,h1
2026-08-20T14:16:00+00:00,hiyoko/SOL,okina hiyoko,solana,pumpswap,DFkQRHobZDYV5NRYt2jo2sXoAPEGUqFFt3PW83NifW1T,3EeUKUyvDPrqWRCb7aimNspn2Em8uTcSpG8L2Hqepump,1.725e-06,0.0,0.0,0.0,1765.78,h1
2026-08-20T14:16:00+00:00,SolSeason/SOL,SolSeason,solana,pumpswap,DCzNTu1QR9NYDJhNxY9ZsUJYJGKCfuLsUwH48pqFPRp4,APLJwe3Bg9T7dZFSuTouchgptwrL8sxHEC1fU3Fppump,1.881e-06,0.0,0.0,0.0,2006.55,h1
2026-08-20T14:16:00+00:00,MRNA/SOL,Moderna Inc,solana,pumpswap,BPY94CxfMdp5DzW79swwi3YP4Xa8gjq3CsdMDKUsHnsf,6TpjRqHB5BBZH6gtKdqiHDD8u7noVqS85LhtwxySpump,4.476e-06,10.03,-0.0625,675.15,4554.61,h1
2026-08-20T14:16:00+00:00,DPG/SOL,Dumb Phone Gang,solana,pumpswap,8TbYi38UqcedfptvjN2rURLbGbGub3itp2hgLvvS35hY,LFEJTxJ9yi6ojGDFpjbGfABLbH55Fc3oEK8syJJpump,0.001755,-5.24,-0.3699921445404556,78993.57,132516.91,h1
2026-08-20T14:16:00+00:00,MEMEFUND/SOL,MemeFund,solana,pumpfun,7ZfVT9tt3boMBKVmKHnYWP56LfrcdVwbK5bfZCYtUTCd,HBpNF11UdtTD8n3MySe8K3v9VQZJmYUkxpo6V8xFpump,3.918e-06,-2.96,-0.5,72.86,0.0,h1
2026-08-20T14:16:00+00:00,CHILLBULL/SOL,Chill Bull,solana,pumpswap,7Sr7YhpoPHyiQu1XjLBBXsW9BqSBG4YCzbY25o52z4CJ,cQ1Jye1NiuoC8yvaswdNyfbn7AQn1KdWkAmba65pump,0.0001637,43.27,-0.559983395599834,59091.3,31494.26,h1
2026-08-20T14:16:00+00:00,BULLPISS/SOL,Bullpiss Coin,solana,pumpswap,HtfsTmxJU6YanzC9cZQv6vVL7TQuoWhkiGr1tTofaDGN,3uQw7mq6aZWFsVRSY1yn31QKKu6wzX6n7JeWsXnQpump,1.705e-06,0.67,-1.0,0.04,1851.47,h1
2026-08-20T14:17:00+00:00,MADE/ETH,SelfMade by SP3ND,robinhood,uniswap,0xff15af8c07fffcf7c3da982dd75954526401377a8b2c93cc6a0b1e5c253d7c20,0xfe1D984BBF36C0Ed09D55a9E3F4b6F73BA4191CA,9.482e-05,12.18,0.201401050788091,346788.05,42230.22,h1
2026-08-20T14:17:00+00:00,ALIVE/SOL,ALIVE,solana,pumpswap,8zbTgmduTkA1A1x9rxGpKWRF3FryUycB9CN3dwpoY93V,5rJthJB5JZwDvk57je7kod1wkQ7oQgoski9XH2PXpump,2.049e-06,-96.88,-0.4418604651162791,11432.61,2146.43,h1
2026-08-20T14:17:00+00:00,BULLBALLS/SOL,Bullballs Coin,solana,pumpswap,sDHDad1WveSBsYka6ypwZZVPBwnd6GhfTbh3xDnTVJS,897wEhKQtCKXuxxoDA8BH9LWnSpdTKLVzqh1J8xFpump,0.02163,15.49,0.5646677471636953,638592.07,385446.74,h1
2026-08-20T14:17:00+00:00,PEPECOIN/WETH,Make Memes Great Again,robinhood,uniswap,0x29d2049BB2F92b17A5E75cB6Ee6d6c1ba8A82dCD,0x0b9606FB048A14d8381e9B97d00a78b4F4C66241,0.0001911,-0.25,0.1935483870967742,4641.76,26660.75,h1
2026-08-20T14:17:00+00:00,MEN/SOL, Embrace Masculinity,solana,pumpswap,32t4rKoGC8zjP84YF9cfoTAAqMQhLnBpofgWFJAQZhwP,8yCqoKQBxcSt9n3VCMnHuxw2mXHT4F9mMTjzTCA2pump,7.412e-05,27.59,0.1978609625668449,29747.22,26365.29,h1
2026-08-20T14:17:00+00:00,MOONCOIN/WETH,MoonCoin,robinhood,uniswap,0x4C020A30b1EbC8F964BF6902F35aCFE814e47A87,0x82DA7C5D756210ec89d139Defd430549018dC68d,0.01598,58.49,0.6806989674344718,2329534.63,696206.51,h1
2026-08-20T14:17:00+00:00,TOESCOIN/SOL,TOES,solana,pumpswap,EE3zk9Fxp9guair2xeReFxf4TsEXeZFFuWETRna2PkcV,6ehEcTMCc85aNF4x9CWx8HuvWGhxQtvKdhKVf2HDpump,0.006466,-0.89,0.2,1406.67,350123.29,h1
2026-08-20T14:17:00+00:00,KEKODYSSEUS/SOL,Kekius Odysseus,solana,pumpswap,FxNzpZQMXyNFzMtVshyHyJJWVRPcqLJBHA5v1uVYnqP1,HiY4qx8j5QuVh5UFnKyFq1DvzzDNgFkgyyhEeDXhpump,0.0005224,4.29,0.1022443890274314,16988.13,59361.3,h1
2026-08-20T14:17:00+00:00,HORNS/SOL,bull's horns,solana,pumpswap,GdWcLgzqUd6zhuZdrWXkVAe1z62QSrjobmVC3Jw88vNG,DtK83HpaHULMao5PPRTubJgWFbfxtSsQWbfELRPVpump,5.847e-05,3.19,0.0,8251.75,18287.59,h1
2026-08-20T14:17:00+00:00,BULLCUM/SOL,Bullcum Coin,solana,pumpswap,7c672apFpNeBQNhsH4uSxwh4UsK99jaTLxSeKWD2PLXz,8WB6TuGytm5Q7YfSfD1LPzeQYV2LnTqgC5ASxnJZpump,1.705e-06,0.0,0.0,0.0,1793.86,h1
2026-08-20T14:17:00+00:00,BULLTN/SOL,Sir Bullington,solana,pumpswap,DayrERHvoshQQw2DsT5mrKoc3kTT2XxCvFv1wkPaQzrf,9KbvJ3RitJ8rFDAM6rEVKKJV8Y4sKsawnYJR4QKHpump,2.072e-06,0.0,0.0,0.0,2576.41,h1
2026-08-20T14:17:00+00:00,HIGHER/SOL,Fuck You Higher,solana,pumpswap,2b85UCz6LCcCaZ3YfqnahdcP113KeEQuQgfcgC98T2tg,CzymhMxfqWxuf4y5xiAdRYXBK7ozMLLum2g6WDGgpump,2.185e-06,0.0,0.0,0.0,2177.28,h1
2026-08-20T14:17:00+00:00,SolSeason/SOL,SolSeason,solana,pumpswap,DCzNTu1QR9NYDJhNxY9ZsUJYJGKCfuLsUwH48pqFPRp4,APLJwe3Bg9T7dZFSuTouchgptwrL8sxHEC1fU3Fppump,1.881e-06,0.0,0.0,0.0,2006.55,h1
2026-08-20T14:17:00+00:00,hiyoko/SOL,okina hiyoko,solana,pumpswap,DFkQRHobZDYV5NRYt2jo2sXoAPEGUqFFt3PW83NifW1T,3EeUKUyvDPrqWRCb7aimNspn2Em8uTcSpG8L2Hqepump,1.725e-06,0.0,0.0,0.0,1765.78,h1
2026-08-20T14:17:00+00:00,四股/WBNB,4STOCKS,bsc,pancakeswap,0x8c57C72F626bA4D63Bd34DDcAa80384EfbaAABb0,0x800aD6bF6747105e3620D3Cb4BceD15AB9e47777,0.0001608,28.32,0.180327868852459,16284.31,39550.39,h1
2026-08-20T14:17:00+00:00,DPG/SOL,Dumb Phone Gang,solana,pumpswap,8TbYi38UqcedfptvjN2rURLbGbGub3itp2hgLvvS35hY,LFEJTxJ9yi6ojGDFpjbGfABLbH55Fc3oEK8syJJpump,0.001728,-5.47,-0.3737051792828685,78122.35,131344.61,h1
2026-08-20T14:17:00+00:00,MRNA/SOL,Moderna Inc,solana,pumpswap,BPY94CxfMdp5DzW79swwi3YP4Xa8gjq3CsdMDKUsHnsf,6TpjRqHB5BBZH6gtKdqiHDD8u7noVqS85LhtwxySpump,4.394e-06,7.87,-0.125,682.91,4493.5,h1
2026-08-20T14:17:00+00:00,MEMEFUND/SOL,MemeFund,solana,pumpfun,7ZfVT9tt3boMBKVmKHnYWP56LfrcdVwbK5bfZCYtUTCd,HBpNF11UdtTD8n3MySe8K3v9VQZJmYUkxpo6V8xFpump,3.918e-06,-2.96,-0.5,72.86,0.0,h1
2026-08-20T14:17:00+00:00,CHILLBULL/SOL,Chill Bull,solana,pumpswap,7Sr7YhpoPHyiQu1XjLBBXsW9BqSBG4YCzbY25o52z4CJ,cQ1Jye1NiuoC8yvaswdNyfbn7AQn1KdWkAmba65pump,0.0001559,33.96,-0.5510029876227059,59377.37,30664.96,h1
2026-08-20T14:17:00+00:00,BULLPISS/SOL,Bullpiss Coin,solana,pumpswap,HtfsTmxJU6YanzC9cZQv6vVL7TQuoWhkiGr1tTofaDGN,3uQw7mq6aZWFsVRSY1yn31QKKu6wzX6n7JeWsXnQpump,1.705e-06,0.67,-1.0,0.04,1851.47,h1
2026-08-20T14:46:00+00:00,MOONCOIN/WETH,MoonCoin,robinhood,uniswap,0x4C020A30b1EbC8F964BF6902F35aCFE814e47A87,0x82DA7C5D756210ec89d139Defd430549018dC68d,0.001293,-92.5,0.449685534591195,2142745.93,199650.2,h1
2026-08-20T14:46:00+00:00,CHILLBULL/SOL,Chill Bull,solana,pumpswap,7Sr7YhpoPHyiQu1XjLBBXsW9BqSBG4YCzbY25o52z4CJ,cQ1Jye1NiuoC8yvaswdNyfbn7AQn1KdWkAmba65pump,2e-06,-98.71,-0.5358261189906061,61143.93,2131.36,h1
2026-08-20T14:46:00+00:00,MADE/ETH,SelfMade by SP3ND,robinhood,uniswap,0xff15af8c07fffcf7c3da982dd75954526401377a8b2c93cc6a0b1e5c253d7c20,0xfe1D984BBF36C0Ed09D55a9E3F4b6F73BA4191CA,0.0001424,13.84,0.2232142857142857,367019.72,53533.21,h1
2026-08-20T14:46:00+00:00,BULLBALLS/SOL,Bullballs Coin,solana,pumpswap,sDHDad1WveSBsYka6ypwZZVPBwnd6GhfTbh3xDnTVJS,897wEhKQtCKXuxxoDA8BH9LWnSpdTKLVzqh1J8xFpump,0.02436,20.09,0.2402424242424242,912443.3,409578.39,h1
2026-08-20T14:46:00+00:00,PEPECOIN/WETH,Make Memes Great Again,robinhood,uniswap,0x29d2049BB2F92b17A5E75cB6Ee6d6c1ba8A82dCD,0x0b9606FB048A14d8381e9B97d00a78b4F4C66241,0.0001794,-16.09,0.0909090909090909,4044.09,25819.99,h1
2026-08-20T14:46:00+00:00,HORNS/SOL,bull's horns,solana,pumpswap,GdWcLgzqUd6zhuZdrWXkVAe1z62QSrjobmVC3Jw88vNG,DtK83HpaHULMao5PPRTubJgWFbfxtSsQWbfELRPVpump,3.991e-05,-40.73,-0.0456140350877193,8226.01,14844.34,h1
2026-08-20T14:46:00+00:00,MEN/SOL, Embrace Masculinity,solana,pumpswap,32t4rKoGC8zjP84YF9cfoTAAqMQhLnBpofgWFJAQZhwP,8yCqoKQBxcSt9n3VCMnHuxw2mXHT4F9mMTjzTCA2pump,7.628e-05,19.29,0.2028725314183123,18080.99,26738.82,h1
2026-08-20T14:46:00+00:00,KEKODYSSEUS/SOL,Kekius Odysseus,solana,pumpswap,FxNzpZQMXyNFzMtVshyHyJJWVRPcqLJBHA5v1uVYnqP1,HiY4qx8j5QuVh5UFnKyFq1DvzzDNgFkgyyhEeDXhpump,0.0005246,-10.26,0.1140235910878112,13389.78,59423.93,h1
2026-08-20T14:46:00+00:00,TOESCOIN/SOL,TOES,solana,pumpswap,EE3zk9Fxp9guair2xeReFxf4TsEXeZFFuWETRna2PkcV,6ehEcTMCc85aNF4x9CWx8HuvWGhxQtvKdhKVf2HDpump,0.006355,-1.93,0.1914036265950302,3430.78,346655.92,h1
2026-08-20T14:46:00+00:00,BULLCUM/SOL,Bullcum Coin,solana,pumpswap,7c672apFpNeBQNhsH4uSxwh4UsK99jaTLxSeKWD2PLXz,8WB6TuGytm5Q7YfSfD1LPzeQYV2LnTqgC5ASxnJZpump,1.705e-06,0.0,0.0,0.0,1793.86,h1
2026-08-20T14:46:00+00:00,SolSeason/SOL,SolSeason,solana,pumpswap,DCzNTu1QR9NYDJhNxY9ZsUJYJGKCfuLsUwH48pqFPRp4,APLJwe3Bg9T7dZFSuTouchgptwrL8sxHEC1fU3Fppump,1.881e-06,0.0,0.0,0.0,2006.55,h1
2026-08-20T14:46:00+00:00,hiyoko/SOL,okina hiyoko,solana,pumpswap,DFkQRHobZDYV5NRYt2jo2sXoAPEGUqFFt3PW83NifW1T,3EeUKUyvDPrqWRCb7aimNspn2Em8uTcSpG8L2Hqepump,1.725e-06,0.0,0.0,0.0,1765.78,h1
2026-08-20T14:46:00+00:00,DPG/SOL,Dumb Phone Gang,solana,pumpswap,8TbYi38UqcedfptvjN2rURLbGbGub3itp2hgLvvS35hY,LFEJTxJ9yi6ojGDFpjbGfABLbH55Fc3oEK8syJJpump,0.00152,-10.76,-0.3338856669428334,76478.67,123047.63,h1
2026-08-20T14:46:00+00:00,MRNA/SOL,Moderna Inc,solana,pumpswap,BPY94CxfMdp5DzW79swwi3YP4Xa8gjq3CsdMDKUsHnsf,6TpjRqHB5BBZH6gtKdqiHDD8u7noVqS85LhtwxySpump,4.348e-06,11.92,0.0,556.79,4461.27,h1
2026-08-20T14:46:00+00:00,四股/WBNB,4STOCKS,bsc,pancakeswap,0x8c57C72F626bA4D63Bd34DDcAa80384EfbaAABb0,0x800aD6bF6747105e3620D3Cb4BceD15AB9e47777,0.0001582,20.29,0.0506912442396313,13207.63,39216.33,h1
2026-08-20T14:46:00+00:00,MEMEFUND/SOL,MemeFund,solana,pumpfun,7ZfVT9tt3boMBKVmKHnYWP56LfrcdVwbK5bfZCYtUTCd,HBpNF11UdtTD8n3MySe8K3v9VQZJmYUkxpo6V8xFpump,3.907e-06,-3.01,-0.3333333333333333,76.69,0.0,h1
2026-08-20T14:46:00+00:00,BULLTN/SOL,Sir Bullington,solana,pumpswap,DayrERHvoshQQw2DsT5mrKoc3kTT2XxCvFv1wkPaQzrf,9KbvJ3RitJ8rFDAM6rEVKKJV8Y4sKsawnYJR4QKHpump,2.061e-06,-0.51,-0.3333333333333333,3.74,2563.21,h1
2026-08-20T14:46:00+00:00,ALIVE/SOL,ALIVE,solana,pumpswap,8zbTgmduTkA1A1x9rxGpKWRF3FryUycB9CN3dwpoY93V,5rJthJB5JZwDvk57je7kod1wkQ7oQgoski9XH2PXpump,2.046e-06,-4.64,-1.0,31.23,2143.0,h1
2026-08-20T14:46:00+00:00,HIGHER/SOL,Fuck You Higher,solana,pumpswap,2b85UCz6LCcCaZ3YfqnahdcP113KeEQuQgfcgC98T2tg,CzymhMxfqWxuf4y5xiAdRYXBK7ozMLLum2g6WDGgpump,2.119e-06,-3.04,-1.0,41.28,2118.86,h1
2026-08-20T14:46:00+00:00,BULLPISS/SOL,Bullpiss Coin,solana,pumpswap,HtfsTmxJU6YanzC9cZQv6vVL7TQuoWhkiGr1tTofaDGN,3uQw7mq6aZWFsVRSY1yn31QKKu6wzX6n7JeWsXnQpump,1.705e-06,0.67,-1.0,0.04,1851.47,h1
2026-08-20T14:49:00+00:00,MOONCOIN/WETH,MoonCoin,robinhood,uniswap,0x4C020A30b1EbC8F964BF6902F35aCFE814e47A87,0x82DA7C5D756210ec89d139Defd430549018dC68d,0.00151,-89.72,0.4267912772585669,2045727.3,215715.64,h1
2026-08-20T14:49:00+00:00,MADE/ETH,SelfMade by SP3ND,robinhood,uniswap,0xff15af8c07fffcf7c3da982dd75954526401377a8b2c93cc6a0b1e5c253d7c20,0xfe1D984BBF36C0Ed09D55a9E3F4b6F73BA4191CA,9.852e-05,-35.2,0.2218045112781954,372682.8,43467.68,h1
2026-08-20T14:49:00+00:00,CHILLBULL/SOL,Chill Bull,solana,pumpswap,7Sr7YhpoPHyiQu1XjLBBXsW9BqSBG4YCzbY25o52z4CJ,cQ1Jye1NiuoC8yvaswdNyfbn7AQn1KdWkAmba65pump,1.951e-06,-98.76,-0.5418653442685485,57530.5,2085.74,h1
2026-08-20T14:49:00+00:00,BULLBALLS/SOL,Bullballs Coin,solana,pumpswap,sDHDad1WveSBsYka6ypwZZVPBwnd6GhfTbh3xDnTVJS,897wEhKQtCKXuxxoDA8BH9LWnSpdTKLVzqh1J8xFpump,0.02392,19.97,0.2038425492033739,939260.62,405874.81,h1
2026-08-20T14:49:00+00:00,PEPECOIN/WETH,Make Memes Great Again,robinhood,uniswap,0x29d2049BB2F92b17A5E75cB6Ee6d6c1ba8A82dCD,0x0b9606FB048A14d8381e9B97d00a78b4F4C66241,0.000181,-15.53,0.0909090909090909,4111.01,25902.65,h1
2026-08-20T14:49:00+00:00,MEN/SOL, Embrace Masculinity,solana,pumpswap,32t4rKoGC8zjP84YF9cfoTAAqMQhLnBpofgWFJAQZhwP,8yCqoKQBxcSt9n3VCMnHuxw2mXHT4F9mMTjzTCA2pump,7.471e-05,8.21,0.1925925925925926,18154.56,26463.42,h1
2026-08-20T14:49:00+00:00,HORNS/SOL,bull's horns,solana,pumpswap,GdWcLgzqUd6zhuZdrWXkVAe1z62QSrjobmVC3Jw88vNG,DtK83HpaHULMao5PPRTubJgWFbfxtSsQWbfELRPVpump,4.028e-05,-40.57,-0.037037037037037,8376.83,14913.16,h1
2026-08-20T14:49:00+00:00,KEKODYSSEUS/SOL,Kekius Odysseus,solana,pumpswap,FxNzpZQMXyNFzMtVshyHyJJWVRPcqLJBHA5v1uVYnqP1,HiY4qx8j5QuVh5UFnKyFq1DvzzDNgFkgyyhEeDXhpump,0.0005241,-8.98,0.1131339401820546,13137.68,59365.79,h1
2026-08-20T14:49:00+00:00,TOESCOIN/SOL,TOES,solana,pumpswap,EE3zk9Fxp9guair2xeReFxf4TsEXeZFFuWETRna2PkcV,6ehEcTMCc85aNF4x9CWx8HuvWGhxQtvKdhKVf2HDpump,0.006302,-2.42,0.1951710261569416,3446.38,345012.19,h1
2026-08-20T14:49:00+00:00,BULLCUM/SOL,Bullcum Coin,solana,pumpswap,7c672apFpNeBQNhsH4uSxwh4UsK99jaTLxSeKWD2PLXz,8WB6TuGytm5Q7YfSfD1LPzeQYV2LnTqgC5ASxnJZpump,1.705e-06,0.0,0.0,0.0,1793.86,h1
2026-08-20T14:49:00+00:00,SolSeason/SOL,SolSeason,solana,pumpswap,DCzNTu1QR9NYDJhNxY9ZsUJYJGKCfuLsUwH48pqFPRp4,APLJwe3Bg9T7dZFSuTouchgptwrL8sxHEC1fU3Fppump,1.881e-06,0.0,0.0,0.0,2006.55,h1
2026-08-20T14:49:00+00:00,hiyoko/SOL,okina hiyoko,solana,pumpswap,DFkQRHobZDYV5NRYt2jo2sXoAPEGUqFFt3PW83NifW1T,3EeUKUyvDPrqWRCb7aimNspn2Em8uTcSpG8L2Hqepump,1.725e-06,0.0,0.0,0.0,1765.78,h1
2026-08-20T14:49:00+00:00,四股/WBNB,4STOCKS,bsc,pancakeswap,0x8c57C72F626bA4D63Bd34DDcAa80384EfbaAABb0,0x800aD6bF6747105e3620D3Cb4BceD15AB9e47777,0.0001413,5.83,0.0175438596491228,14184.4,37045.91,h1
2026-08-20T14:49:00+00:00,DPG/SOL,Dumb Phone Gang,solana,pumpswap,8TbYi38UqcedfptvjN2rURLbGbGub3itp2hgLvvS35hY,LFEJTxJ9yi6ojGDFpjbGfABLbH55Fc3oEK8syJJpump,0.001543,-11.51,-0.3411371237458194,75916.51,123861.18,h1
2026-08-20T14:49:00+00:00,MRNA/SOL,Moderna Inc,solana,pumpswap,BPY94CxfMdp5DzW79swwi3YP4Xa8gjq3CsdMDKUsHnsf,6TpjRqHB5BBZH6gtKdqiHDD8u7noVqS85LhtwxySpump,4.348e-06,7.12,-0.0434782608695652,458.88,4461.27,h1
2026-08-20T14:49:00+00:00,BULLTN/SOL,Sir Bullington,solana,pumpswap,DayrERHvoshQQw2DsT5mrKoc3kTT2XxCvFv1wkPaQzrf,9KbvJ3RitJ8rFDAM6rEVKKJV8Y4sKsawnYJR4QKHpump,2.061e-06,-0.51,-0.3333333333333333,3.74,2563.21,h1
2026-08-20T14:49:00+00:00,MEMEFUND/SOL,MemeFund,solana,pumpfun,7ZfVT9tt3boMBKVmKHnYWP56LfrcdVwbK5bfZCYtUTCd,HBpNF11UdtTD8n3MySe8K3v9VQZJmYUkxpo6V8xFpump,3.895e-06,-3.31,-0.4,79.29,0.0,h1
2026-08-20T14:49:00+00:00,HIGHER/SOL,Fuck You Higher,solana,pumpswap,2b85UCz6LCcCaZ3YfqnahdcP113KeEQuQgfcgC98T2tg,CzymhMxfqWxuf4y5xiAdRYXBK7ozMLLum2g6WDGgpump,2.119e-06,-3.04,-1.0,41.28,2118.86,h1
2026-08-20T14:49:00+00:00,ALIVE/SOL,ALIVE,solana,pumpswap,8zbTgmduTkA1A1x9rxGpKWRF3FryUycB9CN3dwpoY93V,5rJthJB5JZwDvk57je7kod1wkQ7oQgoski9XH2PXpump,2.046e-06,-3.16,-1.0,31.03,2143.0,h1
2026-08-20T14:49:00+00:00,BULLPISS/SOL,Bullpiss Coin,solana,pumpswap,HtfsTmxJU6YanzC9cZQv6vVL7TQuoWhkiGr1tTofaDGN,3uQw7mq6aZWFsVRSY1yn31QKKu6wzX6n7JeWsXnQpump,1.705e-06,0.67,-1.0,0.04,1851.47,h1
2026-08-20T14:51:00+00:00,MADE/ETH,SelfMade by SP3ND,robinhood,uniswap,0xff15af8c07fffcf7c3da982dd75954526401377a8b2c93cc6a0b1e5c253d7c20,0xfe1D984BBF36C0Ed09D55a9E3F4b6F73BA4191CA,5.356e-05,-60.73,0.2146829810901001,388229.16,30555.2,h1
2026-08-20T14:51:00+00:00,MOONCOIN/WETH,MoonCoin,robinhood,uniswap,0x4C020A30b1EbC8F964BF6902F35aCFE814e47A87,0x82DA7C5D756210ec89d139Defd430549018dC68d,0.001849,-87.58,0.4166043380703066,2036194.33,238871.39,h1
2026-08-20T14:51:00+00:00,CHILLBULL/SOL,Chill Bull,solana,pumpswap,7Sr7YhpoPHyiQu1XjLBBXsW9BqSBG4YCzbY25o52z4CJ,cQ1Jye1NiuoC8yvaswdNyfbn7AQn1KdWkAmba65pump,1.952e-06,-98.68,-0.5420998980632008,52430.08,2086.55,h1
2026-08-20T14:51:00+00:00,MEN/SOL, Embrace Masculinity,solana,pumpswap,32t4rKoGC8zjP84YF9cfoTAAqMQhLnBpofgWFJAQZhwP,8yCqoKQBxcSt9n3VCMnHuxw2mXHT4F9mMTjzTCA2pump,7.034e-05,-19.63,0.148854961832061,17045.42,25677.48,h1
2026-08-20T14:51:00+00:00,BULLBALLS/SOL,Bullballs Coin,solana,pumpswap,sDHDad1WveSBsYka6ypwZZVPBwnd6GhfTbh3xDnTVJS,897wEhKQtCKXuxxoDA8BH9LWnSpdTKLVzqh1J8xFpump,0.02295,13.36,0.173433412942113,961726.89,398092.07,h1
2026-08-20T14:51:00+00:00,PEPECOIN/WETH,Make Memes Great Again,robinhood,uniswap,0x29d2049BB2F92b17A5E75cB6Ee6d6c1ba8A82dCD,0x0b9606FB048A14d8381e9B97d00a78b4F4C66241,0.000181,-15.15,0.073170731707317,4078.47,25902.65,h1
2026-08-20T14:51:00+00:00,HORNS/SOL,bull's horns,solana,pumpswap,GdWcLgzqUd6zhuZdrWXkVAe1z62QSrjobmVC3Jw88vNG,DtK83HpaHULMao5PPRTubJgWFbfxtSsQWbfELRPVpump,4.309e-05,-34.47,-0.0163934426229508,8572.11,15479.93,h1
2026-08-20T14:51:00+00:00,KEKODYSSEUS/SOL,Kekius Odysseus,solana,pumpswap,FxNzpZQMXyNFzMtVshyHyJJWVRPcqLJBHA5v1uVYnqP1,HiY4qx8j5QuVh5UFnKyFq1DvzzDNgFkgyyhEeDXhpump,0.0005252,-8.21,0.1196808510638298,12905.49,59529.37,h1
2026-08-20T14:51:00+00:00,TOESCOIN/SOL,TOES,solana,pumpswap,EE3zk9Fxp9guair2xeReFxf4TsEXeZFFuWETRna2PkcV,6ehEcTMCc85aNF4x9CWx8HuvWGhxQtvKdhKVf2HDpump,0.006364,-2.21,0.1957390146471371,3444.62,347250.28,h1
2026-08-20T14:51:00+00:00,四股/WBNB,4STOCKS,bsc,pancakeswap,0x8c57C72F626bA4D63Bd34DDcAa80384EfbaAABb0,0x800aD6bF6747105e3620D3Cb4BceD15AB9e47777,0.0001347,-0.05,0.0084745762711864,14278.21,36194.96,h1
2026-08-20T14:51:00+00:00,hiyoko/SOL,okina hiyoko,solana,pumpswap,DFkQRHobZDYV5NRYt2jo2sXoAPEGUqFFt3PW83NifW1T,3EeUKUyvDPrqWRCb7aimNspn2Em8uTcSpG8L2Hqepump,1.725e-06,0.0,0.0,0.0,1765.78,h1
2026-08-20T14:51:00+00:00,SolSeason/SOL,SolSeason,solana,pumpswap,DCzNTu1QR9NYDJhNxY9ZsUJYJGKCfuLsUwH48pqFPRp4,APLJwe3Bg9T7dZFSuTouchgptwrL8sxHEC1fU3Fppump,1.881e-06,0.0,0.0,0.0,2006.55,h1
2026-08-20T14:51:00+00:00,BULLCUM/SOL,Bullcum Coin,solana,pumpswap,7c672apFpNeBQNhsH4uSxwh4UsK99jaTLxSeKWD2PLXz,8WB6TuGytm5Q7YfSfD1LPzeQYV2LnTqgC5ASxnJZpump,1.705e-06,0.0,0.0,0.0,1793.86,h1
2026-08-20T14:51:00+00:00,MRNA/SOL,Moderna Inc,solana,pumpswap,BPY94CxfMdp5DzW79swwi3YP4Xa8gjq3CsdMDKUsHnsf,6TpjRqHB5BBZH6gtKdqiHDD8u7noVqS85LhtwxySpump,4.348e-06,5.3,0.0,457.03,4461.27,h1
2026-08-20T14:51:00+00:00,DPG/SOL,Dumb Phone Gang,solana,pumpswap,8TbYi38UqcedfptvjN2rURLbGbGub3itp2hgLvvS35hY,LFEJTxJ9yi6ojGDFpjbGfABLbH55Fc3oEK8syJJpump,0.001546,-11.07,-0.3383333333333333,76267.37,124089.54,h1
2026-08-20T14:51:00+00:00,BULLTN/SOL,Sir Bullington,solana,pumpswap,DayrERHvoshQQw2DsT5mrKoc3kTT2XxCvFv1wkPaQzrf,9KbvJ3RitJ8rFDAM6rEVKKJV8Y4sKsawnYJR4QKHpump,2.061e-06,-0.51,-0.3333333333333333,3.74,2563.21,h1
2026-08-20T14:51:00+00:00,MEMEFUND/SOL,MemeFund,solana,pumpfun,7ZfVT9tt3boMBKVmKHnYWP56LfrcdVwbK5bfZCYtUTCd,HBpNF11UdtTD8n3MySe8K3v9VQZJmYUkxpo6V8xFpump,3.885e-06,-0.78,-0.4,41.23,0.0,h1
2026-08-20T14:51:00+00:00,HIGHER/SOL,Fuck You Higher,solana,pumpswap,2b85UCz6LCcCaZ3YfqnahdcP113KeEQuQgfcgC98T2tg,CzymhMxfqWxuf4y5xiAdRYXBK7ozMLLum2g6WDGgpump,2.119e-06,-3.04,-1.0,41.28,2118.86,h1
2026-08-20T14:51:00+00:00,ALIVE/SOL,ALIVE,solana,pumpswap,8zbTgmduTkA1A1x9rxGpKWRF3FryUycB9CN3dwpoY93V,5rJthJB5JZwDvk57je7kod1wkQ7oQgoski9XH2PXpump,2.046e-06,-2.99,-1.0,27.65,2143.0,h1
2026-08-20T14:51:00+00:00,BULLPISS/SOL,Bullpiss Coin,solana,pumpswap,HtfsTmxJU6YanzC9cZQv6vVL7TQuoWhkiGr1tTofaDGN,3uQw7mq6aZWFsVRSY1yn31QKKu6wzX6n7JeWsXnQpump,1.705e-06,0.67,-1.0,0.04,1851.47,h1
2026-08-20T14:54:00+00:00,MOONCOIN/WETH,MoonCoin,robinhood,uniswap,0x4C020A30b1EbC8F964BF6902F35aCFE814e47A87,0x82DA7C5D756210ec89d139Defd430549018dC68d,0.001525,-89.68,0.4022824536376604,2028480.67,217658.69,h1
2026-08-20T14:54:00+00:00,MADE/ETH,SelfMade by SP3ND,robinhood,uniswap,0xff15af8c07fffcf7c3da982dd75954526401377a8b2c93cc6a0b1e5c253d7c20,0xfe1D984BBF36C0Ed09D55a9E3F4b6F73BA4191CA,7.642e-05,-40.19,0.2265069262448521,374021.91,37679.87,h1
2026-08-20T14:54:00+00:00,CHILLBULL/SOL,Chill Bull,solana,pumpswap,7Sr7YhpoPHyiQu1XjLBBXsW9BqSBG4YCzbY25o52z4CJ,cQ1Jye1NiuoC8yvaswdNyfbn7AQn1KdWkAmba65pump,1.96e-06,-98.56,-0.5440460380699425,48678.31,2094.81,h1
2026-08-20T14:54:00+00:00,MEN/SOL, Embrace Masculinity,solana,pumpswap,32t4rKoGC8zjP84YF9cfoTAAqMQhLnBpofgWFJAQZhwP,8yCqoKQBxcSt9n3VCMnHuxw2mXHT4F9mMTjzTCA2pump,7.21e-05,-8.87,0.1581027667984189,16393.09,26032.82,h1
2026-08-20T14:54:00+00:00,BULLBALLS/SOL,Bullballs Coin,solana,pumpswap,sDHDad1WveSBsYka6ypwZZVPBwnd6GhfTbh3xDnTVJS,897wEhKQtCKXuxxoDA8BH9LWnSpdTKLVzqh1J8xFpump,0.02247,6.9,0.1429197720298115,973737.61,394175.66,h1
2026-08-20T14:54:00+00:00,PEPECOIN/WETH,Make Memes Great Again,robinhood,uniswap,0x29d2049BB2F92b17A5E75cB6Ee6d6c1ba8A82dCD,0x0b9606FB048A14d8381e9B97d00a78b4F4C66241,0.0001813,-15.36,0.0769230769230769,4065.07,25949.51,h1
2026-08-20T14:54:00+00:00,HORNS/SOL,bull's horns,solana,pumpswap,GdWcLgzqUd6zhuZdrWXkVAe1z62QSrjobmVC3Jw88vNG,DtK83HpaHULMao5PPRTubJgWFbfxtSsQWbfELRPVpump,4.498e-05,-28.61,-0.0097087378640776,9054.4,15865.57,h1
2026-08-20T14:54:00+00:00,KEKODYSSEUS/SOL,Kekius Odysseus,solana,pumpswap,FxNzpZQMXyNFzMtVshyHyJJWVRPcqLJBHA5v1uVYnqP1,HiY4qx8j5QuVh5UFnKyFq1DvzzDNgFkgyyhEeDXhpump,0.0005177,-9.15,0.1128818061088977,13271.73,59106.14,h1
2026-08-20T14:54:00+00:00,TOESCOIN/SOL,TOES,solana,pumpswap,EE3zk9Fxp9guair2xeReFxf4TsEXeZFFuWETRna2PkcV,6ehEcTMCc85aNF4x9CWx8HuvWGhxQtvKdhKVf2HDpump,0.006365,-2.33,0.1939113170086035,3500.21,347435.47,h1
2026-08-20T14:54:00+00:00,四股/WBNB,4STOCKS,bsc,pancakeswap,0x8c57C72F626bA4D63Bd34DDcAa80384EfbaAABb0,0x800aD6bF6747105e3620D3Cb4BceD15AB9e47777,0.0001399,-4.28,0.0041152263374485,13575.52,36917.6,h1
2026-08-20T14:54:00+00:00,hiyoko/SOL,okina hiyoko,solana,pumpswap,DFkQRHobZDYV5NRYt2jo2sXoAPEGUqFFt3PW83NifW1T,3EeUKUyvDPrqWRCb7aimNspn2Em8uTcSpG8L2Hqepump,1.725e-06,0.0,0.0,0.0,1765.78,h1
2026-08-20T14:54:00+00:00,SolSeason/SOL,SolSeason,solana,pumpswap,DCzNTu1QR9NYDJhNxY9ZsUJYJGKCfuLsUwH48pqFPRp4,APLJwe3Bg9T7dZFSuTouchgptwrL8sxHEC1fU3Fppump,1.881e-06,0.0,0.0,0.0,2006.55,h1
2026-08-20T14:54:00+00:00,BULLCUM/SOL,Bullcum Coin,solana,pumpswap,7c672apFpNeBQNhsH4uSxwh4UsK99jaTLxSeKWD2PLXz,8WB6TuGytm5Q7YfSfD1LPzeQYV2LnTqgC5ASxnJZpump,1.705e-06,0.0,0.0,0.0,1793.86,h1
2026-08-20T14:54:00+00:00,BULLPISS/SOL,Bullpiss Coin,solana,pumpswap,HtfsTmxJU6YanzC9cZQv6vVL7TQuoWhkiGr1tTofaDGN,3uQw7mq6aZWFsVRSY1yn31QKKu6wzX6n7JeWsXnQpump,1.705e-06,0.0,0.0,0.0,1851.47,h1
2026-08-20T14:54:00+00:00,MRNA/SOL,Moderna Inc,solana,pumpswap,BPY94CxfMdp5DzW79swwi3YP4Xa8gjq3CsdMDKUsHnsf,6TpjRqHB5BBZH6gtKdqiHDD8u7noVqS85LhtwxySpump,4.348e-06,3.61,0.0,456.11,4461.27,h1
2026-08-20T14:54:00+00:00,DPG/SOL,Dumb Phone Gang,solana,pumpswap,8TbYi38UqcedfptvjN2rURLbGbGub3itp2hgLvvS35hY,LFEJTxJ9yi6ojGDFpjbGfABLbH55Fc3oEK8syJJpump,0.001526,-14.17,-0.3354632587859425,78235.06,123437.24,h1
2026-08-20T14:54:00+00:00,BULLTN/SOL,Sir Bullington,solana,pumpswap,DayrERHvoshQQw2DsT5mrKoc3kTT2XxCvFv1wkPaQzrf,9KbvJ3RitJ8rFDAM6rEVKKJV8Y4sKsawnYJR4QKHpump,2.061e-06,-0.51,-0.3333333333333333,3.74,2563.21,h1
2026-08-20T14:54:00+00:00,MEMEFUND/SOL,MemeFund,solana,pumpfun,7ZfVT9tt3boMBKVmKHnYWP56LfrcdVwbK5bfZCYtUTCd,HBpNF11UdtTD8n3MySe8K3v9VQZJmYUkxpo6V8xFpump,3.885e-06,-1.63,-0.5555555555555556,31.4,0.0,h1
2026-08-20T14:54:00+00:00,HIGHER/SOL,Fuck You Higher,solana,pumpswap,2b85UCz6LCcCaZ3YfqnahdcP113KeEQuQgfcgC98T2tg,CzymhMxfqWxuf4y5xiAdRYXBK7ozMLLum2g6WDGgpump,2.119e-06,-3.04,-1.0,41.28,2118.86,h1
2026-08-20T14:54:00+00:00,ALIVE/SOL,ALIVE,solana,pumpswap,8zbTgmduTkA1A1x9rxGpKWRF3FryUycB9CN3dwpoY93V,5rJthJB5JZwDvk57je7kod1wkQ7oQgoski9XH2PXpump,2.046e-06,-1.01,-1.0,7.89,2143.0,h1
2026-08-20T16:18:00+00:00,BWCLG/SOL,bullwifclogs,solana,pumpswap,9a9QL817dHz9FGAR1xwjSZ2Dz2yADLdnory7RxVr7wN8,Hgfwz9d5iK7jNbnwhpmkWCn9dCJpYvcosksfBkZQpump,0.0005139,-2.83,0.1932500715034798,715829.83,57546.91,h1
2026-08-20T16:18:00+00:00,BULLBALLS/SOL,Bullballs Coin,solana,pumpswap,sDHDad1WveSBsYka6ypwZZVPBwnd6GhfTbh3xDnTVJS,897wEhKQtCKXuxxoDA8BH9LWnSpdTKLVzqh1J8xFpump,0.02333,11.44,0.6297954918644574,629545.18,404600.19,h1
2026-08-20T16:18:00+00:00,MADE/ETH,SelfMade by SP3ND,robinhood,uniswap,0xff15af8c07fffcf7c3da982dd75954526401377a8b2c93cc6a0b1e5c253d7c20,0xfe1D984BBF36C0Ed09D55a9E3F4b6F73BA4191CA,8.756e-06,-56.95,-0.5549710678590216,28206.45,8947.85,h1
2026-08-20T16:18:00+00:00,MEN/SOL, Embrace Masculinity,solana,pumpswap,32t4rKoGC8zjP84YF9cfoTAAqMQhLnBpofgWFJAQZhwP,8yCqoKQBxcSt9n3VCMnHuxw2mXHT4F9mMTjzTCA2pump,7.563e-05,-4.05,0.1926605504587156,12259.0,26781.93,h1
2026-08-20T16:18:00+00:00,KEKODYSSEUS/SOL,Kekius Odysseus,solana,pumpswap,FxNzpZQMXyNFzMtVshyHyJJWVRPcqLJBHA5v1uVYnqP1,HiY4qx8j5QuVh5UFnKyFq1DvzzDNgFkgyyhEeDXhpump,0.0005543,-13.91,0.0037546933667083,17227.41,61411.99,h1
2026-08-20T16:18:00+00:00,四股/WBNB,4STOCKS,bsc,pancakeswap,0x8c57C72F626bA4D63Bd34DDcAa80384EfbaAABb0,0x800aD6bF6747105e3620D3Cb4BceD15AB9e47777,0.0001153,-10.4,0.0592334494773519,23886.93,33696.13,h1
2026-08-20T16:18:00+00:00,PEPECOIN/WETH,Make Memes Great Again,robinhood,uniswap,0x29d2049BB2F92b17A5E75cB6Ee6d6c1ba8A82dCD,0x0b9606FB048A14d8381e9B97d00a78b4F4C66241,0.0001722,3.87,0.15,2223.97,25876.04,h1
2026-08-20T16:18:00+00:00,DPG/SOL,Dumb Phone Gang,solana,pumpswap,8TbYi38UqcedfptvjN2rURLbGbGub3itp2hgLvvS35hY,LFEJTxJ9yi6ojGDFpjbGfABLbH55Fc3oEK8syJJpump,0.001671,-7.2,0.1121495327102803,29892.46,129648.8,h1
2026-08-20T16:18:00+00:00,TOESCOIN/SOL,TOES,solana,pumpswap,EE3zk9Fxp9guair2xeReFxf4TsEXeZFFuWETRna2PkcV,6ehEcTMCc85aNF4x9CWx8HuvWGhxQtvKdhKVf2HDpump,0.006149,-3.64,0.1936813186813187,4014.24,342375.99,h1
2026-08-20T16:18:00+00:00,MRNA/SOL,Moderna Inc,solana,pumpswap,BPY94CxfMdp5DzW79swwi3YP4Xa8gjq3CsdMDKUsHnsf,6TpjRqHB5BBZH6gtKdqiHDD8u7noVqS85LhtwxySpump,4.112e-06,-11.82,0.0,267.19,4308.54,h1
2026-08-20T16:18:00+00:00,hiyoko/SOL,okina hiyoko,solana,pumpswap,DFkQRHobZDYV5NRYt2jo2sXoAPEGUqFFt3PW83NifW1T,3EeUKUyvDPrqWRCb7aimNspn2Em8uTcSpG8L2Hqepump,1.725e-06,0.0,0.0,0.0,1765.78,h1
2026-08-20T16:18:00+00:00,BULLTN/SOL,Sir Bullington,solana,pumpswap,DayrERHvoshQQw2DsT5mrKoc3kTT2XxCvFv1wkPaQzrf,9KbvJ3RitJ8rFDAM6rEVKKJV8Y4sKsawnYJR4QKHpump,2.061e-06,0.0,0.0,0.0,2563.21,h1
2026-08-20T16:18:00+00:00,BULLCUM/SOL,Bullcum Coin,solana,pumpswap,7c672apFpNeBQNhsH4uSxwh4UsK99jaTLxSeKWD2PLXz,8WB6TuGytm5Q7YfSfD1LPzeQYV2LnTqgC5ASxnJZpump,1.705e-06,0.0,0.0,0.0,1793.86,h1
2026-08-20T16:18:00+00:00,SolSeason/SOL,SolSeason,solana,pumpswap,DCzNTu1QR9NYDJhNxY9ZsUJYJGKCfuLsUwH48pqFPRp4,APLJwe3Bg9T7dZFSuTouchgptwrL8sxHEC1fU3Fppump,1.847e-06,1.84,0.0,1.79,1973.7,h1
2026-08-20T16:18:00+00:00,MOONCOIN/WETH,MoonCoin,robinhood,uniswap,0x4C020A30b1EbC8F964BF6902F35aCFE814e47A87,0x82DA7C5D756210ec89d139Defd430549018dC68d,0.003465,55.95,0.5785365853658536,1802976.27,339023.69,h1
2026-08-20T16:18:00+00:00,HORNS/SOL,bull's horns,solana,pumpswap,GdWcLgzqUd6zhuZdrWXkVAe1z62QSrjobmVC3Jw88vNG,DtK83HpaHULMao5PPRTubJgWFbfxtSsQWbfELRPVpump,4.195e-05,3.51,-0.3235294117647059,2674.0,15322.98,h1
2026-08-20T16:18:00+00:00,MEMEFUND/SOL,MemeFund,solana,pumpfun,7ZfVT9tt3boMBKVmKHnYWP56LfrcdVwbK5bfZCYtUTCd,HBpNF11UdtTD8n3MySe8K3v9VQZJmYUkxpo6V8xFpump,3.756e-06,-4.68,-0.5,112.35,0.0,h1
2026-08-20T16:18:00+00:00,CHILLBULL/SOL,Chill Bull,solana,pumpswap,7Sr7YhpoPHyiQu1XjLBBXsW9BqSBG4YCzbY25o52z4CJ,cQ1Jye1NiuoC8yvaswdNyfbn7AQn1KdWkAmba65pump,1.926e-06,0.12,-0.4545454545454545,13.39,2065.7,h1
2026-08-20T16:18:00+00:00,ALIVE/SOL,ALIVE,solana,pumpswap,8zbTgmduTkA1A1x9rxGpKWRF3FryUycB9CN3dwpoY93V,5rJthJB5JZwDvk57je7kod1wkQ7oQgoski9XH2PXpump,2.054e-06,0.33,-1.0,4.02,2154.05,h1
2026-08-20T16:18:00+00:00,BULLPISS/SOL,Bullpiss Coin,solana,pumpswap,HtfsTmxJU6YanzC9cZQv6vVL7TQuoWhkiGr1tTofaDGN,3uQw7mq6aZWFsVRSY1yn31QKKu6wzX6n7JeWsXnQpump,1.721e-06,0.92,-1.0,0.07,1868.48,h1
2026-08-20T16:19:00+00:00,BWCLG/SOL,bullwifclogs,solana,pumpswap,9a9QL817dHz9FGAR1xwjSZ2Dz2yADLdnory7RxVr7wN8,Hgfwz9d5iK7jNbnwhpmkWCn9dCJpYvcosksfBkZQpump,0.0005139,-2.83,0.1932500715034798,715829.83,57546.91,h1
2026-08-20T16:19:00+00:00,BULLBALLS/SOL,Bullballs Coin,solana,pumpswap,sDHDad1WveSBsYka6ypwZZVPBwnd6GhfTbh3xDnTVJS,897wEhKQtCKXuxxoDA8BH9LWnSpdTKLVzqh1J8xFpump,0.02333,11.44,0.6297954918644574,629545.18,404600.19,h1
2026-08-20T16:19:00+00:00,MADE/ETH,SelfMade by SP3ND,robinhood,uniswap,0xff15af8c07fffcf7c3da982dd75954526401377a8b2c93cc6a0b1e5c253d7c20,0xfe1D984BBF36C0Ed09D55a9E3F4b6F73BA4191CA,8.756e-06,-56.95,-0.5549710678590216,28206.45,8947.85,h1
2026-08-20T16:19:00+00:00,MEN/SOL, Embrace Masculinity,solana,pumpswap,32t4rKoGC8zjP84YF9cfoTAAqMQhLnBpofgWFJAQZhwP,8yCqoKQBxcSt9n3VCMnHuxw2mXHT4F9mMTjzTCA2pump,7.563e-05,-4.05,0.1926605504587156,12259.0,26781.93,h1
2026-08-20T16:19:00+00:00,KEKODYSSEUS/SOL,Kekius Odysseus,solana,pumpswap,FxNzpZQMXyNFzMtVshyHyJJWVRPcqLJBHA5v1uVYnqP1,HiY4qx8j5QuVh5UFnKyFq1DvzzDNgFkgyyhEeDXhpump,0.0005543,-13.91,0.0037546933667083,17227.41,61411.99,h1
2026-08-20T16:19:00+00:00,四股/WBNB,4STOCKS,bsc,pancakeswap,0x8c57C72F626bA4D63Bd34DDcAa80384EfbaAABb0,0x800aD6bF6747105e3620D3Cb4BceD15AB9e47777,0.0001153,-10.4,0.0592334494773519,23886.93,33696.13,h1
2026-08-20T16:19:00+00:00,PEPECOIN/WETH,Make Memes Great Again,robinhood,uniswap,0x29d2049BB2F92b17A5E75cB6Ee6d6c1ba8A82dCD,0x0b9606FB048A14d8381e9B97d00a78b4F4C66241,0.0001722,3.87,0.15,2223.97,25876.04,h1
2026-08-20T16:19:00+00:00,DPG/SOL,Dumb Phone Gang,solana,pumpswap,8TbYi38UqcedfptvjN2rURLbGbGub3itp2hgLvvS35hY,LFEJTxJ9yi6ojGDFpjbGfABLbH55Fc3oEK8syJJpump,0.001671,-7.2,0.1121495327102803,29892.46,129648.8,h1
2026-08-20T16:19:00+00:00,TOESCOIN/SOL,TOES,solana,pumpswap,EE3zk9Fxp9guair2xeReFxf4TsEXeZFFuWETRna2PkcV,6ehEcTMCc85aNF4x9CWx8HuvWGhxQtvKdhKVf2HDpump,0.006149,-3.64,0.1936813186813187,4014.24,342375.99,h1
2026-08-20T16:19:00+00:00,MRNA/SOL,Moderna Inc,solana,pumpswap,BPY94CxfMdp5DzW79swwi3YP4Xa8gjq3CsdMDKUsHnsf,6TpjRqHB5BBZH6gtKdqiHDD8u7noVqS85LhtwxySpump,4.112e-06,-11.82,0.0,267.19,4308.54,h1
2026-08-20T16:19:00+00:00,hiyoko/SOL,okina hiyoko,solana,pumpswap,DFkQRHobZDYV5NRYt2jo2sXoAPEGUqFFt3PW83NifW1T,3EeUKUyvDPrqWRCb7aimNspn2Em8uTcSpG8L2Hqepump,1.725e-06,0.0,0.0,0.0,1765.78,h1
2026-08-20T16:19:00+00:00,BULLTN/SOL,Sir Bullington,solana,pumpswap,DayrERHvoshQQw2DsT5mrKoc3kTT2XxCvFv1wkPaQzrf,9KbvJ3RitJ8rFDAM6rEVKKJV8Y4sKsawnYJR4QKHpump,2.061e-06,0.0,0.0,0.0,2563.21,h1
2026-08-20T16:19:00+00:00,BULLCUM/SOL,Bullcum Coin,solana,pumpswap,7c672apFpNeBQNhsH4uSxwh4UsK99jaTLxSeKWD2PLXz,8WB6TuGytm5Q7YfSfD1LPzeQYV2LnTqgC5ASxnJZpump,1.705e-06,0.0,0.0,0.0,1793.86,h1
2026-08-20T16:19:00+00:00,SolSeason/SOL,SolSeason,solana,pumpswap,DCzNTu1QR9NYDJhNxY9ZsUJYJGKCfuLsUwH48pqFPRp4,APLJwe3Bg9T7dZFSuTouchgptwrL8sxHEC1fU3Fppump,1.847e-06,1.84,0.0,1.79,1973.7,h1
2026-08-20T16:19:00+00:00,MOONCOIN/WETH,MoonCoin,robinhood,uniswap,0x4C020A30b1EbC8F964BF6902F35aCFE814e47A87,0x82DA7C5D756210ec89d139Defd430549018dC68d,0.003465,55.95,0.5785365853658536,1802976.27,339023.69,h1
2026-08-20T16:19:00+00:00,HORNS/SOL,bull's horns,solana,pumpswap,GdWcLgzqUd6zhuZdrWXkVAe1z62QSrjobmVC3Jw88vNG,DtK83HpaHULMao5PPRTubJgWFbfxtSsQWbfELRPVpump,4.195e-05,3.51,-0.3235294117647059,2674.0,15322.98,h1
2026-08-20T16:19:00+00:00,MEMEFUND/SOL,MemeFund,solana,pumpfun,7ZfVT9tt3boMBKVmKHnYWP56LfrcdVwbK5bfZCYtUTCd,HBpNF11UdtTD8n3MySe8K3v9VQZJmYUkxpo6V8xFpump,3.756e-06,-4.68,-0.5,112.35,0.0,h1
2026-08-20T16:19:00+00:00,CHILLBULL/SOL,Chill Bull,solana,pumpswap,7Sr7YhpoPHyiQu1XjLBBXsW9BqSBG4YCzbY25o52z4CJ,cQ1Jye1NiuoC8yvaswdNyfbn7AQn1KdWkAmba65pump,1.926e-06,0.12,-0.4545454545454545,13.39,2065.7,h1
2026-08-20T16:19:00+00:00,ALIVE/SOL,ALIVE,solana,pumpswap,8zbTgmduTkA1A1x9rxGpKWRF3FryUycB9CN3dwpoY93V,5rJthJB5JZwDvk57je7kod1wkQ7oQgoski9XH2PXpump,2.054e-06,0.33,-1.0,4.02,2154.05,h1
2026-08-20T16:19:00+00:00,BULLPISS/SOL,Bullpiss Coin,solana,pumpswap,HtfsTmxJU6YanzC9cZQv6vVL7TQuoWhkiGr1tTofaDGN,3uQw7mq6aZWFsVRSY1yn31QKKu6wzX6n7JeWsXnQpump,1.721e-06,0.92,-1.0,0.07,1868.48,h1
2026-08-20T16:21:00+00:00,BWCLG/SOL,bullwifclogs,solana,pumpswap,9a9QL817dHz9FGAR1xwjSZ2Dz2yADLdnory7RxVr7wN8,Hgfwz9d5iK7jNbnwhpmkWCn9dCJpYvcosksfBkZQpump,0.0005459,-15.67,0.2000372162262746,749255.87,59428.39,h1
2026-08-20T16:21:00+00:00,BULLBALLS/SOL,Bullballs Coin,solana,pumpswap,sDHDad1WveSBsYka6ypwZZVPBwnd6GhfTbh3xDnTVJS,897wEhKQtCKXuxxoDA8BH9LWnSpdTKLVzqh1J8xFpump,0.02292,4.97,0.6249071184425621,629766.48,400927.63,h1
2026-08-20T16:21:00+00:00,MADE/ETH,SelfMade by SP3ND,robinhood,uniswap,0xff15af8c07fffcf7c3da982dd75954526401377a8b2c93cc6a0b1e5c253d7c20,0xfe1D984BBF36C0Ed09D55a9E3F4b6F73BA4191CA,8.761e-06,-55.97,-0.5963407661520869,18889.55,8952.91,h1
2026-08-20T16:21:00+00:00,四股/WBNB,4STOCKS,bsc,pancakeswap,0x8c57C72F626bA4D63Bd34DDcAa80384EfbaAABb0,0x800aD6bF6747105e3620D3Cb4BceD15AB9e47777,0.0001093,-25.59,0.0694444444444444,22086.32,32802.86,h1
2026-08-20T16:21:00+00:00,MEN/SOL, Embrace Masculinity,solana,pumpswap,32t4rKoGC8zjP84YF9cfoTAAqMQhLnBpofgWFJAQZhwP,8yCqoKQBxcSt9n3VCMnHuxw2mXHT4F9mMTjzTCA2pump,7.768e-05,6.57,0.2073732718894009,11949.69,27126.32,h1
2026-08-20T16:21:00+00:00,KEKODYSSEUS/SOL,Kekius Odysseus,solana,pumpswap,FxNzpZQMXyNFzMtVshyHyJJWVRPcqLJBHA5v1uVYnqP1,HiY4qx8j5QuVh5UFnKyFq1DvzzDNgFkgyyhEeDXhpump,0.0005574,-13.45,0.0012674271229404,17162.43,61578.56,h1
2026-08-20T16:21:00+00:00,DPG/SOL,Dumb Phone Gang,solana,pumpswap,8TbYi38UqcedfptvjN2rURLbGbGub3itp2hgLvvS35hY,LFEJTxJ9yi6ojGDFpjbGfABLbH55Fc3oEK8syJJpump,0.001658,-7.03,0.1071428571428571,29598.68,129239.54,h1
2026-08-20T16:21:00+00:00,TOESCOIN/SOL,TOES,solana,pumpswap,EE3zk9Fxp9guair2xeReFxf4TsEXeZFFuWETRna2PkcV,6ehEcTMCc85aNF4x9CWx8HuvWGhxQtvKdhKVf2HDpump,0.006154,-3.84,0.1997264021887825,4040.53,342459.89,h1
2026-08-20T16:21:00+00:00,PEPECOIN/WETH,Make Memes Great Again,robinhood,uniswap,0x29d2049BB2F92b17A5E75cB6Ee6d6c1ba8A82dCD,0x0b9606FB048A14d8381e9B97d00a78b4F4C66241,0.0001722,3.74,0.1428571428571428,2046.69,25876.04,h1
2026-08-20T16:21:00+00:00,MOONCOIN/WETH,MoonCoin,robinhood,uniswap,0x4C020A30b1EbC8F964BF6902F35aCFE814e47A87,0x82DA7C5D756210ec89d139Defd430549018dC68d,0.003276,27.54,0.5708884688090737,1858042.15,330026.52,h1
2026-08-20T16:21:00+00:00,MRNA/SOL,Moderna Inc,solana,pumpswap,BPY94CxfMdp5DzW79swwi3YP4Xa8gjq3CsdMDKUsHnsf,6TpjRqHB5BBZH6gtKdqiHDD8u7noVqS85LhtwxySpump,4.112e-06,-1.04,0.0,90.55,4308.54,h1
2026-08-20T16:21:00+00:00,BULLTN/SOL,Sir Bullington,solana,pumpswap,DayrERHvoshQQw2DsT5mrKoc3kTT2XxCvFv1wkPaQzrf,9KbvJ3RitJ8rFDAM6rEVKKJV8Y4sKsawnYJR4QKHpump,2.061e-06,0.0,0.0,0.0,2563.21,h1
2026-08-20T16:21:00+00:00,hiyoko/SOL,okina hiyoko,solana,pumpswap,DFkQRHobZDYV5NRYt2jo2sXoAPEGUqFFt3PW83NifW1T,3EeUKUyvDPrqWRCb7aimNspn2Em8uTcSpG8L2Hqepump,1.725e-06,0.0,0.0,0.0,1765.78,h1
2026-08-20T16:21:00+00:00,BULLCUM/SOL,Bullcum Coin,solana,pumpswap,7c672apFpNeBQNhsH4uSxwh4UsK99jaTLxSeKWD2PLXz,8WB6TuGytm5Q7YfSfD1LPzeQYV2LnTqgC5ASxnJZpump,1.705e-06,0.0,0.0,0.0,1793.86,h1
2026-08-20T16:21:00+00:00,SolSeason/SOL,SolSeason,solana,pumpswap,DCzNTu1QR9NYDJhNxY9ZsUJYJGKCfuLsUwH48pqFPRp4,APLJwe3Bg9T7dZFSuTouchgptwrL8sxHEC1fU3Fppump,1.847e-06,1.84,0.0,1.79,1973.7,h1
2026-08-20T16:21:00+00:00,MEMEFUND/SOL,MemeFund,solana,pumpfun,7ZfVT9tt3boMBKVmKHnYWP56LfrcdVwbK5bfZCYtUTCd,HBpNF11UdtTD8n3MySe8K3v9VQZJmYUkxpo6V8xFpump,3.756e-06,-4.68,-0.5,112.35,0.0,h1
2026-08-20T16:21:00+00:00,HORNS/SOL,bull's horns,solana,pumpswap,GdWcLgzqUd6zhuZdrWXkVAe1z62QSrjobmVC3Jw88vNG,DtK83HpaHULMao5PPRTubJgWFbfxtSsQWbfELRPVpump,4.28e-05,6.49,-0.2888888888888888,2784.74,15494.34,h1
2026-08-20T16:21:00+00:00,CHILLBULL/SOL,Chill Bull,solana,pumpswap,7Sr7YhpoPHyiQu1XjLBBXsW9BqSBG4YCzbY25o52z4CJ,cQ1Jye1NiuoC8yvaswdNyfbn7AQn1KdWkAmba65pump,1.918e-06,-0.29,-0.5,13.4,2057.1,h1
2026-08-20T16:21:00+00:00,ALIVE/SOL,ALIVE,solana,pumpswap,8zbTgmduTkA1A1x9rxGpKWRF3FryUycB9CN3dwpoY93V,5rJthJB5JZwDvk57je7kod1wkQ7oQgoski9XH2PXpump,2.054e-06,0.33,-1.0,4.02,2154.05,h1
2026-08-20T16:21:00+00:00,BULLPISS/SOL,Bullpiss Coin,solana,pumpswap,HtfsTmxJU6YanzC9cZQv6vVL7TQuoWhkiGr1tTofaDGN,3uQw7mq6aZWFsVRSY1yn31QKKu6wzX6n7JeWsXnQpump,1.721e-06,0.92,-1.0,0.07,1868.48,h1
2026-08-20T17:29:00+00:00,BULLCUM/SOL,Bullcum Coin,solana,pumpswap,7c672apFpNeBQNhsH4uSxwh4UsK99jaTLxSeKWD2PLXz,8WB6TuGytm5Q7YfSfD1LPzeQYV2LnTqgC5ASxnJZpump,1.738e-06,1.97,1.0,1.74,1827.18,h1
2026-08-20T17:29:00+00:00,MADE/ETH,SelfMade by SP3ND,robinhood,uniswap,0xff15af8c07fffcf7c3da982dd75954526401377a8b2c93cc6a0b1e5c253d7c20,0xfe1D984BBF36C0Ed09D55a9E3F4b6F73BA4191CA,8.627e-06,-1.6,0.949748743718593,115.61,8848.12,h1
2026-08-20T17:29:00+00:00,BULLBALLS/SOL,Bullballs Coin,solana,pumpswap,sDHDad1WveSBsYka6ypwZZVPBwnd6GhfTbh3xDnTVJS,897wEhKQtCKXuxxoDA8BH9LWnSpdTKLVzqh1J8xFpump,0.02302,10.4,0.4138442239708062,682897.1,405117.43,h1
2026-08-20T17:29:00+00:00,BWCLG/SOL,bullwifclogs,solana,pumpswap,9a9QL817dHz9FGAR1xwjSZ2Dz2yADLdnory7RxVr7wN8,Hgfwz9d5iK7jNbnwhpmkWCn9dCJpYvcosksfBkZQpump,1.776e-06,-99.72,-0.9436689930209372,64654.73,1979.75,h1
2026-08-20T17:29:00+00:00,MEN/SOL, Embrace Masculinity,solana,pumpswap,32t4rKoGC8zjP84YF9cfoTAAqMQhLnBpofgWFJAQZhwP,8yCqoKQBxcSt9n3VCMnHuxw2mXHT4F9mMTjzTCA2pump,7.532e-05,1.18,0.1980676328502415,8480.59,26829.45,h1
2026-08-20T17:29:00+00:00,PEPECOIN/WETH,Make Memes Great Again,robinhood,uniswap,0x29d2049BB2F92b17A5E75cB6Ee6d6c1ba8A82dCD,0x0b9606FB048A14d8381e9B97d00a78b4F4C66241,0.0001769,2.34,0.2941176470588235,1819.3,26561.09,h1
2026-08-20T17:29:00+00:00,YIELDR/SOL,YIELDR,solana,pumpswap,2GF8BbA8E3e1Jo12qnDzQDDg4G6ziFHFLBH5kMnXuSdg,7Ru7kZdKBepiKF56vEfa1gEe6BNQCivYRzYQGh19pump,0.0001595,10.58,0.083133109082172,66750.93,31687.36,h1
2026-08-20T17:29:00+00:00,alien/SPCXB,alien,bsc,pancakeswap,0x8F8FB73Bf518e1127C8915E74C0B541B42dD308F,0xE10833dE865Ec804E29499278457B3A620DC6666,0.0002704,7.68,-0.0347490347490347,36917.28,62648.48,h1
2026-08-20T17:29:00+00:00,SolSeason/SOL,SolSeason,solana,pumpswap,DCzNTu1QR9NYDJhNxY9ZsUJYJGKCfuLsUwH48pqFPRp4,APLJwe3Bg9T7dZFSuTouchgptwrL8sxHEC1fU3Fppump,1.851e-06,0.23,0.3333333333333333,1.37,1977.79,h1
2026-08-20T17:29:00+00:00,KEKODYSSEUS/SOL,Kekius Odysseus,solana,pumpswap,FxNzpZQMXyNFzMtVshyHyJJWVRPcqLJBHA5v1uVYnqP1,HiY4qx8j5QuVh5UFnKyFq1DvzzDNgFkgyyhEeDXhpump,0.0005539,-1.07,0.2151029748283753,14222.71,61624.66,h1
2026-08-20T17:29:00+00:00,TOESCOIN/SOL,TOES,solana,pumpswap,EE3zk9Fxp9guair2xeReFxf4TsEXeZFFuWETRna2PkcV,6ehEcTMCc85aNF4x9CWx8HuvWGhxQtvKdhKVf2HDpump,0.005958,-2.51,0.2047089601046435,6197.61,338234.38,h1
2026-08-20T17:29:00+00:00,MEMEFUND/SOL,MemeFund,solana,pumpfun,7ZfVT9tt3boMBKVmKHnYWP56LfrcdVwbK5bfZCYtUTCd,HBpNF11UdtTD8n3MySe8K3v9VQZJmYUkxpo6V8xFpump,3.715e-06,-1.09,0.0,45.74,0.0,h1
2026-08-20T17:29:00+00:00,hiyoko/SOL,okina hiyoko,solana,pumpswap,DFkQRHobZDYV5NRYt2jo2sXoAPEGUqFFt3PW83NifW1T,3EeUKUyvDPrqWRCb7aimNspn2Em8uTcSpG8L2Hqepump,1.725e-06,0.0,0.0,0.0,1765.78,h1
2026-08-20T17:29:00+00:00,BULLPISS/SOL,Bullpiss Coin,solana,pumpswap,HtfsTmxJU6YanzC9cZQv6vVL7TQuoWhkiGr1tTofaDGN,3uQw7mq6aZWFsVRSY1yn31QKKu6wzX6n7JeWsXnQpump,1.715e-06,0.0,0.0,0.0,1861.5,h1
2026-08-20T17:29:00+00:00,BULLTN/SOL,Sir Bullington,solana,pumpswap,DayrERHvoshQQw2DsT5mrKoc3kTT2XxCvFv1wkPaQzrf,9KbvJ3RitJ8rFDAM6rEVKKJV8Y4sKsawnYJR4QKHpump,2.061e-06,0.0,0.0,0.0,2563.21,h1
2026-08-20T17:29:00+00:00,MRNA/SOL,Moderna Inc,solana,pumpswap,BPY94CxfMdp5DzW79swwi3YP4Xa8gjq3CsdMDKUsHnsf,6TpjRqHB5BBZH6gtKdqiHDD8u7noVqS85LhtwxySpump,3.722e-06,-9.35,-0.12,633.35,4031.43,h1
2026-08-20T17:29:00+00:00,四股/WBNB,4STOCKS,bsc,pancakeswap,0x8c57C72F626bA4D63Bd34DDcAa80384EfbaAABb0,0x800aD6bF6747105e3620D3Cb4BceD15AB9e47777,0.0001414,25.43,0.1875,15781.81,37469.18,h1
2026-08-20T17:29:00+00:00,CHILLBULL/SOL,Chill Bull,solana,pumpswap,7Sr7YhpoPHyiQu1XjLBBXsW9BqSBG4YCzbY25o52z4CJ,cQ1Jye1NiuoC8yvaswdNyfbn7AQn1KdWkAmba65pump,1.925e-06,0.39,-0.2,4.66,2065.91,h1
2026-08-20T17:29:00+00:00,MOONCOIN/WETH,MoonCoin,robinhood,uniswap,0x4C020A30b1EbC8F964BF6902F35aCFE814e47A87,0x82DA7C5D756210ec89d139Defd430549018dC68d,0.00791,113.0,0.6696428571428571,2072930.45,523522.87,h1
2026-08-20T17:29:00+00:00,HORNS/SOL,bull's horns,solana,pumpswap,GdWcLgzqUd6zhuZdrWXkVAe1z62QSrjobmVC3Jw88vNG,DtK83HpaHULMao5PPRTubJgWFbfxtSsQWbfELRPVpump,5.752e-05,37.4,-0.2180451127819548,5392.71,18257.21,h1
2026-08-20T17:30:00+00:00,BULLCUM/SOL,Bullcum Coin,solana,pumpswap,7c672apFpNeBQNhsH4uSxwh4UsK99jaTLxSeKWD2PLXz,8WB6TuGytm5Q7YfSfD1LPzeQYV2LnTqgC5ASxnJZpump,1.738e-06,1.97,1.0,1.74,1827.18,h1
2026-08-20T17:30:00+00:00,MADE/ETH,SelfMade by SP3ND,robinhood,uniswap,0xff15af8c07fffcf7c3da982dd75954526401377a8b2c93cc6a0b1e5c253d7c20,0xfe1D984BBF36C0Ed09D55a9E3F4b6F73BA4191CA,8.638e-06,-1.55,0.9494949494949496,115.6,8859.77,h1
2026-08-20T17:30:00+00:00,BULLBALLS/SOL,Bullballs Coin,solana,pumpswap,sDHDad1WveSBsYka6ypwZZVPBwnd6GhfTbh3xDnTVJS,897wEhKQtCKXuxxoDA8BH9LWnSpdTKLVzqh1J8xFpump,0.02359,11.13,0.415283892087143,677839.83,410235.69,h1
2026-08-20T17:30:00+00:00,MEN/SOL, Embrace Masculinity,solana,pumpswap,32t4rKoGC8zjP84YF9cfoTAAqMQhLnBpofgWFJAQZhwP,8yCqoKQBxcSt9n3VCMnHuxw2mXHT4F9mMTjzTCA2pump,7.323e-05,-1.62,0.1809523809523809,8663.69,26454.94,h1
2026-08-20T17:30:00+00:00,alien/SPCXB,alien,bsc,pancakeswap,0x8F8FB73Bf518e1127C8915E74C0B541B42dD308F,0xE10833dE865Ec804E29499278457B3A620DC6666,0.0002622,1.74,0.0416666666666666,38034.98,61737.39,h1
2026-08-20T17:30:00+00:00,PEPECOIN/WETH,Make Memes Great Again,robinhood,uniswap,0x29d2049BB2F92b17A5E75cB6Ee6d6c1ba8A82dCD,0x0b9606FB048A14d8381e9B97d00a78b4F4C66241,0.0001769,0.15,0.2727272727272727,1669.45,26561.09,h1
2026-08-20T17:30:00+00:00,YIELDR/SOL,YIELDR,solana,pumpswap,2GF8BbA8E3e1Jo12qnDzQDDg4G6ziFHFLBH5kMnXuSdg,7Ru7kZdKBepiKF56vEfa1gEe6BNQCivYRzYQGh19pump,0.0001653,13.01,0.0831721470019342,67185.24,32285.26,h1
2026-08-20T17:30:00+00:00,BWCLG/SOL,bullwifclogs,solana,pumpswap,9a9QL817dHz9FGAR1xwjSZ2Dz2yADLdnory7RxVr7wN8,Hgfwz9d5iK7jNbnwhpmkWCn9dCJpYvcosksfBkZQpump,1.777e-06,-99.75,-0.9795186891961084,42638.99,1981.62,h1
2026-08-20T17:30:00+00:00,SolSeason/SOL,SolSeason,solana,pumpswap,DCzNTu1QR9NYDJhNxY9ZsUJYJGKCfuLsUwH48pqFPRp4,APLJwe3Bg9T7dZFSuTouchgptwrL8sxHEC1fU3Fppump,1.851e-06,0.23,0.3333333333333333,1.37,1977.79,h1
2026-08-20T17:30:00+00:00,KEKODYSSEUS/SOL,Kekius Odysseus,solana,pumpswap,FxNzpZQMXyNFzMtVshyHyJJWVRPcqLJBHA5v1uVYnqP1,HiY4qx8j5QuVh5UFnKyFq1DvzzDNgFkgyyhEeDXhpump,0.000555,-0.88,0.2128146453089245,14043.83,61728.32,h1
2026-08-20T17:30:00+00:00,TOESCOIN/SOL,TOES,solana,pumpswap,EE3zk9Fxp9guair2xeReFxf4TsEXeZFFuWETRna2PkcV,6ehEcTMCc85aNF4x9CWx8HuvWGhxQtvKdhKVf2HDpump,0.00596,-4.55,0.206286836935167,4984.51,338324.71,h1
2026-08-20T17:30:00+00:00,MRNA/SOL,Moderna Inc,solana,pumpswap,BPY94CxfMdp5DzW79swwi3YP4Xa8gjq3CsdMDKUsHnsf,6TpjRqHB5BBZH6gtKdqiHDD8u7noVqS85LhtwxySpump,3.751e-06,-8.64,-0.0769230769230769,648.05,4052.76,h1
2026-08-20T17:30:00+00:00,MEMEFUND/SOL,MemeFund,solana,pumpfun,7ZfVT9tt3boMBKVmKHnYWP56LfrcdVwbK5bfZCYtUTCd,HBpNF11UdtTD8n3MySe8K3v9VQZJmYUkxpo6V8xFpump,3.715e-06,-1.09,0.0,45.74,0.0,h1
2026-08-20T17:30:00+00:00,hiyoko/SOL,okina hiyoko,solana,pumpswap,DFkQRHobZDYV5NRYt2jo2sXoAPEGUqFFt3PW83NifW1T,3EeUKUyvDPrqWRCb7aimNspn2Em8uTcSpG8L2Hqepump,1.725e-06,0.0,0.0,0.0,1765.78,h1
2026-08-20T17:30:00+00:00,BULLPISS/SOL,Bullpiss Coin,solana,pumpswap,HtfsTmxJU6YanzC9cZQv6vVL7TQuoWhkiGr1tTofaDGN,3uQw7mq6aZWFsVRSY1yn31QKKu6wzX6n7JeWsXnQpump,1.715e-06,0.0,0.0,0.0,1861.5,h1
2026-08-20T17:30:00+00:00,BULLTN/SOL,Sir Bullington,solana,pumpswap,DayrERHvoshQQw2DsT5mrKoc3kTT2XxCvFv1wkPaQzrf,9KbvJ3RitJ8rFDAM6rEVKKJV8Y4sKsawnYJR4QKHpump,2.061e-06,0.0,0.0,0.0,2563.21,h1
2026-08-20T17:30:00+00:00,四股/WBNB,4STOCKS,bsc,pancakeswap,0x8c57C72F626bA4D63Bd34DDcAa80384EfbaAABb0,0x800aD6bF6747105e3620D3Cb4BceD15AB9e47777,0.000141,24.89,0.1858407079646017,15830.73,37409.22,h1
2026-08-20T17:30:00+00:00,CHILLBULL/SOL,Chill Bull,solana,pumpswap,7Sr7YhpoPHyiQu1XjLBBXsW9BqSBG4YCzbY25o52z4CJ,cQ1Jye1NiuoC8yvaswdNyfbn7AQn1KdWkAmba65pump,1.925e-06,0.39,-0.2,4.66,2065.91,h1
2026-08-20T17:30:00+00:00,MOONCOIN/WETH,MoonCoin,robinhood,uniswap,0x4C020A30b1EbC8F964BF6902F35aCFE814e47A87,0x82DA7C5D756210ec89d139Defd430549018dC68d,0.007615,131.0,0.6750369276218612,2102180.76,513738.56,h1
2026-08-20T17:30:00+00:00,HORNS/SOL,bull's horns,solana,pumpswap,GdWcLgzqUd6zhuZdrWXkVAe1z62QSrjobmVC3Jw88vNG,DtK83HpaHULMao5PPRTubJgWFbfxtSsQWbfELRPVpump,5.57e-05,33.5,-0.2205882352941176,5490.14,17949.7,h1
2026-08-21T00:03:00+00:00,MOONCOIN/WETH,MoonCoin,robinhood,uniswap,0x4C020A30b1EbC8F964BF6902F35aCFE814e47A87,0x82DA7C5D756210ec89d139Defd430549018dC68d,0.003209,-38.22,0.6328403875573687,1693390.1,365835.15,h1
2026-08-21T00:03:00+00:00,MOMENTUM/SOL,MOMENTUM,solana,pumpswap,Dzm3yYVo3ztTPdguZ85aDGQEcGdDQRL14X7Ns3xK31EE,5vTzYtcUMJvWKMxweLuiyiAoLhXuhWHy8H57F1UPpump,9.071e-05,-4.18,0.3401639344262295,14317.36,22640.07,h1
2026-08-21T00:03:00+00:00,MADE/ETH,SelfMade by SP3ND,robinhood,uniswap,0xff15af8c07fffcf7c3da982dd75954526401377a8b2c93cc6a0b1e5c253d7c20,0xfe1D984BBF36C0Ed09D55a9E3F4b6F73BA4191CA,8.774e-06,0.61,0.9689119170984456,42.7,8967.1,h1
2026-08-21T00:03:00+00:00,BULLTN/SOL,Sir Bullington,solana,pumpswap,DayrERHvoshQQw2DsT5mrKoc3kTT2XxCvFv1wkPaQzrf,9KbvJ3RitJ8rFDAM6rEVKKJV8Y4sKsawnYJR4QKHpump,2.206e-06,2.21,1.0,0.11,2712.29,h1
2026-08-21T00:03:00+00:00,BULLBALLS/SOL,Bullballs Coin,solana,pumpswap,sDHDad1WveSBsYka6ypwZZVPBwnd6GhfTbh3xDnTVJS,897wEhKQtCKXuxxoDA8BH9LWnSpdTKLVzqh1J8xFpump,0.01698,2.19,0.6843826655764513,44690.94,350353.87,h1
2026-08-21T00:03:00+00:00,MEN/SOL, Embrace Masculinity,solana,pumpswap,32t4rKoGC8zjP84YF9cfoTAAqMQhLnBpofgWFJAQZhwP,8yCqoKQBxcSt9n3VCMnHuxw2mXHT4F9mMTjzTCA2pump,7.497e-05,0.74,0.2222222222222222,4672.92,26856.67,h1
2026-08-21T00:03:00+00:00,KEKODYSSEUS/SOL,Kekius Odysseus,solana,pumpswap,FxNzpZQMXyNFzMtVshyHyJJWVRPcqLJBHA5v1uVYnqP1,HiY4qx8j5QuVh5UFnKyFq1DvzzDNgFkgyyhEeDXhpump,0.0003288,-1.55,-0.0077720207253886,28326.25,47368.38,h1
2026-08-21T00:03:00+00:00,TOESCOIN/SOL,TOES,solana,pumpswap,EE3zk9Fxp9guair2xeReFxf4TsEXeZFFuWETRna2PkcV,6ehEcTMCc85aNF4x9CWx8HuvWGhxQtvKdhKVf2HDpump,0.006197,-0.31,0.192168237853517,1507.7,345003.98,h1
2026-08-21T00:03:00+00:00,GOOD/WETH,Good In The Hood,robinhood,uniswap,0x8EA7c66395fD7e25E9713Edd0B297d4ABE05C304,0x5f62C57e5C537887117EeF828b7E3Ad41C009FEb,0.004245,-2.99,-0.0983606557377049,17463.88,396352.55,h1
2026-08-21T00:03:00+00:00,RIKA/SOL,Rika-chan,solana,pumpswap,FgbUQjUe741j1kLkTfvQNHaqz8H5UTecgcfXfkpUSSin,SypcH53HXjRX2hVM8ucJEx2hJgpo9HgRevXskVApump,1.766e-06,0.0,0.0,0.0,1891.54,h1
2026-08-21T00:03:00+00:00,BULLPISS/SOL,Bullpiss Coin,solana,pumpswap,HtfsTmxJU6YanzC9cZQv6vVL7TQuoWhkiGr1tTofaDGN,3uQw7mq6aZWFsVRSY1yn31QKKu6wzX6n7JeWsXnQpump,1.755e-06,0.0,0.0,0.0,1903.09,h1
2026-08-21T00:03:00+00:00,GOLDEN/SOL,The Golden Bull,solana,pumpswap,AmgggTfr1Uq8VFjq1eoGZ6KGpi7nMCwyGfYVEUgj3SgD,E5peneUkvKstns3LYZCkq2mB8uCS6kL9dP3RmZNYpump,4.355e-06,1.44,-0.05,1909.78,3902.39,h1
2026-08-21T00:03:00+00:00,SolSeason/SOL,SolSeason,solana,pumpswap,DCzNTu1QR9NYDJhNxY9ZsUJYJGKCfuLsUwH48pqFPRp4,APLJwe3Bg9T7dZFSuTouchgptwrL8sxHEC1fU3Fppump,1.822e-06,-1.52,-0.3333333333333333,11.56,1951.1,h1
2026-08-21T00:03:00+00:00,MRNA/SOL,Moderna Inc,solana,pumpswap,BPY94CxfMdp5DzW79swwi3YP4Xa8gjq3CsdMDKUsHnsf,6TpjRqHB5BBZH6gtKdqiHDD8u7noVqS85LhtwxySpump,3.246e-06,-2.69,-0.4285714285714285,41.7,3664.74,h1
2026-08-21T00:03:00+00:00,PIXELS/SOL,dogwifpixels,solana,pumpswap,3A8JTM6Hb9ssmbgSBF7RhqUj1JziapYT4rm2dTpNwzyE,DwxFHLjyjtrJcYCHiRkHzuRejVoummWhwnwHgML6pump,3.99e-06,-0.57,-0.4545454545454545,68.37,3593.17,h1
2026-08-21T00:03:00+00:00,YIELDR/SOL,YIELDR,solana,pumpswap,2GF8BbA8E3e1Jo12qnDzQDDg4G6ziFHFLBH5kMnXuSdg,7Ru7kZdKBepiKF56vEfa1gEe6BNQCivYRzYQGh19pump,3.164e-06,2.06,-0.375,55.87,3178.51,h1
2026-08-21T00:03:00+00:00,PEPECOIN/WETH,Make Memes Great Again,robinhood,uniswap,0x29d2049BB2F92b17A5E75cB6Ee6d6c1ba8A82dCD,0x0b9606FB048A14d8381e9B97d00a78b4F4C66241,0.0001771,15.33,-0.04,1064.73,26577.23,h1
2026-08-21T00:03:00+00:00,KEIBULL/SOL,Kei Bull,solana,pumpswap,DgZLDqcXCfD1WRaXMdiYdD1MJyoYZDPPCYjW8nWbEVHw,HXD5YL3rwv1mrHC4giBkAb1pxW6ohCQppJsxrzJZpump,2.028e-06,-0.78,-1.0,8.53,2377.14,h1
2026-08-21T00:03:00+00:00,BWCLG/SOL,bullwifclogs,solana,pumpswap,9a9QL817dHz9FGAR1xwjSZ2Dz2yADLdnory7RxVr7wN8,Hgfwz9d5iK7jNbnwhpmkWCn9dCJpYvcosksfBkZQpump,1.781e-06,-0.71,-1.0,0.01,1985.96,h1
2026-08-21T00:03:00+00:00,CHILLBULL/SOL,Chill Bull,solana,pumpswap,7Sr7YhpoPHyiQu1XjLBBXsW9BqSBG4YCzbY25o52z4CJ,cQ1Jye1NiuoC8yvaswdNyfbn7AQn1KdWkAmba65pump,1.923e-06,0.14,-1.0,5.22,2064.51,h1
2026-08-21T00:07:00+00:00,MOMENTUM/SOL,MOMENTUM,solana,pumpswap,Dzm3yYVo3ztTPdguZ85aDGQEcGdDQRL14X7Ns3xK31EE,5vTzYtcUMJvWKMxweLuiyiAoLhXuhWHy8H57F1UPpump,8.905e-05,-2.0,0.351129363449692,13980.45,22409.25,h1
2026-08-21T00:07:00+00:00,MEN/SOL, Embrace Masculinity,solana,pumpswap,32t4rKoGC8zjP84YF9cfoTAAqMQhLnBpofgWFJAQZhwP,8yCqoKQBxcSt9n3VCMnHuxw2mXHT4F9mMTjzTCA2pump,7.407e-05,-4.27,0.2283464566929134,4681.96,26702.07,h1
2026-08-21T00:07:00+00:00,MOONCOIN/WETH,MoonCoin,robinhood,uniswap,0x4C020A30b1EbC8F964BF6902F35aCFE814e47A87,0x82DA7C5D756210ec89d139Defd430549018dC68d,0.004051,-0.01,0.6367245657568238,1669087.51,411516.0,h1
2026-08-21T00:07:00+00:00,MADE/ETH,SelfMade by SP3ND,robinhood,uniswap,0xff15af8c07fffcf7c3da982dd75954526401377a8b2c93cc6a0b1e5c253d7c20,0xfe1D984BBF36C0Ed09D55a9E3F4b6F73BA4191CA,8.768e-06,0.01,0.967032967032967,24.42,8961.67,h1
2026-08-21T00:07:00+00:00,GOOD/WETH,Good In The Hood,robinhood,uniswap,0x8EA7c66395fD7e25E9713Edd0B297d4ABE05C304,0x5f62C57e5C537887117EeF828b7E3Ad41C009FEb,0.004214,-5.29,-0.1379310344827586,16590.2,394566.8,h1
2026-08-21T00:07:00+00:00,BULLTN/SOL,Sir Bullington,solana,pumpswap,DayrERHvoshQQw2DsT5mrKoc3kTT2XxCvFv1wkPaQzrf,9KbvJ3RitJ8rFDAM6rEVKKJV8Y4sKsawnYJR4QKHpump,2.206e-06,2.21,1.0,0.11,2712.29,h1
2026-08-21T00:07:00+00:00,BULLBALLS/SOL,Bullballs Coin,solana,pumpswap,sDHDad1WveSBsYka6ypwZZVPBwnd6GhfTbh3xDnTVJS,897wEhKQtCKXuxxoDA8BH9LWnSpdTKLVzqh1J8xFpump,0.01691,3.24,0.6688206785137318,44855.53,349579.23,h1
2026-08-21T00:07:00+00:00,TOESCOIN/SOL,TOES,solana,pumpswap,EE3zk9Fxp9guair2xeReFxf4TsEXeZFFuWETRna2PkcV,6ehEcTMCc85aNF4x9CWx8HuvWGhxQtvKdhKVf2HDpump,0.006237,0.56,0.1904761904761904,1295.21,346125.17,h1
2026-08-21T00:07:00+00:00,RIKA/SOL,Rika-chan,solana,pumpswap,FgbUQjUe741j1kLkTfvQNHaqz8H5UTecgcfXfkpUSSin,SypcH53HXjRX2hVM8ucJEx2hJgpo9HgRevXskVApump,1.766e-06,0.0,0.0,0.0,1891.54,h1
2026-08-21T00:07:00+00:00,BULLPISS/SOL,Bullpiss Coin,solana,pumpswap,HtfsTmxJU6YanzC9cZQv6vVL7TQuoWhkiGr1tTofaDGN,3uQw7mq6aZWFsVRSY1yn31QKKu6wzX6n7JeWsXnQpump,1.755e-06,0.0,0.0,0.0,1903.09,h1
2026-08-21T00:07:00+00:00,MRNA/SOL,Moderna Inc,solana,pumpswap,BPY94CxfMdp5DzW79swwi3YP4Xa8gjq3CsdMDKUsHnsf,6TpjRqHB5BBZH6gtKdqiHDD8u7noVqS85LhtwxySpump,3.244e-06,-2.77,-0.5,43.83,3662.69,h1
2026-08-21T00:07:00+00:00,SolSeason/SOL,SolSeason,solana,pumpswap,DCzNTu1QR9NYDJhNxY9ZsUJYJGKCfuLsUwH48pqFPRp4,APLJwe3Bg9T7dZFSuTouchgptwrL8sxHEC1fU3Fppump,1.822e-06,-1.52,-0.3333333333333333,11.56,1951.1,h1
2026-08-21T00:07:00+00:00,GOLDEN/SOL,The Golden Bull,solana,pumpswap,AmgggTfr1Uq8VFjq1eoGZ6KGpi7nMCwyGfYVEUgj3SgD,E5peneUkvKstns3LYZCkq2mB8uCS6kL9dP3RmZNYpump,4.355e-06,1.44,-0.05,1909.78,3902.39,h1
2026-08-21T00:07:00+00:00,PIXELS/SOL,dogwifpixels,solana,pumpswap,3A8JTM6Hb9ssmbgSBF7RhqUj1JziapYT4rm2dTpNwzyE,DwxFHLjyjtrJcYCHiRkHzuRejVoummWhwnwHgML6pump,3.977e-06,-0.89,-0.5,72.87,3584.58,h1
2026-08-21T00:07:00+00:00,YIELDR/SOL,YIELDR,solana,pumpswap,2GF8BbA8E3e1Jo12qnDzQDDg4G6ziFHFLBH5kMnXuSdg,7Ru7kZdKBepiKF56vEfa1gEe6BNQCivYRzYQGh19pump,3.164e-06,2.06,-0.375,55.87,3178.51,h1
2026-08-21T00:07:00+00:00,KEKODYSSEUS/SOL,Kekius Odysseus,solana,pumpswap,FxNzpZQMXyNFzMtVshyHyJJWVRPcqLJBHA5v1uVYnqP1,HiY4qx8j5QuVh5UFnKyFq1DvzzDNgFkgyyhEeDXhpump,0.0003532,6.64,0.0038709677419354,29041.63,49160.86,h1
2026-08-21T00:07:00+00:00,KEIBULL/SOL,Kei Bull,solana,pumpswap,DgZLDqcXCfD1WRaXMdiYdD1MJyoYZDPPCYjW8nWbEVHw,HXD5YL3rwv1mrHC4giBkAb1pxW6ohCQppJsxrzJZpump,2.028e-06,-0.78,-1.0,8.53,2377.14,h1
2026-08-21T00:07:00+00:00,BWCLG/SOL,bullwifclogs,solana,pumpswap,9a9QL817dHz9FGAR1xwjSZ2Dz2yADLdnory7RxVr7wN8,Hgfwz9d5iK7jNbnwhpmkWCn9dCJpYvcosksfBkZQpump,1.781e-06,-0.71,-1.0,0.01,1985.96,h1
2026-08-21T00:07:00+00:00,CHILLBULL/SOL,Chill Bull,solana,pumpswap,7Sr7YhpoPHyiQu1XjLBBXsW9BqSBG4YCzbY25o52z4CJ,cQ1Jye1NiuoC8yvaswdNyfbn7AQn1KdWkAmba65pump,1.923e-06,0.14,-1.0,5.22,2064.51,h1
2026-08-21T00:07:00+00:00,PEPECOIN/WETH,Make Memes Great Again,robinhood,uniswap,0x29d2049BB2F92b17A5E75cB6Ee6d6c1ba8A82dCD,0x0b9606FB048A14d8381e9B97d00a78b4F4C66241,0.0001729,12.58,-0.1111111111111111,1238.58,26239.91,h1
2026-08-21T00:12:00+00:00,MADE/ETH,SelfMade by SP3ND,robinhood,uniswap,0xff15af8c07fffcf7c3da982dd75954526401377a8b2c93cc6a0b1e5c253d7c20,0xfe1D984BBF36C0Ed09D55a9E3F4b6F73BA4191CA,8.686e-06,-1.05,0.9529411764705882,72.1,8894.64,h1
2026-08-21T00:12:00+00:00,GOOD/WETH,Good In The Hood,robinhood,uniswap,0x8EA7c66395fD7e25E9713Edd0B297d4ABE05C304,0x5f62C57e5C537887117EeF828b7E3Ad41C009FEb,0.004208,-7.12,-0.125,16609.84,394850.1,h1
2026-08-21T00:12:00+00:00,MOONCOIN/WETH,MoonCoin,robinhood,uniswap,0x4C020A30b1EbC8F964BF6902F35aCFE814e47A87,0x82DA7C5D756210ec89d139Defd430549018dC68d,0.00363,2.14,0.6225839267548321,1614151.3,390153.65,h1
2026-08-21T00:12:00+00:00,MOMENTUM/SOL,MOMENTUM,solana,pumpswap,Dzm3yYVo3ztTPdguZ85aDGQEcGdDQRL14X7Ns3xK31EE,5vTzYtcUMJvWKMxweLuiyiAoLhXuhWHy8H57F1UPpump,9.215e-05,0.69,0.3650107991360691,12161.6,22840.79,h1
2026-08-21T00:12:00+00:00,BULLTN/SOL,Sir Bullington,solana,pumpswap,DayrERHvoshQQw2DsT5mrKoc3kTT2XxCvFv1wkPaQzrf,9KbvJ3RitJ8rFDAM6rEVKKJV8Y4sKsawnYJR4QKHpump,2.206e-06,2.21,1.0,0.11,2712.29,h1
2026-08-21T00:12:00+00:00,BULLBALLS/SOL,Bullballs Coin,solana,pumpswap,sDHDad1WveSBsYka6ypwZZVPBwnd6GhfTbh3xDnTVJS,897wEhKQtCKXuxxoDA8BH9LWnSpdTKLVzqh1J8xFpump,0.01671,0.38,0.6537549407114625,47547.32,347783.31,h1
2026-08-21T00:12:00+00:00,MEN/SOL, Embrace Masculinity,solana,pumpswap,32t4rKoGC8zjP84YF9cfoTAAqMQhLnBpofgWFJAQZhwP,8yCqoKQBxcSt9n3VCMnHuxw2mXHT4F9mMTjzTCA2pump,7.581e-05,-1.36,0.18796992481203,4867.82,27031.98,h1
2026-08-21T00:12:00+00:00,TOESCOIN/SOL,TOES,solana,pumpswap,EE3zk9Fxp9guair2xeReFxf4TsEXeZFFuWETRna2PkcV,6ehEcTMCc85aNF4x9CWx8HuvWGhxQtvKdhKVf2HDpump,0.006261,1.17,0.1919191919191919,797.63,347073.44,h1
2026-08-21T00:12:00+00:00,SolSeason/SOL,SolSeason,solana,pumpswap,DCzNTu1QR9NYDJhNxY9ZsUJYJGKCfuLsUwH48pqFPRp4,APLJwe3Bg9T7dZFSuTouchgptwrL8sxHEC1fU3Fppump,1.822e-06,-0.14,0.0,11.41,1951.1,h1
2026-08-21T00:12:00+00:00,BULLPISS/SOL,Bullpiss Coin,solana,pumpswap,HtfsTmxJU6YanzC9cZQv6vVL7TQuoWhkiGr1tTofaDGN,3uQw7mq6aZWFsVRSY1yn31QKKu6wzX6n7JeWsXnQpump,1.755e-06,0.0,0.0,0.0,1903.09,h1
2026-08-21T00:12:00+00:00,RIKA/SOL,Rika-chan,solana,pumpswap,FgbUQjUe741j1kLkTfvQNHaqz8H5UTecgcfXfkpUSSin,SypcH53HXjRX2hVM8ucJEx2hJgpo9HgRevXskVApump,1.766e-06,0.0,0.0,0.0,1891.54,h1
2026-08-21T00:12:00+00:00,GOLDEN/SOL,The Golden Bull,solana,pumpswap,AmgggTfr1Uq8VFjq1eoGZ6KGpi7nMCwyGfYVEUgj3SgD,E5peneUkvKstns3LYZCkq2mB8uCS6kL9dP3RmZNYpump,4.355e-06,2.06,0.0,1895.77,3902.39,h1
2026-08-21T00:12:00+00:00,MRNA/SOL,Moderna Inc,solana,pumpswap,BPY94CxfMdp5DzW79swwi3YP4Xa8gjq3CsdMDKUsHnsf,6TpjRqHB5BBZH6gtKdqiHDD8u7noVqS85LhtwxySpump,3.244e-06,-3.54,-0.7142857142857143,43.42,3662.69,h1
2026-08-21T00:12:00+00:00,PIXELS/SOL,dogwifpixels,solana,pumpswap,3A8JTM6Hb9ssmbgSBF7RhqUj1JziapYT4rm2dTpNwzyE,DwxFHLjyjtrJcYCHiRkHzuRejVoummWhwnwHgML6pump,4.061e-06,-0.36,-0.4545454545454545,77.62,3639.05,h1
2026-08-21T00:12:00+00:00,YIELDR/SOL,YIELDR,solana,pumpswap,2GF8BbA8E3e1Jo12qnDzQDDg4G6ziFHFLBH5kMnXuSdg,7Ru7kZdKBepiKF56vEfa1gEe6BNQCivYRzYQGh19pump,3.164e-06,2.02,-0.2857142857142857,55.56,3178.51,h1
2026-08-21T00:12:00+00:00,BWCLG/SOL,bullwifclogs,solana,pumpswap,9a9QL817dHz9FGAR1xwjSZ2Dz2yADLdnory7RxVr7wN8,Hgfwz9d5iK7jNbnwhpmkWCn9dCJpYvcosksfBkZQpump,1.781e-06,-0.71,-1.0,0.01,1985.96,h1
2026-08-21T00:12:00+00:00,KEIBULL/SOL,Kei Bull,solana,pumpswap,DgZLDqcXCfD1WRaXMdiYdD1MJyoYZDPPCYjW8nWbEVHw,HXD5YL3rwv1mrHC4giBkAb1pxW6ohCQppJsxrzJZpump,2.028e-06,-0.45,-1.0,7.7,2377.14,h1
2026-08-21T00:12:00+00:00,CHILLBULL/SOL,Chill Bull,solana,pumpswap,7Sr7YhpoPHyiQu1XjLBBXsW9BqSBG4YCzbY25o52z4CJ,cQ1Jye1NiuoC8yvaswdNyfbn7AQn1KdWkAmba65pump,1.923e-06,0.24,-1.0,0.2,2064.51,h1
2026-08-21T00:12:00+00:00,KEKODYSSEUS/SOL,Kekius Odysseus,solana,pumpswap,FxNzpZQMXyNFzMtVshyHyJJWVRPcqLJBHA5v1uVYnqP1,HiY4qx8j5QuVh5UFnKyFq1DvzzDNgFkgyyhEeDXhpump,0.0003417,14.48,0.0498084291187739,28507.09,48367.81,h1
2026-08-21T00:12:00+00:00,PEPECOIN/WETH,Make Memes Great Again,robinhood,uniswap,0x29d2049BB2F92b17A5E75cB6Ee6d6c1ba8A82dCD,0x0b9606FB048A14d8381e9B97d00a78b4F4C66241,0.0001839,15.93,-0.04,1489.85,27145.37,h1
2026-08-21T00:17:00+00:00,GOLDEN/SOL,The Golden Bull,solana,pumpswap,AmgggTfr1Uq8VFjq1eoGZ6KGpi7nMCwyGfYVEUgj3SgD,E5peneUkvKstns3LYZCkq2mB8uCS6kL9dP3RmZNYpump,4.355e-06,-28.89,-0.28,1306.24,3902.39,h1
2026-08-21T00:17:00+00:00,MOONCOIN/WETH,MoonCoin,robinhood,uniswap,0x4C020A30b1EbC8F964BF6902F35aCFE814e47A87,0x82DA7C5D756210ec89d139Defd430549018dC68d,0.003829,-1.12,0.6130030959752322,1583625.04,401011.78,h1
2026-08-21T00:17:00+00:00,MADE/ETH,SelfMade by SP3ND,robinhood,uniswap,0xff15af8c07fffcf7c3da982dd75954526401377a8b2c93cc6a0b1e5c253d7c20,0xfe1D984BBF36C0Ed09D55a9E3F4b6F73BA4191CA,8.685e-06,-1.19,0.9612903225806452,67.03,8894.32,h1
2026-08-21T00:17:00+00:00,BULLTN/SOL,Sir Bullington,solana,pumpswap,DayrERHvoshQQw2DsT5mrKoc3kTT2XxCvFv1wkPaQzrf,9KbvJ3RitJ8rFDAM6rEVKKJV8Y4sKsawnYJR4QKHpump,2.215e-06,2.63,1.0,5.82,2721.82,h1
2026-08-21T00:17:00+00:00,MOMENTUM/SOL,MOMENTUM,solana,pumpswap,Dzm3yYVo3ztTPdguZ85aDGQEcGdDQRL14X7Ns3xK31EE,5vTzYtcUMJvWKMxweLuiyiAoLhXuhWHy8H57F1UPpump,9.393e-05,1.33,0.3548387096774194,12930.66,23088.02,h1
2026-08-21T00:17:00+00:00,BULLBALLS/SOL,Bullballs Coin,solana,pumpswap,sDHDad1WveSBsYka6ypwZZVPBwnd6GhfTbh3xDnTVJS,897wEhKQtCKXuxxoDA8BH9LWnSpdTKLVzqh1J8xFpump,0.0168,3.71,0.6502384737678856,44908.22,349064.23,h1
2026-08-21T00:17:00+00:00,GOOD/WETH,Good In The Hood,robinhood,uniswap,0x8EA7c66395fD7e25E9713Edd0B297d4ABE05C304,0x5f62C57e5C537887117EeF828b7E3Ad41C009FEb,0.004171,-7.4,-0.1531531531531531,18281.33,393199.26,h1
2026-08-21T00:17:00+00:00,MEN/SOL, Embrace Masculinity,solana,pumpswap,32t4rKoGC8zjP84YF9cfoTAAqMQhLnBpofgWFJAQZhwP,8yCqoKQBxcSt9n3VCMnHuxw2mXHT4F9mMTjzTCA2pump,7.736e-05,4.86,0.2519083969465648,4708.49,27307.29,h1
2026-08-21T00:17:00+00:00,TOESCOIN/SOL,TOES,solana,pumpswap,EE3zk9Fxp9guair2xeReFxf4TsEXeZFFuWETRna2PkcV,6ehEcTMCc85aNF4x9CWx8HuvWGhxQtvKdhKVf2HDpump,0.006318,1.44,0.190915542938254,1514.77,348792.02,h1
2026-08-21T00:17:00+00:00,SolSeason/SOL,SolSeason,solana,pumpswap,DCzNTu1QR9NYDJhNxY9ZsUJYJGKCfuLsUwH48pqFPRp4,APLJwe3Bg9T7dZFSuTouchgptwrL8sxHEC1fU3Fppump,1.822e-06,-0.14,0.0,11.41,1951.1,h1
2026-08-21T00:17:00+00:00,RIKA/SOL,Rika-chan,solana,pumpswap,FgbUQjUe741j1kLkTfvQNHaqz8H5UTecgcfXfkpUSSin,SypcH53HXjRX2hVM8ucJEx2hJgpo9HgRevXskVApump,1.766e-06,0.0,0.0,0.0,1891.54,h1
2026-08-21T00:17:00+00:00,BULLPISS/SOL,Bullpiss Coin,solana,pumpswap,HtfsTmxJU6YanzC9cZQv6vVL7TQuoWhkiGr1tTofaDGN,3uQw7mq6aZWFsVRSY1yn31QKKu6wzX6n7JeWsXnQpump,1.755e-06,0.0,0.0,0.0,1903.09,h1
2026-08-21T00:17:00+00:00,PEPECOIN/WETH,Make Memes Great Again,robinhood,uniswap,0x29d2049BB2F92b17A5E75cB6Ee6d6c1ba8A82dCD,0x0b9606FB048A14d8381e9B97d00a78b4F4C66241,0.0001762,11.11,-0.0714285714285714,1813.1,26559.89,h1
2026-08-21T00:17:00+00:00,YIELDR/SOL,YIELDR,solana,pumpswap,2GF8BbA8E3e1Jo12qnDzQDDg4G6ziFHFLBH5kMnXuSdg,7Ru7kZdKBepiKF56vEfa1gEe6BNQCivYRzYQGh19pump,3.159e-06,1.85,-0.2857142857142857,55.82,3176.42,h1
2026-08-21T00:17:00+00:00,PIXELS/SOL,dogwifpixels,solana,pumpswap,3A8JTM6Hb9ssmbgSBF7RhqUj1JziapYT4rm2dTpNwzyE,DwxFHLjyjtrJcYCHiRkHzuRejVoummWhwnwHgML6pump,4.061e-06,-0.36,-0.4545454545454545,77.62,3639.05,h1
2026-08-21T00:17:00+00:00,MRNA/SOL,Moderna Inc,solana,pumpswap,BPY94CxfMdp5DzW79swwi3YP4Xa8gjq3CsdMDKUsHnsf,6TpjRqHB5BBZH6gtKdqiHDD8u7noVqS85LhtwxySpump,3.244e-06,-3.54,-0.7142857142857143,43.42,3662.69,h1
2026-08-21T00:17:00+00:00,BWCLG/SOL,bullwifclogs,solana,pumpswap,9a9QL817dHz9FGAR1xwjSZ2Dz2yADLdnory7RxVr7wN8,Hgfwz9d5iK7jNbnwhpmkWCn9dCJpYvcosksfBkZQpump,1.781e-06,-0.71,-1.0,0.01,1985.96,h1
2026-08-21T00:17:00+00:00,KEIBULL/SOL,Kei Bull,solana,pumpswap,DgZLDqcXCfD1WRaXMdiYdD1MJyoYZDPPCYjW8nWbEVHw,HXD5YL3rwv1mrHC4giBkAb1pxW6ohCQppJsxrzJZpump,2.03e-06,-0.32,-1.0,8.52,2380.36,h1
2026-08-21T00:17:00+00:00,CHILLBULL/SOL,Chill Bull,solana,pumpswap,7Sr7YhpoPHyiQu1XjLBBXsW9BqSBG4YCzbY25o52z4CJ,cQ1Jye1NiuoC8yvaswdNyfbn7AQn1KdWkAmba65pump,1.923e-06,0.24,-1.0,0.2,2064.51,h1
2026-08-21T00:17:00+00:00,KEKODYSSEUS/SOL,Kekius Odysseus,solana,pumpswap,FxNzpZQMXyNFzMtVshyHyJJWVRPcqLJBHA5v1uVYnqP1,HiY4qx8j5QuVh5UFnKyFq1DvzzDNgFkgyyhEeDXhpump,0.000357,44.73,0.0485678704856787,26923.96,49496.06,h1
2026-08-21T00:26:00+00:00,MADE/ETH,SelfMade by SP3ND,robinhood,uniswap,0xff15af8c07fffcf7c3da982dd75954526401377a8b2c93cc6a0b1e5c253d7c20,0xfe1D984BBF36C0Ed09D55a9E3F4b6F73BA4191CA,8.724e-06,-1.27,0.9555555555555556,67.03,8933.47,h1
2026-08-21T00:26:00+00:00,MOMENTUM/SOL,MOMENTUM,solana,pumpswap,Dzm3yYVo3ztTPdguZ85aDGQEcGdDQRL14X7Ns3xK31EE,5vTzYtcUMJvWKMxweLuiyiAoLhXuhWHy8H57F1UPpump,9.553e-05,1.6,0.3346534653465347,14583.64,23410.23,h1
2026-08-21T00:26:00+00:00,BULLTN/SOL,Sir Bullington,solana,pumpswap,DayrERHvoshQQw2DsT5mrKoc3kTT2XxCvFv1wkPaQzrf,9KbvJ3RitJ8rFDAM6rEVKKJV8Y4sKsawnYJR4QKHpump,2.215e-06,2.63,1.0,5.82,2721.82,h1
2026-08-21T00:26:00+00:00,PEPECOIN/WETH,Make Memes Great Again,robinhood,uniswap,0x29d2049BB2F92b17A5E75cB6Ee6d6c1ba8A82dCD,0x0b9606FB048A14d8381e9B97d00a78b4F4C66241,0.0001526,-4.21,0.0,2744.69,24683.31,h1
2026-08-21T00:26:00+00:00,GOOD/WETH,Good In The Hood,robinhood,uniswap,0x8EA7c66395fD7e25E9713Edd0B297d4ABE05C304,0x5f62C57e5C537887117EeF828b7E3Ad41C009FEb,0.004142,-10.52,-0.1016949152542373,22763.78,392616.3,h1
2026-08-21T00:26:00+00:00,MEN/SOL, Embrace Masculinity,solana,pumpswap,32t4rKoGC8zjP84YF9cfoTAAqMQhLnBpofgWFJAQZhwP,8yCqoKQBxcSt9n3VCMnHuxw2mXHT4F9mMTjzTCA2pump,7.61e-05,-0.63,0.2340425531914893,5062.33,27234.6,h1
2026-08-21T00:26:00+00:00,BULLBALLS/SOL,Bullballs Coin,solana,pumpswap,sDHDad1WveSBsYka6ypwZZVPBwnd6GhfTbh3xDnTVJS,897wEhKQtCKXuxxoDA8BH9LWnSpdTKLVzqh1J8xFpump,0.01674,3.83,0.6388888888888888,44323.23,350049.66,h1
2026-08-21T00:26:00+00:00,TOESCOIN/SOL,TOES,solana,pumpswap,EE3zk9Fxp9guair2xeReFxf4TsEXeZFFuWETRna2PkcV,6ehEcTMCc85aNF4x9CWx8HuvWGhxQtvKdhKVf2HDpump,0.006342,1.33,0.182765809589993,1468.26,351160.89,h1
2026-08-21T00:26:00+00:00,BULLPISS/SOL,Bullpiss Coin,solana,pumpswap,HtfsTmxJU6YanzC9cZQv6vVL7TQuoWhkiGr1tTofaDGN,3uQw7mq6aZWFsVRSY1yn31QKKu6wzX6n7JeWsXnQpump,1.755e-06,0.0,0.0,0.0,1903.09,h1
2026-08-21T00:26:00+00:00,RIKA/SOL,Rika-chan,solana,pumpswap,FgbUQjUe741j1kLkTfvQNHaqz8H5UTecgcfXfkpUSSin,SypcH53HXjRX2hVM8ucJEx2hJgpo9HgRevXskVApump,1.766e-06,0.0,0.0,0.0,1891.54,h1
2026-08-21T00:26:00+00:00,PIXELS/SOL,dogwifpixels,solana,pumpswap,3A8JTM6Hb9ssmbgSBF7RhqUj1JziapYT4rm2dTpNwzyE,DwxFHLjyjtrJcYCHiRkHzuRejVoummWhwnwHgML6pump,4.02e-06,-0.75,-0.4545454545454545,101.52,3615.46,h1
2026-08-21T00:26:00+00:00,YIELDR/SOL,YIELDR,solana,pumpswap,2GF8BbA8E3e1Jo12qnDzQDDg4G6ziFHFLBH5kMnXuSdg,7Ru7kZdKBepiKF56vEfa1gEe6BNQCivYRzYQGh19pump,3.235e-06,0.52,-0.4545454545454545,26.37,3241.32,h1
2026-08-21T00:26:00+00:00,MOONCOIN/WETH,MoonCoin,robinhood,uniswap,0x4C020A30b1EbC8F964BF6902F35aCFE814e47A87,0x82DA7C5D756210ec89d139Defd430549018dC68d,0.003967,27.96,0.5993606819392648,1496784.98,409576.09,h1
2026-08-21T00:26:00+00:00,CATE/ETH,Catecoin,robinhood,uniswap,0x5c6986b363492586a89b8c5f92fb7338d1e464187f7e67c9c62fa29e530196ef,0xDb9972615Fc2c54275126227be4B3159777a5676,7.274e-06,-1.84,-1.0,80.66,7515.62,h1
2026-08-21T00:26:00+00:00,SolSeason/SOL,SolSeason,solana,pumpswap,DCzNTu1QR9NYDJhNxY9ZsUJYJGKCfuLsUwH48pqFPRp4,APLJwe3Bg9T7dZFSuTouchgptwrL8sxHEC1fU3Fppump,1.822e-06,-1.62,-1.0,10.29,1951.1,h1
2026-08-21T00:26:00+00:00,BWCLG/SOL,bullwifclogs,solana,pumpswap,9a9QL817dHz9FGAR1xwjSZ2Dz2yADLdnory7RxVr7wN8,Hgfwz9d5iK7jNbnwhpmkWCn9dCJpYvcosksfBkZQpump,1.781e-06,-0.71,-1.0,0.01,1985.96,h1
2026-08-21T00:26:00+00:00,GOLDEN/SOL,The Golden Bull,solana,pumpswap,AmgggTfr1Uq8VFjq1eoGZ6KGpi7nMCwyGfYVEUgj3SgD,E5peneUkvKstns3LYZCkq2mB8uCS6kL9dP3RmZNYpump,4.396e-06,0.18,-1.0,7.07,3941.86,h1
2026-08-21T00:26:00+00:00,CHILLBULL/SOL,Chill Bull,solana,pumpswap,7Sr7YhpoPHyiQu1XjLBBXsW9BqSBG4YCzbY25o52z4CJ,cQ1Jye1NiuoC8yvaswdNyfbn7AQn1KdWkAmba65pump,1.923e-06,0.24,-1.0,0.2,2064.51,h1
2026-08-21T00:26:00+00:00,KEIBULL/SOL,Kei Bull,solana,pumpswap,DgZLDqcXCfD1WRaXMdiYdD1MJyoYZDPPCYjW8nWbEVHw,HXD5YL3rwv1mrHC4giBkAb1pxW6ohCQppJsxrzJZpump,2.049e-06,0.61,-1.0,8.92,2402.98,h1
2026-08-21T00:26:00+00:00,KEKODYSSEUS/SOL,Kekius Odysseus,solana,pumpswap,FxNzpZQMXyNFzMtVshyHyJJWVRPcqLJBHA5v1uVYnqP1,HiY4qx8j5QuVh5UFnKyFq1DvzzDNgFkgyyhEeDXhpump,0.000384,33.27,0.0059453032104637,26586.66,51620.81,h1
2026-08-21T00:30:00+00:00,MADE/ETH,SelfMade by SP3ND,robinhood,uniswap,0xff15af8c07fffcf7c3da982dd75954526401377a8b2c93cc6a0b1e5c253d7c20,0xfe1D984BBF36C0Ed09D55a9E3F4b6F73BA4191CA,8.729e-06,-1.16,0.9534883720930232,67.03,8939.05,h1
2026-08-21T00:30:00+00:00,BULLTN/SOL,Sir Bullington,solana,pumpswap,DayrERHvoshQQw2DsT5mrKoc3kTT2XxCvFv1wkPaQzrf,9KbvJ3RitJ8rFDAM6rEVKKJV8Y4sKsawnYJR4QKHpump,2.215e-06,2.63,1.0,5.82,2721.82,h1
2026-08-21T00:30:00+00:00,PEPECOIN/WETH,Make Memes Great Again,robinhood,uniswap,0x29d2049BB2F92b17A5E75cB6Ee6d6c1ba8A82dCD,0x0b9606FB048A14d8381e9B97d00a78b4F4C66241,0.0001526,-5.37,-0.0344827586206896,2676.48,24683.31,h1
2026-08-21T00:30:00+00:00,MOMENTUM/SOL,MOMENTUM,solana,pumpswap,Dzm3yYVo3ztTPdguZ85aDGQEcGdDQRL14X7Ns3xK31EE,5vTzYtcUMJvWKMxweLuiyiAoLhXuhWHy8H57F1UPpump,9.563e-05,5.48,0.343811394891945,14456.17,23406.09,h1
2026-08-21T00:30:00+00:00,GOOD/WETH,Good In The Hood,robinhood,uniswap,0x8EA7c66395fD7e25E9713Edd0B297d4ABE05C304,0x5f62C57e5C537887117EeF828b7E3Ad41C009FEb,0.004086,-11.17,-0.078125,25165.06,390062.19,h1
2026-08-21T00:30:00+00:00,BULLBALLS/SOL,Bullballs Coin,solana,pumpswap,sDHDad1WveSBsYka6ypwZZVPBwnd6GhfTbh3xDnTVJS,897wEhKQtCKXuxxoDA8BH9LWnSpdTKLVzqh1J8xFpump,0.01664,2.99,0.6383141762452107,45087.48,348615.0,h1
2026-08-21T00:30:00+00:00,MEN/SOL, Embrace Masculinity,solana,pumpswap,32t4rKoGC8zjP84YF9cfoTAAqMQhLnBpofgWFJAQZhwP,8yCqoKQBxcSt9n3VCMnHuxw2mXHT4F9mMTjzTCA2pump,7.646e-05,3.49,0.2602739726027397,5184.63,27272.33,h1
2026-08-21T00:30:00+00:00,TOESCOIN/SOL,TOES,solana,pumpswap,EE3zk9Fxp9guair2xeReFxf4TsEXeZFFuWETRna2PkcV,6ehEcTMCc85aNF4x9CWx8HuvWGhxQtvKdhKVf2HDpump,0.006372,1.71,0.1878453038674033,1411.92,351631.84,h1
2026-08-21T00:30:00+00:00,BULLPISS/SOL,Bullpiss Coin,solana,pumpswap,HtfsTmxJU6YanzC9cZQv6vVL7TQuoWhkiGr1tTofaDGN,3uQw7mq6aZWFsVRSY1yn31QKKu6wzX6n7JeWsXnQpump,1.755e-06,0.0,0.0,0.0,1903.09,h1
2026-08-21T00:30:00+00:00,RIKA/SOL,Rika-chan,solana,pumpswap,FgbUQjUe741j1kLkTfvQNHaqz8H5UTecgcfXfkpUSSin,SypcH53HXjRX2hVM8ucJEx2hJgpo9HgRevXskVApump,1.766e-06,0.0,0.0,0.0,1891.54,h1
2026-08-21T00:30:00+00:00,PIXELS/SOL,dogwifpixels,solana,pumpswap,3A8JTM6Hb9ssmbgSBF7RhqUj1JziapYT4rm2dTpNwzyE,DwxFHLjyjtrJcYCHiRkHzuRejVoummWhwnwHgML6pump,4.02e-06,-0.75,-0.4545454545454545,101.52,3615.46,h1
2026-08-21T00:30:00+00:00,YIELDR/SOL,YIELDR,solana,pumpswap,2GF8BbA8E3e1Jo12qnDzQDDg4G6ziFHFLBH5kMnXuSdg,7Ru7kZdKBepiKF56vEfa1gEe6BNQCivYRzYQGh19pump,3.19e-06,-0.23,-0.5,26.16,3205.95,h1
2026-08-21T00:30:00+00:00,CATE/ETH,Catecoin,robinhood,uniswap,0x5c6986b363492586a89b8c5f92fb7338d1e464187f7e67c9c62fa29e530196ef,0xDb9972615Fc2c54275126227be4B3159777a5676,7.274e-06,-1.84,-1.0,80.66,7515.62,h1
2026-08-21T00:30:00+00:00,SolSeason/SOL,SolSeason,solana,pumpswap,DCzNTu1QR9NYDJhNxY9ZsUJYJGKCfuLsUwH48pqFPRp4,APLJwe3Bg9T7dZFSuTouchgptwrL8sxHEC1fU3Fppump,1.822e-06,-1.62,-1.0,10.29,1951.1,h1
2026-08-21T00:30:00+00:00,BWCLG/SOL,bullwifclogs,solana,pumpswap,9a9QL817dHz9FGAR1xwjSZ2Dz2yADLdnory7RxVr7wN8,Hgfwz9d5iK7jNbnwhpmkWCn9dCJpYvcosksfBkZQpump,1.781e-06,-0.71,-1.0,0.01,1985.96,h1
2026-08-21T00:30:00+00:00,CHILLBULL/SOL,Chill Bull,solana,pumpswap,7Sr7YhpoPHyiQu1XjLBBXsW9BqSBG4YCzbY25o52z4CJ,cQ1Jye1NiuoC8yvaswdNyfbn7AQn1KdWkAmba65pump,1.923e-06,0.24,-1.0,0.2,2064.51,h1
2026-08-21T00:30:00+00:00,GOLDEN/SOL,The Golden Bull,solana,pumpswap,AmgggTfr1Uq8VFjq1eoGZ6KGpi7nMCwyGfYVEUgj3SgD,E5peneUkvKstns3LYZCkq2mB8uCS6kL9dP3RmZNYpump,4.389e-06,0.4,-1.0,6.44,3935.52,h1
2026-08-21T00:30:00+00:00,KEIBULL/SOL,Kei Bull,solana,pumpswap,DgZLDqcXCfD1WRaXMdiYdD1MJyoYZDPPCYjW8nWbEVHw,HXD5YL3rwv1mrHC4giBkAb1pxW6ohCQppJsxrzJZpump,2.049e-06,0.61,-1.0,8.92,2402.98,h1
2026-08-21T00:30:00+00:00,MOONCOIN/WETH,MoonCoin,robinhood,uniswap,0x4C020A30b1EbC8F964BF6902F35aCFE814e47A87,0x82DA7C5D756210ec89d139Defd430549018dC68d,0.004104,51.01,0.6058700209643606,1512089.13,417003.82,h1
2026-08-21T00:30:00+00:00,KEKODYSSEUS/SOL,Kekius Odysseus,solana,pumpswap,FxNzpZQMXyNFzMtVshyHyJJWVRPcqLJBHA5v1uVYnqP1,HiY4qx8j5QuVh5UFnKyFq1DvzzDNgFkgyyhEeDXhpump,0.0003799,38.48,-0.0104772991850989,26037.69,51304.01,h1
2026-08-21T01:33:00+00:00,NASCAT/SOL,Nascat,solana,pumpswap,2cDwk5UhdiFkEVtJQKzL1EwTkT9TUEnAmuBVge4XG57R,7dTt83mqCGRJpQYHUtSYUGipGJLhfPf4sSAP7HEBpump,2.127e-06,-98.58,-0.0646160418669229,277036.99,2174.04,h1
2026-08-21T01:33:00+00:00,MOONCOIN/WETH,MoonCoin,robinhood,uniswap,0x4C020A30b1EbC8F964BF6902F35aCFE814e47A87,0x82DA7C5D756210ec89d139Defd430549018dC68d,0.003721,-10.74,0.6846153846153846,1934631.47,403766.68,h1
2026-08-21T01:33:00+00:00,BULLPISS/SOL,Bullpiss Coin,solana,pumpswap,HtfsTmxJU6YanzC9cZQv6vVL7TQuoWhkiGr1tTofaDGN,3uQw7mq6aZWFsVRSY1yn31QKKu6wzX6n7JeWsXnQpump,1.774e-06,1.05,1.0,2.17,1922.73,h1
2026-08-21T01:33:00+00:00,MADE/ETH,SelfMade by SP3ND,robinhood,uniswap,0xff15af8c07fffcf7c3da982dd75954526401377a8b2c93cc6a0b1e5c253d7c20,0xfe1D984BBF36C0Ed09D55a9E3F4b6F73BA4191CA,8.758e-06,0.15,0.9636363636363636,1.54,8969.56,h1
2026-08-21T01:33:00+00:00,BULLBALLS/SOL,Bullballs Coin,solana,pumpswap,sDHDad1WveSBsYka6ypwZZVPBwnd6GhfTbh3xDnTVJS,897wEhKQtCKXuxxoDA8BH9LWnSpdTKLVzqh1J8xFpump,0.01636,-0.32,0.7053072625698324,45637.52,345852.34,h1
2026-08-21T01:33:00+00:00,MEN/SOL, Embrace Masculinity,solana,pumpswap,32t4rKoGC8zjP84YF9cfoTAAqMQhLnBpofgWFJAQZhwP,8yCqoKQBxcSt9n3VCMnHuxw2mXHT4F9mMTjzTCA2pump,7.202e-05,-8.51,0.2238805970149253,4452.55,26476.92,h1
2026-08-21T01:33:00+00:00,MOMENTUM/SOL,MOMENTUM,solana,pumpswap,Dzm3yYVo3ztTPdguZ85aDGQEcGdDQRL14X7Ns3xK31EE,5vTzYtcUMJvWKMxweLuiyiAoLhXuhWHy8H57F1UPpump,0.0001083,19.79,0.2668024439918534,16838.47,25059.65,h1
2026-08-21T01:33:00+00:00,PEPECOIN/WETH,Make Memes Great Again,robinhood,uniswap,0x29d2049BB2F92b17A5E75cB6Ee6d6c1ba8A82dCD,0x0b9606FB048A14d8381e9B97d00a78b4F4C66241,0.0001663,1.19,0.1333333333333333,843.55,25892.52,h1
2026-08-21T01:33:00+00:00,NEWBIE/SOL,Newbie,solana,pumpswap,CcfmG8AruateK12bhMo2BHNYQiQ1JiWLyTBzmMwKuZip,4Xg9qDuEP1vMEwqMr2yWo92Yn9a7xZu5BNQBbXVfpump,0.0002034,20.51,0.2943925233644859,15581.93,37071.15,h1
2026-08-21T01:33:00+00:00,KEKODYSSEUS/SOL,Kekius Odysseus,solana,pumpswap,FxNzpZQMXyNFzMtVshyHyJJWVRPcqLJBHA5v1uVYnqP1,HiY4qx8j5QuVh5UFnKyFq1DvzzDNgFkgyyhEeDXhpump,0.0003194,-15.54,-0.2176100628930817,14687.25,46970.68,h1
2026-08-21T01:33:00+00:00,TOESCOIN/SOL,TOES,solana,pumpswap,EE3zk9Fxp9guair2xeReFxf4TsEXeZFFuWETRna2PkcV,6ehEcTMCc85aNF4x9CWx8HuvWGhxQtvKdhKVf2HDpump,0.006358,0.81,0.1897233201581027,1528.03,351404.76,h1
2026-08-21T01:33:00+00:00,BWCLG/SOL,bullwifclogs,solana,pumpswap,9a9QL817dHz9FGAR1xwjSZ2Dz2yADLdnory7RxVr7wN8,Hgfwz9d5iK7jNbnwhpmkWCn9dCJpYvcosksfBkZQpump,1.781e-06,0.0,0.0,0.0,1985.96,h1
2026-08-21T01:33:00+00:00,CHILLBULL/SOL,Chill Bull,solana,pumpswap,7Sr7YhpoPHyiQu1XjLBBXsW9BqSBG4YCzbY25o52z4CJ,cQ1Jye1NiuoC8yvaswdNyfbn7AQn1KdWkAmba65pump,1.923e-06,0.0,0.0,0.0,2064.51,h1
2026-08-21T01:33:00+00:00,SolSeason/SOL,SolSeason,solana,pumpswap,DCzNTu1QR9NYDJhNxY9ZsUJYJGKCfuLsUwH48pqFPRp4,APLJwe3Bg9T7dZFSuTouchgptwrL8sxHEC1fU3Fppump,1.856e-06,0.39,0.0,1.01,1985.73,h1
2026-08-21T01:33:00+00:00,GOOD/WETH,Good In The Hood,robinhood,uniswap,0x8EA7c66395fD7e25E9713Edd0B297d4ABE05C304,0x5f62C57e5C537887117EeF828b7E3Ad41C009FEb,0.004699,15.59,0.1428571428571428,19444.02,420185.64,h1
2026-08-21T01:33:00+00:00,GOLDEN/SOL,The Golden Bull,solana,pumpswap,AmgggTfr1Uq8VFjq1eoGZ6KGpi7nMCwyGfYVEUgj3SgD,E5peneUkvKstns3LYZCkq2mB8uCS6kL9dP3RmZNYpump,4.643e-06,5.27,-0.4285714285714285,234.75,4090.38,h1
2026-08-21T01:33:00+00:00,PIXELS/SOL,dogwifpixels,solana,pumpswap,3A8JTM6Hb9ssmbgSBF7RhqUj1JziapYT4rm2dTpNwzyE,DwxFHLjyjtrJcYCHiRkHzuRejVoummWhwnwHgML6pump,3.777e-06,-6.04,-0.8823529411764706,75.68,3461.28,h1
2026-08-21T01:33:00+00:00,YIELDR/SOL,YIELDR,solana,pumpswap,2GF8BbA8E3e1Jo12qnDzQDDg4G6ziFHFLBH5kMnXuSdg,7Ru7kZdKBepiKF56vEfa1gEe6BNQCivYRzYQGh19pump,3.164e-06,-0.49,-0.8181818181818182,10.66,3185.5,h1
2026-08-21T01:33:00+00:00,KEIBULL/SOL,Kei Bull,solana,pumpswap,DgZLDqcXCfD1WRaXMdiYdD1MJyoYZDPPCYjW8nWbEVHw,HXD5YL3rwv1mrHC4giBkAb1pxW6ohCQppJsxrzJZpump,1.99e-06,-2.89,-1.0,46.5,2343.31,h1
2026-08-21T01:33:00+00:00,RIKA/SOL,Rika-chan,solana,pumpswap,FgbUQjUe741j1kLkTfvQNHaqz8H5UTecgcfXfkpUSSin,SypcH53HXjRX2hVM8ucJEx2hJgpo9HgRevXskVApump,1.782e-06,0.89,-1.0,0.24,1908.59,h1
2026-08-21T01:34:00+00:00,NASCAT/SOL,Nascat,solana,pumpswap,2cDwk5UhdiFkEVtJQKzL1EwTkT9TUEnAmuBVge4XG57R,7dTt83mqCGRJpQYHUtSYUGipGJLhfPf4sSAP7HEBpump,2.127e-06,-98.58,-0.0646160418669229,277036.99,2174.04,h1
2026-08-21T01:34:00+00:00,MOONCOIN/WETH,MoonCoin,robinhood,uniswap,0x4C020A30b1EbC8F964BF6902F35aCFE814e47A87,0x82DA7C5D756210ec89d139Defd430549018dC68d,0.003721,-10.74,0.6846153846153846,1934631.47,403766.68,h1
2026-08-21T01:34:00+00:00,BULLPISS/SOL,Bullpiss Coin,solana,pumpswap,HtfsTmxJU6YanzC9cZQv6vVL7TQuoWhkiGr1tTofaDGN,3uQw7mq6aZWFsVRSY1yn31QKKu6wzX6n7JeWsXnQpump,1.774e-06,1.05,1.0,2.17,1922.73,h1
2026-08-21T01:34:00+00:00,MADE/ETH,SelfMade by SP3ND,robinhood,uniswap,0xff15af8c07fffcf7c3da982dd75954526401377a8b2c93cc6a0b1e5c253d7c20,0xfe1D984BBF36C0Ed09D55a9E3F4b6F73BA4191CA,8.758e-06,0.15,0.9636363636363636,1.54,8969.56,h1
2026-08-21T01:34:00+00:00,BULLBALLS/SOL,Bullballs Coin,solana,pumpswap,sDHDad1WveSBsYka6ypwZZVPBwnd6GhfTbh3xDnTVJS,897wEhKQtCKXuxxoDA8BH9LWnSpdTKLVzqh1J8xFpump,0.01636,-0.32,0.7053072625698324,45637.52,345852.34,h1
2026-08-21T01:34:00+00:00,MEN/SOL, Embrace Masculinity,solana,pumpswap,32t4rKoGC8zjP84YF9cfoTAAqMQhLnBpofgWFJAQZhwP,8yCqoKQBxcSt9n3VCMnHuxw2mXHT4F9mMTjzTCA2pump,7.202e-05,-8.51,0.2238805970149253,4452.55,26476.92,h1
2026-08-21T01:34:00+00:00,MOMENTUM/SOL,MOMENTUM,solana,pumpswap,Dzm3yYVo3ztTPdguZ85aDGQEcGdDQRL14X7Ns3xK31EE,5vTzYtcUMJvWKMxweLuiyiAoLhXuhWHy8H57F1UPpump,0.0001083,19.79,0.2668024439918534,16838.47,25059.65,h1
2026-08-21T01:34:00+00:00,PEPECOIN/WETH,Make Memes Great Again,robinhood,uniswap,0x29d2049BB2F92b17A5E75cB6Ee6d6c1ba8A82dCD,0x0b9606FB048A14d8381e9B97d00a78b4F4C66241,0.0001663,1.19,0.1333333333333333,843.55,25892.52,h1
2026-08-21T01:34:00+00:00,NEWBIE/SOL,Newbie,solana,pumpswap,CcfmG8AruateK12bhMo2BHNYQiQ1JiWLyTBzmMwKuZip,4Xg9qDuEP1vMEwqMr2yWo92Yn9a7xZu5BNQBbXVfpump,0.0002034,20.51,0.2943925233644859,15581.93,37071.15,h1
2026-08-21T01:34:00+00:00,KEKODYSSEUS/SOL,Kekius Odysseus,solana,pumpswap,FxNzpZQMXyNFzMtVshyHyJJWVRPcqLJBHA5v1uVYnqP1,HiY4qx8j5QuVh5UFnKyFq1DvzzDNgFkgyyhEeDXhpump,0.0003194,-15.54,-0.2176100628930817,14687.25,46970.68,h1
2026-08-21T01:34:00+00:00,TOESCOIN/SOL,TOES,solana,pumpswap,EE3zk9Fxp9guair2xeReFxf4TsEXeZFFuWETRna2PkcV,6ehEcTMCc85aNF4x9CWx8HuvWGhxQtvKdhKVf2HDpump,0.006358,0.81,0.1897233201581027,1528.03,351404.76,h1
2026-08-21T01:34:00+00:00,BWCLG/SOL,bullwifclogs,solana,pumpswap,9a9QL817dHz9FGAR1xwjSZ2Dz2yADLdnory7RxVr7wN8,Hgfwz9d5iK7jNbnwhpmkWCn9dCJpYvcosksfBkZQpump,1.781e-06,0.0,0.0,0.0,1985.96,h1
2026-08-21T01:34:00+00:00,CHILLBULL/SOL,Chill Bull,solana,pumpswap,7Sr7YhpoPHyiQu1XjLBBXsW9BqSBG4YCzbY25o52z4CJ,cQ1Jye1NiuoC8yvaswdNyfbn7AQn1KdWkAmba65pump,1.923e-06,0.0,0.0,0.0,2064.51,h1
2026-08-21T01:34:00+00:00,SolSeason/SOL,SolSeason,solana,pumpswap,DCzNTu1QR9NYDJhNxY9ZsUJYJGKCfuLsUwH48pqFPRp4,APLJwe3Bg9T7dZFSuTouchgptwrL8sxHEC1fU3Fppump,1.856e-06,0.39,0.0,1.01,1985.73,h1
2026-08-21T01:34:00+00:00,GOOD/WETH,Good In The Hood,robinhood,uniswap,0x8EA7c66395fD7e25E9713Edd0B297d4ABE05C304,0x5f62C57e5C537887117EeF828b7E3Ad41C009FEb,0.004699,15.59,0.1428571428571428,19444.02,420185.64,h1
2026-08-21T01:34:00+00:00,GOLDEN/SOL,The Golden Bull,solana,pumpswap,AmgggTfr1Uq8VFjq1eoGZ6KGpi7nMCwyGfYVEUgj3SgD,E5peneUkvKstns3LYZCkq2mB8uCS6kL9dP3RmZNYpump,4.643e-06,5.27,-0.4285714285714285,234.75,4090.38,h1
2026-08-21T01:34:00+00:00,PIXELS/SOL,dogwifpixels,solana,pumpswap,3A8JTM6Hb9ssmbgSBF7RhqUj1JziapYT4rm2dTpNwzyE,DwxFHLjyjtrJcYCHiRkHzuRejVoummWhwnwHgML6pump,3.777e-06,-6.04,-0.8823529411764706,75.68,3461.28,h1
2026-08-21T01:34:00+00:00,YIELDR/SOL,YIELDR,solana,pumpswap,2GF8BbA8E3e1Jo12qnDzQDDg4G6ziFHFLBH5kMnXuSdg,7Ru7kZdKBepiKF56vEfa1gEe6BNQCivYRzYQGh19pump,3.164e-06,-0.49,-0.8181818181818182,10.66,3185.5,h1
2026-08-21T01:34:00+00:00,KEIBULL/SOL,Kei Bull,solana,pumpswap,DgZLDqcXCfD1WRaXMdiYdD1MJyoYZDPPCYjW8nWbEVHw,HXD5YL3rwv1mrHC4giBkAb1pxW6ohCQppJsxrzJZpump,1.99e-06,-2.89,-1.0,46.5,2343.31,h1
2026-08-21T01:34:00+00:00,RIKA/SOL,Rika-chan,solana,pumpswap,FgbUQjUe741j1kLkTfvQNHaqz8H5UTecgcfXfkpUSSin,SypcH53HXjRX2hVM8ucJEx2hJgpo9HgRevXskVApump,1.782e-06,0.89,-1.0,0.24,1908.59,h1
2026-08-21T01:35:00+00:00,NASCAT/SOL,Nascat,solana,pumpswap,2cDwk5UhdiFkEVtJQKzL1EwTkT9TUEnAmuBVge4XG57R,7dTt83mqCGRJpQYHUtSYUGipGJLhfPf4sSAP7HEBpump,2.127e-06,-98.69,-0.1016150740242261,258030.42,2174.04,h1
2026-08-21T01:35:00+00:00,MOONCOIN/WETH,MoonCoin,robinhood,uniswap,0x4C020A30b1EbC8F964BF6902F35aCFE814e47A87,0x82DA7C5D756210ec89d139Defd430549018dC68d,0.003983,-14.74,0.6816642477019835,1938243.1,418122.11,h1
2026-08-21T01:35:00+00:00,BULLPISS/SOL,Bullpiss Coin,solana,pumpswap,HtfsTmxJU6YanzC9cZQv6vVL7TQuoWhkiGr1tTofaDGN,3uQw7mq6aZWFsVRSY1yn31QKKu6wzX6n7JeWsXnQpump,1.774e-06,1.05,1.0,2.17,1922.73,h1
2026-08-21T01:35:00+00:00,MADE/ETH,SelfMade by SP3ND,robinhood,uniswap,0xff15af8c07fffcf7c3da982dd75954526401377a8b2c93cc6a0b1e5c253d7c20,0xfe1D984BBF36C0Ed09D55a9E3F4b6F73BA4191CA,8.789e-06,0.5,0.9655172413793104,1.55,9001.06,h1
2026-08-21T01:35:00+00:00,BULLBALLS/SOL,Bullballs Coin,solana,pumpswap,sDHDad1WveSBsYka6ypwZZVPBwnd6GhfTbh3xDnTVJS,897wEhKQtCKXuxxoDA8BH9LWnSpdTKLVzqh1J8xFpump,0.01577,-3.17,0.6937062937062937,47180.06,339506.72,h1
2026-08-21T01:35:00+00:00,MEN/SOL, Embrace Masculinity,solana,pumpswap,32t4rKoGC8zjP84YF9cfoTAAqMQhLnBpofgWFJAQZhwP,8yCqoKQBxcSt9n3VCMnHuxw2mXHT4F9mMTjzTCA2pump,7.325e-05,-7.93,0.2,4406.62,26715.29,h1
2026-08-21T01:35:00+00:00,MOMENTUM/SOL,MOMENTUM,solana,pumpswap,Dzm3yYVo3ztTPdguZ85aDGQEcGdDQRL14X7Ns3xK31EE,5vTzYtcUMJvWKMxweLuiyiAoLhXuhWHy8H57F1UPpump,0.0001068,17.56,0.2730844793713163,17383.76,24862.55,h1
2026-08-21T01:35:00+00:00,NEWBIE/SOL,Newbie,solana,pumpswap,CcfmG8AruateK12bhMo2BHNYQiQ1JiWLyTBzmMwKuZip,4Xg9qDuEP1vMEwqMr2yWo92Yn9a7xZu5BNQBbXVfpump,0.0002038,18.98,0.3041362530413625,15094.26,37138.91,h1
2026-08-21T01:35:00+00:00,PEPECOIN/WETH,Make Memes Great Again,robinhood,uniswap,0x29d2049BB2F92b17A5E75cB6Ee6d6c1ba8A82dCD,0x0b9606FB048A14d8381e9B97d00a78b4F4C66241,0.0001663,1.19,0.1333333333333333,843.55,25892.52,h1
2026-08-21T01:35:00+00:00,KEKODYSSEUS/SOL,Kekius Odysseus,solana,pumpswap,FxNzpZQMXyNFzMtVshyHyJJWVRPcqLJBHA5v1uVYnqP1,HiY4qx8j5QuVh5UFnKyFq1DvzzDNgFkgyyhEeDXhpump,0.0003192,-13.91,-0.2081736909323116,14201.26,46950.25,h1
2026-08-21T01:35:00+00:00,TOESCOIN/SOL,TOES,solana,pumpswap,EE3zk9Fxp9guair2xeReFxf4TsEXeZFFuWETRna2PkcV,6ehEcTMCc85aNF4x9CWx8HuvWGhxQtvKdhKVf2HDpump,0.006356,0.44,0.1925630810092961,1303.12,351278.9,h1
2026-08-21T01:35:00+00:00,BWCLG/SOL,bullwifclogs,solana,pumpswap,9a9QL817dHz9FGAR1xwjSZ2Dz2yADLdnory7RxVr7wN8,Hgfwz9d5iK7jNbnwhpmkWCn9dCJpYvcosksfBkZQpump,1.781e-06,0.0,0.0,0.0,1985.96,h1
2026-08-21T01:35:00+00:00,CHILLBULL/SOL,Chill Bull,solana,pumpswap,7Sr7YhpoPHyiQu1XjLBBXsW9BqSBG4YCzbY25o52z4CJ,cQ1Jye1NiuoC8yvaswdNyfbn7AQn1KdWkAmba65pump,1.923e-06,0.0,0.0,0.0,2064.51,h1
2026-08-21T01:35:00+00:00,SolSeason/SOL,SolSeason,solana,pumpswap,DCzNTu1QR9NYDJhNxY9ZsUJYJGKCfuLsUwH48pqFPRp4,APLJwe3Bg9T7dZFSuTouchgptwrL8sxHEC1fU3Fppump,1.856e-06,0.39,0.0,1.01,1985.73,h1
2026-08-21T01:35:00+00:00,GOOD/WETH,Good In The Hood,robinhood,uniswap,0x8EA7c66395fD7e25E9713Edd0B297d4ABE05C304,0x5f62C57e5C537887117EeF828b7E3Ad41C009FEb,0.004718,14.88,0.1917808219178082,18142.68,421243.89,h1
2026-08-21T01:35:00+00:00,GOLDEN/SOL,The Golden Bull,solana,pumpswap,AmgggTfr1Uq8VFjq1eoGZ6KGpi7nMCwyGfYVEUgj3SgD,E5peneUkvKstns3LYZCkq2mB8uCS6kL9dP3RmZNYpump,4.643e-06,5.27,-0.4285714285714285,234.75,4090.38,h1
2026-08-21T01:35:00+00:00,PIXELS/SOL,dogwifpixels,solana,pumpswap,3A8JTM6Hb9ssmbgSBF7RhqUj1JziapYT4rm2dTpNwzyE,DwxFHLjyjtrJcYCHiRkHzuRejVoummWhwnwHgML6pump,3.777e-06,-6.04,-0.8823529411764706,75.68,3461.28,h1
2026-08-21T01:35:00+00:00,YIELDR/SOL,YIELDR,solana,pumpswap,2GF8BbA8E3e1Jo12qnDzQDDg4G6ziFHFLBH5kMnXuSdg,7Ru7kZdKBepiKF56vEfa1gEe6BNQCivYRzYQGh19pump,3.164e-06,-0.64,-0.8,10.61,3185.5,h1
2026-08-21T01:35:00+00:00,KEIBULL/SOL,Kei Bull,solana,pumpswap,DgZLDqcXCfD1WRaXMdiYdD1MJyoYZDPPCYjW8nWbEVHw,HXD5YL3rwv1mrHC4giBkAb1pxW6ohCQppJsxrzJZpump,1.99e-06,-2.89,-1.0,46.5,2343.31,h1
2026-08-21T01:35:00+00:00,RIKA/SOL,Rika-chan,solana,pumpswap,FgbUQjUe741j1kLkTfvQNHaqz8H5UTecgcfXfkpUSSin,SypcH53HXjRX2hVM8ucJEx2hJgpo9HgRevXskVApump,1.782e-06,0.89,-1.0,0.24,1908.59,h1
2026-08-21T01:37:00+00:00,NASCAT/SOL,Nascat,solana,pumpswap,2cDwk5UhdiFkEVtJQKzL1EwTkT9TUEnAmuBVge4XG57R,7dTt83mqCGRJpQYHUtSYUGipGJLhfPf4sSAP7HEBpump,2.127e-06,-98.46,-0.1258830341632889,239928.26,2174.04,h1
2026-08-21T01:37:00+00:00,MOONCOIN/WETH,MoonCoin,robinhood,uniswap,0x4C020A30b1EbC8F964BF6902F35aCFE814e47A87,0x82DA7C5D756210ec89d139Defd430549018dC68d,0.003947,-12.21,0.682570593962999,1930648.1,415994.17,h1
2026-08-21T01:37:00+00:00,BULLPISS/SOL,Bullpiss Coin,solana,pumpswap,HtfsTmxJU6YanzC9cZQv6vVL7TQuoWhkiGr1tTofaDGN,3uQw7mq6aZWFsVRSY1yn31QKKu6wzX6n7JeWsXnQpump,1.774e-06,1.05,1.0,2.17,1922.73,h1
2026-08-21T01:37:00+00:00,MADE/ETH,SelfMade by SP3ND,robinhood,uniswap,0xff15af8c07fffcf7c3da982dd75954526401377a8b2c93cc6a0b1e5c253d7c20,0xfe1D984BBF36C0Ed09D55a9E3F4b6F73BA4191CA,8.78e-06,0.67,0.9649122807017544,1.55,8992.07,h1
2026-08-21T01:37:00+00:00,BULLBALLS/SOL,Bullballs Coin,solana,pumpswap,sDHDad1WveSBsYka6ypwZZVPBwnd6GhfTbh3xDnTVJS,897wEhKQtCKXuxxoDA8BH9LWnSpdTKLVzqh1J8xFpump,0.01569,-3.52,0.6921985815602837,46087.06,338488.81,h1
2026-08-21T01:37:00+00:00,MEN/SOL, Embrace Masculinity,solana,pumpswap,32t4rKoGC8zjP84YF9cfoTAAqMQhLnBpofgWFJAQZhwP,8yCqoKQBxcSt9n3VCMnHuxw2mXHT4F9mMTjzTCA2pump,7.496e-05,-1.34,0.2740740740740741,4337.85,27015.35,h1
2026-08-21T01:37:00+00:00,NEWBIE/SOL,Newbie,solana,pumpswap,CcfmG8AruateK12bhMo2BHNYQiQ1JiWLyTBzmMwKuZip,4Xg9qDuEP1vMEwqMr2yWo92Yn9a7xZu5BNQBbXVfpump,0.0001996,15.87,0.3026634382566586,15236.45,36731.59,h1
2026-08-21T01:37:00+00:00,MOMENTUM/SOL,MOMENTUM,solana,pumpswap,Dzm3yYVo3ztTPdguZ85aDGQEcGdDQRL14X7Ns3xK31EE,5vTzYtcUMJvWKMxweLuiyiAoLhXuhWHy8H57F1UPpump,0.0001074,18.73,0.2766798418972332,17098.25,24928.37,h1
2026-08-21T01:37:00+00:00,PEPECOIN/WETH,Make Memes Great Again,robinhood,uniswap,0x29d2049BB2F92b17A5E75cB6Ee6d6c1ba8A82dCD,0x0b9606FB048A14d8381e9B97d00a78b4F4C66241,0.0001654,0.82,0.1333333333333333,911.05,25867.68,h1
2026-08-21T01:37:00+00:00,KEKODYSSEUS/SOL,Kekius Odysseus,solana,pumpswap,FxNzpZQMXyNFzMtVshyHyJJWVRPcqLJBHA5v1uVYnqP1,HiY4qx8j5QuVh5UFnKyFq1DvzzDNgFkgyyhEeDXhpump,0.0003056,-15.55,-0.1989795918367347,14379.33,45857.54,h1
2026-08-21T01:37:00+00:00,TOESCOIN/SOL,TOES,solana,pumpswap,EE3zk9Fxp9guair2xeReFxf4TsEXeZFFuWETRna2PkcV,6ehEcTMCc85aNF4x9CWx8HuvWGhxQtvKdhKVf2HDpump,0.006309,0.5,0.1930294906166219,1184.08,349799.19,h1
2026-08-21T01:37:00+00:00,BWCLG/SOL,bullwifclogs,solana,pumpswap,9a9QL817dHz9FGAR1xwjSZ2Dz2yADLdnory7RxVr7wN8,Hgfwz9d5iK7jNbnwhpmkWCn9dCJpYvcosksfBkZQpump,1.781e-06,0.0,0.0,0.0,1985.96,h1
2026-08-21T01:37:00+00:00,CHILLBULL/SOL,Chill Bull,solana,pumpswap,7Sr7YhpoPHyiQu1XjLBBXsW9BqSBG4YCzbY25o52z4CJ,cQ1Jye1NiuoC8yvaswdNyfbn7AQn1KdWkAmba65pump,1.923e-06,0.0,0.0,0.0,2064.51,h1
2026-08-21T01:37:00+00:00,SolSeason/SOL,SolSeason,solana,pumpswap,DCzNTu1QR9NYDJhNxY9ZsUJYJGKCfuLsUwH48pqFPRp4,APLJwe3Bg9T7dZFSuTouchgptwrL8sxHEC1fU3Fppump,1.856e-06,0.39,0.0,1.01,1985.73,h1
2026-08-21T01:37:00+00:00,GOOD/WETH,Good In The Hood,robinhood,uniswap,0x8EA7c66395fD7e25E9713Edd0B297d4ABE05C304,0x5f62C57e5C537887117EeF828b7E3Ad41C009FEb,0.004721,14.76,0.2105263157894736,18141.34,421135.77,h1
2026-08-21T01:37:00+00:00,GOLDEN/SOL,The Golden Bull,solana,pumpswap,AmgggTfr1Uq8VFjq1eoGZ6KGpi7nMCwyGfYVEUgj3SgD,E5peneUkvKstns3LYZCkq2mB8uCS6kL9dP3RmZNYpump,4.734e-06,7.33,-0.3333333333333333,249.96,4147.58,h1
2026-08-21T01:37:00+00:00,PIXELS/SOL,dogwifpixels,solana,pumpswap,3A8JTM6Hb9ssmbgSBF7RhqUj1JziapYT4rm2dTpNwzyE,DwxFHLjyjtrJcYCHiRkHzuRejVoummWhwnwHgML6pump,3.789e-06,-5.76,-0.7894736842105263,80.74,3471.52,h1
2026-08-21T01:37:00+00:00,YIELDR/SOL,YIELDR,solana,pumpswap,2GF8BbA8E3e1Jo12qnDzQDDg4G6ziFHFLBH5kMnXuSdg,7Ru7kZdKBepiKF56vEfa1gEe6BNQCivYRzYQGh19pump,3.169e-06,-0.49,-0.8181818181818182,10.72,3190.65,h1
2026-08-21T01:37:00+00:00,KEIBULL/SOL,Kei Bull,solana,pumpswap,DgZLDqcXCfD1WRaXMdiYdD1MJyoYZDPPCYjW8nWbEVHw,HXD5YL3rwv1mrHC4giBkAb1pxW6ohCQppJsxrzJZpump,1.99e-06,-2.89,-1.0,46.5,2343.31,h1
2026-08-21T01:37:00+00:00,RIKA/SOL,Rika-chan,solana,pumpswap,FgbUQjUe741j1kLkTfvQNHaqz8H5UTecgcfXfkpUSSin,SypcH53HXjRX2hVM8ucJEx2hJgpo9HgRevXskVApump,1.782e-06,0.89,-1.0,0.24,1908.59,h1
2026-08-23T13:45:00+00:00,CATLIST/SOL,CAT SEASON CLUB,solana,pumpswap,Gyz6RxJfnB3yjP2J2E7HMoNojGQEKZuxEEUjurncQJ1w,BKaXDgZxUSC9njpX89xpQ5USh2pnK1yzZvgk8Mg7pump,0.0009038,-3.91,0.3697332336075791,168459.34,85988.75,h1
2026-08-23T13:45:00+00:00,PEPARK/SOL,PEPE Parker,solana,pumpswap,HCAZia1gVGy1hrfWR2FyLAXZFzC1REfDcPwC2MHao5rm,6x4G1SqbPTWkqmZ4VAWVgoZ1jmA7TqJUSHnKyqsHpump,9.411e-05,1.77,0.5,111.55,36416.91,h1
2026-08-23T13:45:00+00:00,CATALORIAN/SOL,Elon's Space Cat,solana,pumpswap,FvYok1cEnymtxGPXbLhyMVUBq2iEVGQ18Uj4K7vKoJ5Q,4cvZwC17oMiUA7peKX5GhbaUWv4U5Lwrd8118xnFpump,0.003322,112.0,0.1679846278915084,540673.09,154762.03,h1
2026-08-23T13:45:00+00:00,CYBERCAT/SOL,Cybercat,solana,pumpswap,6iZLyDGGUEsBMKU9cLaxmxcguL99F6dhSRVcCUysBBTt,9HHTQ7YMx82E987cNqF9KczyZrfKgqvKNyA2yHSVpump,0.0001435,219.0,0.2261712439418416,171930.88,29785.37,h1
2026-08-23T13:45:00+00:00,Dinger/SOL,Schrödinger,solana,pumpswap,FvsZohWNdVpSDQk4gCyU9YrkLRsfeEpSmzVUSQsjDaxG,7fmHqRpJLgpVsJFTvrv24CEjkz9c4o5uVX4Zdur1hz35,0.0002898,-6.41,0.116055321707757,82726.23,47384.03,h1
2026-08-23T13:45:00+00:00,WINNING/SOL,Trump's Winning Coin,solana,pumpswap,DieqtfWVvUtMRoXAeRjJw51JG8gWouxugQca82tiJZpC,FW6R4QQeP4fzqRwDHbBkpjHx3ecvYwhd5g7chKg8pump,0.0009891,6.6,0.2632390745501285,109783.43,91170.96,h1
2026-08-23T13:45:00+00:00,PATE/SOL,Pepe Cate Coin,solana,pumpswap,7WRrvCugP1krT6aq9DQwWbeD92V5LaFm5YkSuof7LpKq,24EX9CQqEpR9mNUDTjkooKqRTf2pkY2mgbDqwNDwpump,0.0002065,-24.19,0.064516129032258,14186.48,38663.44,h1
2026-08-23T13:45:00+00:00,BABYCATE/SOL,Baby Catecoin,solana,pumpswap,FYNWkGx9f1PLtdtvVw3bnty5bDbGKZ3UirJMcU25VX7c,DDVUsN8sDFxbaX6gNBoD44kjZhFETWJnwAn4EX1dpump,0.000126,-31.36,0.0575916230366492,12864.04,30089.87,h1
2026-08-23T13:45:00+00:00,Truth Coin/SOL,Truth Coin,solana,pumpswap,69Y7ZzJdrEqWXSA3qAfmoqxf4EBEDbMRwcnx6r1yjfBi,BaBeW6hdxDSenERN6JcxLY9v27YnZqaAQYWuscUjpump,2.132e-05,-27.46,0.1111111111111111,3937.85,12954.0,h1
2026-08-23T13:45:00+00:00,LongCat/SOL,NOBIKO,solana,pumpfun,6CJnZnEPwhydv9AzmaT6LELsoHBr2UwAsTfvxbu2qocH,298ks6B8Lstp1sTrjhAUQRqDpyWCyYc4XJY8eB2Upump,3.116e-05,274.0,0.3268608414239482,21906.7,0.0,h1
2026-08-23T13:45:00+00:00,PURPE/SOL,Purple Pepe,solana,raydium,CpoYFgaNA6MJRuJSGeXu9mPdghmtwd5RvYesgej4Zofj,HBoNJ5v8g71s2boRivrHnfSB5MVPLDHHyVjruPfhGkvL,1.675e-05,-0.9,0.0833333333333333,6660.38,495618.44,h1
2026-08-23T13:45:00+00:00,CIACAT/SOL,Acoustic Kitty,solana,pumpswap,H8itp7iJ6q7xLtLB9rZej69fskpYk9dMuQmYwZbidXRX,CUz3n2VjRArmj8LYTq42Vie5LjnfyXkvfLb75ARBpump,3.956e-06,-1.58,0.0769230769230769,592.04,3564.27,h1
2026-08-23T13:45:00+00:00,BADBITCH/SOL,BADBITCH,solana,raydium,5hxWRuJE2njhshbANzES7qBB14uBdB8wxtxTbdxmLQcH,DXegC3FPpjBmXpKTt8d8z81u1UREha44BsD1jUFCpump,1.37e-05,0.0,0.0,0.0,0.76,h1
2026-08-23T13:45:00+00:00,CHUMP/WETH,Chump Coin,robinhood,uniswap,0x714442e9A611f8561A7dF108D6d925132937cFb8,0x0E0d2C89a5a019FE1cF762e5e33187631DACC21B,0.007084,-9.45,-0.4074074074074074,19499.22,282384.38,h1
2026-08-23T13:45:00+00:00,LUCKY/SOL,Lucky Cat,solana,pumpswap,ALzpihJVdbdhgUQY91jrTBf53fn8yAhP9dBgdyY6NYem,3uZpCyWBrCyvL4BMVgtgtxiPJm73fzxTegxrwUu8pump,5.396e-05,-3.68,-0.0909090909090909,461.34,18035.69,h1
2026-08-23T13:45:00+00:00,GLITCH/SOL,SolGlitch,solana,pumpswap,FqCRPPpVQibVDNv4hq1dhvgtDj3MVAEPDhiD4EvB1v1x,GVqEasmDypXNM3LFYXY4h8uXaE8ivoZnS9AJCZyXpump,6.814e-05,15.07,-0.3829787234042553,1776.52,19941.77,h1
2026-08-23T13:45:00+00:00,SEMI/MU,semivault.xyz,robinhood,uniswap,0xe35635d91eccd183aa5925c7a26bdaedef1fa07e312742689cc39afd8f04e121,0x5F038759F6DE38fD3A85C0440daff1240238BaC8,0.01945,-5.21,-0.5,1486.23,107375.46,h1
2026-08-23T13:45:00+00:00,MCGA/SOL,Make Cat Great Again,solana,pumpswap,HpEY6dn2nNnSFMZdyXVeEPBWYcf5DNAxRTiTha2XuSE5,2LkYkeDcGRZ19j5EQbbHvrjk2XFBeGjPUbXy2D5Cpump,2.68e-06,1.0,-0.5,4.76,3045.5,h1
2026-08-23T13:45:00+00:00,黃阿瑪/SOL,黃阿瑪,solana,pumpswap,CMXMfdWr84SMBU2cUUUk6GdWZLq5JBMW2EePHb1UvX7b,G3pi7rdWYy2U6TtiEbSwh8mHwXn5LpX64h1whupDpump,1.958e-06,-2.42,-0.8947368421052632,17.12,2168.76,h1
2026-08-23T13:45:00+00:00,TRILLY/SOL,Trilly The Cat,solana,pumpswap,4FR5TeLnfex94nX83RLraWBwNidxx1oTe1egkNQGLGAo,FraL7qvcGGSy93vs7xRwJPdyu214iCa6CsuV1Pn4pump,2.461e-06,0.18,-1.0,0.23,2727.51,h1
2026-08-23T13:48:00+00:00,CATLIST/SOL,CAT SEASON CLUB,solana,pumpswap,Gyz6RxJfnB3yjP2J2E7HMoNojGQEKZuxEEUjurncQJ1w,BKaXDgZxUSC9njpX89xpQ5USh2pnK1yzZvgk8Mg7pump,0.0008109,-11.21,0.3747217412812268,170672.79,81512.32,h1
2026-08-23T13:48:00+00:00,CATALORIAN/SOL,Elon's Space Cat,solana,pumpswap,FvYok1cEnymtxGPXbLhyMVUBq2iEVGQ18Uj4K7vKoJ5Q,4cvZwC17oMiUA7peKX5GhbaUWv4U5Lwrd8118xnFpump,0.00332,88.49,0.1869930580928023,517474.47,154985.37,h1
2026-08-23T13:48:00+00:00,PEPARK/SOL,PEPE Parker,solana,pumpswap,HCAZia1gVGy1hrfWR2FyLAXZFzC1REfDcPwC2MHao5rm,6x4G1SqbPTWkqmZ4VAWVgoZ1jmA7TqJUSHnKyqsHpump,9.411e-05,1.77,0.5,111.55,36416.91,h1
2026-08-23T13:48:00+00:00,Dinger/SOL,Schrödinger,solana,pumpswap,FvsZohWNdVpSDQk4gCyU9YrkLRsfeEpSmzVUSQsjDaxG,7fmHqRpJLgpVsJFTvrv24CEjkz9c4o5uVX4Zdur1hz35,0.0003196,-4.31,0.152258064516129,79666.19,49925.28,h1
2026-08-23T13:48:00+00:00,WINNING/SOL,Trump's Winning Coin,solana,pumpswap,DieqtfWVvUtMRoXAeRjJw51JG8gWouxugQca82tiJZpC,FW6R4QQeP4fzqRwDHbBkpjHx3ecvYwhd5g7chKg8pump,0.0009851,10.66,0.2705882352941176,105361.32,91099.37,h1
2026-08-23T13:48:00+00:00,PATE/SOL,Pepe Cate Coin,solana,pumpswap,7WRrvCugP1krT6aq9DQwWbeD92V5LaFm5YkSuof7LpKq,24EX9CQqEpR9mNUDTjkooKqRTf2pkY2mgbDqwNDwpump,0.000204,-21.97,0.0739549839228295,13778.53,38453.31,h1
2026-08-23T13:48:00+00:00,CYBERCAT/SOL,Cybercat,solana,pumpswap,6iZLyDGGUEsBMKU9cLaxmxcguL99F6dhSRVcCUysBBTt,9HHTQ7YMx82E987cNqF9KczyZrfKgqvKNyA2yHSVpump,0.0001644,266.0,0.2024965325936199,194523.55,32094.56,h1
2026-08-23T13:48:00+00:00,BABYCATE/SOL,Baby Catecoin,solana,pumpswap,FYNWkGx9f1PLtdtvVw3bnty5bDbGKZ3UirJMcU25VX7c,DDVUsN8sDFxbaX6gNBoD44kjZhFETWJnwAn4EX1dpump,0.0001318,-28.19,0.0572916666666666,12987.99,30855.36,h1
2026-08-23T13:48:00+00:00,Truth Coin/SOL,Truth Coin,solana,pumpswap,69Y7ZzJdrEqWXSA3qAfmoqxf4EBEDbMRwcnx6r1yjfBi,BaBeW6hdxDSenERN6JcxLY9v27YnZqaAQYWuscUjpump,2.121e-05,-24.2,0.1234567901234567,3446.62,12912.88,h1
2026-08-23T13:48:00+00:00,LongCat/SOL,NOBIKO,solana,pumpfun,6CJnZnEPwhydv9AzmaT6LELsoHBr2UwAsTfvxbu2qocH,298ks6B8Lstp1sTrjhAUQRqDpyWCyYc4XJY8eB2Upump,2.789e-05,285.0,0.3249607535321821,21371.25,0.0,h1
2026-08-23T13:48:00+00:00,PURPE/SOL,Purple Pepe,solana,raydium,CpoYFgaNA6MJRuJSGeXu9mPdghmtwd5RvYesgej4Zofj,HBoNJ5v8g71s2boRivrHnfSB5MVPLDHHyVjruPfhGkvL,1.673e-05,1.14,0.1475409836065573,4189.19,495491.87,h1
2026-08-23T13:48:00+00:00,CIACAT/SOL,Acoustic Kitty,solana,pumpswap,H8itp7iJ6q7xLtLB9rZej69fskpYk9dMuQmYwZbidXRX,CUz3n2VjRArmj8LYTq42Vie5LjnfyXkvfLb75ARBpump,3.956e-06,-8.38,0.0,446.14,3564.27,h1
2026-08-23T13:48:00+00:00,CHUMP/WETH,Chump Coin,robinhood,uniswap,0x714442e9A611f8561A7dF108D6d925132937cFb8,0x0E0d2C89a5a019FE1cF762e5e33187631DACC21B,0.007024,-9.21,-0.3703703703703703,19609.3,281245.35,h1
2026-08-23T13:48:00+00:00,BADBITCH/SOL,BADBITCH,solana,raydium,5hxWRuJE2njhshbANzES7qBB14uBdB8wxtxTbdxmLQcH,DXegC3FPpjBmXpKTt8d8z81u1UREha44BsD1jUFCpump,1.37e-05,0.0,0.0,0.0,0.76,h1
2026-08-23T13:48:00+00:00,LUCKY/SOL,Lucky Cat,solana,pumpswap,ALzpihJVdbdhgUQY91jrTBf53fn8yAhP9dBgdyY6NYem,3uZpCyWBrCyvL4BMVgtgtxiPJm73fzxTegxrwUu8pump,5.396e-05,-3.68,-0.0909090909090909,461.34,18035.69,h1
2026-08-23T13:48:00+00:00,SEMI/MU,semivault.xyz,robinhood,uniswap,0xe35635d91eccd183aa5925c7a26bdaedef1fa07e312742689cc39afd8f04e121,0x5F038759F6DE38fD3A85C0440daff1240238BaC8,0.01945,-3.24,-0.4545454545454545,922.91,107375.46,h1
2026-08-23T13:48:00+00:00,GLITCH/SOL,SolGlitch,solana,pumpswap,FqCRPPpVQibVDNv4hq1dhvgtDj3MVAEPDhiD4EvB1v1x,GVqEasmDypXNM3LFYXY4h8uXaE8ivoZnS9AJCZyXpump,6.83e-05,-2.55,-0.5058823529411764,926.74,19993.59,h1
2026-08-23T13:48:00+00:00,黃阿瑪/SOL,黃阿瑪,solana,pumpswap,CMXMfdWr84SMBU2cUUUk6GdWZLq5JBMW2EePHb1UvX7b,G3pi7rdWYy2U6TtiEbSwh8mHwXn5LpX64h1whupDpump,1.962e-06,-0.84,-0.8823529411764706,17.51,2173.56,h1
2026-08-23T13:48:00+00:00,MCGA/SOL,Make Cat Great Again,solana,pumpswap,HpEY6dn2nNnSFMZdyXVeEPBWYcf5DNAxRTiTha2XuSE5,2LkYkeDcGRZ19j5EQbbHvrjk2XFBeGjPUbXy2D5Cpump,2.68e-06,-0.62,-1.0,0.02,3045.5,h1
2026-08-23T13:48:00+00:00,TRILLY/SOL,Trilly The Cat,solana,pumpswap,4FR5TeLnfex94nX83RLraWBwNidxx1oTe1egkNQGLGAo,FraL7qvcGGSy93vs7xRwJPdyu214iCa6CsuV1Pn4pump,2.461e-06,0.18,-1.0,0.23,2727.51,h1
2026-08-23T13:52:00+00:00,CATALORIAN/SOL,Elon's Space Cat,solana,pumpswap,FvYok1cEnymtxGPXbLhyMVUBq2iEVGQ18Uj4K7vKoJ5Q,4cvZwC17oMiUA7peKX5GhbaUWv4U5Lwrd8118xnFpump,0.003886,86.95,0.192529759783306,536471.46,167878.67,h1
2026-08-23T13:52:00+00:00,CATLIST/SOL,CAT SEASON CLUB,solana,pumpswap,Gyz6RxJfnB3yjP2J2E7HMoNojGQEKZuxEEUjurncQJ1w,BKaXDgZxUSC9njpX89xpQ5USh2pnK1yzZvgk8Mg7pump,0.0008836,-0.67,0.3748162665360117,167785.24,85152.54,h1
2026-08-23T13:52:00+00:00,LongCat/SOL,NOBIKO,solana,pumpfun,6CJnZnEPwhydv9AzmaT6LELsoHBr2UwAsTfvxbu2qocH,298ks6B8Lstp1sTrjhAUQRqDpyWCyYc4XJY8eB2Upump,2.895e-05,203.0,0.2939393939393939,19676.31,0.0,h1
2026-08-23T13:52:00+00:00,Dinger/SOL,Schrödinger,solana,pumpswap,FvsZohWNdVpSDQk4gCyU9YrkLRsfeEpSmzVUSQsjDaxG,7fmHqRpJLgpVsJFTvrv24CEjkz9c4o5uVX4Zdur1hz35,0.0002969,-6.82,0.1455399061032863,78348.34,48041.97,h1
2026-08-23T13:52:00+00:00,PEPARK/SOL,PEPE Parker,solana,pumpswap,HCAZia1gVGy1hrfWR2FyLAXZFzC1REfDcPwC2MHao5rm,6x4G1SqbPTWkqmZ4VAWVgoZ1jmA7TqJUSHnKyqsHpump,9.411e-05,-0.09,0.3333333333333333,110.57,36416.91,h1
2026-08-23T13:52:00+00:00,WINNING/SOL,Trump's Winning Coin,solana,pumpswap,DieqtfWVvUtMRoXAeRjJw51JG8gWouxugQca82tiJZpC,FW6R4QQeP4fzqRwDHbBkpjHx3ecvYwhd5g7chKg8pump,0.0009982,14.68,0.2659879926912033,103062.1,91673.78,h1
2026-08-23T13:52:00+00:00,BABYCATE/SOL,Baby Catecoin,solana,pumpswap,FYNWkGx9f1PLtdtvVw3bnty5bDbGKZ3UirJMcU25VX7c,DDVUsN8sDFxbaX6gNBoD44kjZhFETWJnwAn4EX1dpump,0.0001275,-30.32,0.0459183673469387,13389.66,30320.73,h1
2026-08-23T13:52:00+00:00,PATE/SOL,Pepe Cate Coin,solana,pumpswap,7WRrvCugP1krT6aq9DQwWbeD92V5LaFm5YkSuof7LpKq,24EX9CQqEpR9mNUDTjkooKqRTf2pkY2mgbDqwNDwpump,0.0002454,-2.52,0.06875,16549.76,42353.45,h1
2026-08-23T13:52:00+00:00,Truth Coin/SOL,Truth Coin,solana,pumpswap,69Y7ZzJdrEqWXSA3qAfmoqxf4EBEDbMRwcnx6r1yjfBi,BaBeW6hdxDSenERN6JcxLY9v27YnZqaAQYWuscUjpump,2.082e-05,-25.19,0.1097560975609756,3482.01,12794.51,h1
2026-08-23T13:52:00+00:00,PURPE/SOL,Purple Pepe,solana,raydium,CpoYFgaNA6MJRuJSGeXu9mPdghmtwd5RvYesgej4Zofj,HBoNJ5v8g71s2boRivrHnfSB5MVPLDHHyVjruPfhGkvL,1.677e-05,1.46,0.1666666666666666,4089.17,496652.46,h1
2026-08-23T13:52:00+00:00,CHUMP/WETH,Chump Coin,robinhood,uniswap,0x714442e9A611f8561A7dF108D6d925132937cFb8,0x0E0d2C89a5a019FE1cF762e5e33187631DACC21B,0.007052,-6.79,-0.2452830188679245,18367.52,281605.8,h1
2026-08-23T13:52:00+00:00,LUCKY/SOL,Lucky Cat,solana,pumpswap,ALzpihJVdbdhgUQY91jrTBf53fn8yAhP9dBgdyY6NYem,3uZpCyWBrCyvL4BMVgtgtxiPJm73fzxTegxrwUu8pump,5.437e-05,-2.95,0.0,509.91,18127.01,h1
2026-08-23T13:52:00+00:00,BADBITCH/SOL,BADBITCH,solana,raydium,5hxWRuJE2njhshbANzES7qBB14uBdB8wxtxTbdxmLQcH,DXegC3FPpjBmXpKTt8d8z81u1UREha44BsD1jUFCpump,1.37e-05,0.0,0.0,0.0,0.76,h1
2026-08-23T13:52:00+00:00,CIACAT/SOL,Acoustic Kitty,solana,pumpswap,H8itp7iJ6q7xLtLB9rZej69fskpYk9dMuQmYwZbidXRX,CUz3n2VjRArmj8LYTq42Vie5LjnfyXkvfLb75ARBpump,3.956e-06,-3.86,-0.0526315789473684,339.75,3564.27,h1
2026-08-23T13:52:00+00:00,CYBERCAT/SOL,Cybercat,solana,pumpswap,6iZLyDGGUEsBMKU9cLaxmxcguL99F6dhSRVcCUysBBTt,9HHTQ7YMx82E987cNqF9KczyZrfKgqvKNyA2yHSVpump,0.0002116,371.0,0.2042058660763696,231370.75,36699.91,h1
2026-08-23T13:52:00+00:00,SEMI/MU,semivault.xyz,robinhood,uniswap,0xe35635d91eccd183aa5925c7a26bdaedef1fa07e312742689cc39afd8f04e121,0x5F038759F6DE38fD3A85C0440daff1240238BaC8,0.01945,-3.21,-0.4,913.15,107375.46,h1
2026-08-23T13:52:00+00:00,GLITCH/SOL,SolGlitch,solana,pumpswap,FqCRPPpVQibVDNv4hq1dhvgtDj3MVAEPDhiD4EvB1v1x,GVqEasmDypXNM3LFYXY4h8uXaE8ivoZnS9AJCZyXpump,6.867e-05,1.13,-0.4285714285714285,1041.33,20049.71,h1
2026-08-23T13:52:00+00:00,黃阿瑪/SOL,黃阿瑪,solana,pumpswap,CMXMfdWr84SMBU2cUUUk6GdWZLq5JBMW2EePHb1UvX7b,G3pi7rdWYy2U6TtiEbSwh8mHwXn5LpX64h1whupDpump,1.962e-06,-0.74,-0.8571428571428571,17.25,2173.56,h1
2026-08-23T13:52:00+00:00,MCGA/SOL,Make Cat Great Again,solana,pumpswap,HpEY6dn2nNnSFMZdyXVeEPBWYcf5DNAxRTiTha2XuSE5,2LkYkeDcGRZ19j5EQbbHvrjk2XFBeGjPUbXy2D5Cpump,2.68e-06,-0.62,-1.0,0.02,3045.5,h1
2026-08-23T13:52:00+00:00,TRILLY/SOL,Trilly The Cat,solana,pumpswap,4FR5TeLnfex94nX83RLraWBwNidxx1oTe1egkNQGLGAo,FraL7qvcGGSy93vs7xRwJPdyu214iCa6CsuV1Pn4pump,2.461e-06,0.18,-1.0,0.23,2727.51,h1
2026-09-01T15:11:00+00:00,BANKLESS/ETH,Bankless Coin,robinhood,uniswap,0x5e8c57266bc8b866e6287e05d7b0e96e035b941c72a0d4c427c78096d9771075,0x5e8907A3F45D7B30BE6AddbAb0312E46e5061614,0.0001234,-30.58,-0.0307692307692307,12994.16,32109.42,h1
2026-09-01T15:11:00+00:00,GASSPAS/SOL,GASSPAS,solana,pumpswap,44FFDFYFCLKAsjxdPVqHBKbSo2e2CBU2SJfhZVqynPEk,GCr352ouzNZkNQd3KZqs6jFuQb8LiYnWsEJSUpSfpump,0.001118,-5.97,-0.0355329949238578,28068.5,108908.16,h1
2026-09-01T15:11:00+00:00,FUKYEAH/SOL,DONALD DUCK,solana,pumpfun,5L5VKTAFUBowPsBC5QWEqF1rhrq4okKYkSUvmxLY9G7D,DUcjrSmisJATtaQY3K7LvKmCr357uWkjoSGRFnNEpump,4.156e-05,4.98,0.4,1507.33,0.0,h1
2026-09-01T15:11:00+00:00,BOXED/ETH,Boxed Cat,robinhood,uniswap,0x5fe366e09ea10d84dd642731be7e15faeee3c2aabec705ad7999a7e2d13de5bb,0x76af8d3B40A0d7b5197935D0e84C14f7A3782e87,0.0005515,-8.46,-0.072463768115942,5988.29,67877.19,h1
2026-09-01T15:11:00+00:00,ODYSSEUS/ETH,KEKIUS ODYSSEUS,robinhood,uniswap,0x2c7007c7abf0e5fd932cf42912d261e714d74955deeadf2670a540ed2aad45ac,0x296293317f67DA4f333968BB86928681e26B77fA,0.0001294,3.65,0.2533333333333333,9365.56,32878.04,h1
2026-09-01T15:11:00+00:00,CHILLAPE/SOL,CHILLAPE,solana,pumpswap,Db4QLY2j3mqzsmBAJgzhrvANhmakQ94tAbmaTXm8Qr4N,9TyMG9GkQncEqH3mvTwphkcTYSXtJYHGuCUrXsKcpump,6.235e-06,-3.01,0.2,42.04,5128.4,h1
2026-09-01T15:11:00+00:00,CHOMP/SOL,Hungry Chomp,solana,pumpswap,4xvyuFpNFAq8ZrYGStKEN9t8zfNc5vmDW17WCcLY76jU,9AXxGepWb5oHUTM7kzKLHhah561XFh96SpR7vdtspump,6.893e-05,-4.63,-0.0389610389610389,1065.54,20869.31,h1
2026-09-01T15:11:00+00:00,CHUMP/WETH,Chump Coin,robinhood,uniswap,0x714442e9A611f8561A7dF108D6d925132937cFb8,0x0E0d2C89a5a019FE1cF762e5e33187631DACC21B,0.03104,-0.68,-0.106029106029106,124666.62,699717.18,h1
2026-09-01T15:11:00+00:00,TOESCOIN/SOL,TOES,solana,pumpswap,EE3zk9Fxp9guair2xeReFxf4TsEXeZFFuWETRna2PkcV,6ehEcTMCc85aNF4x9CWx8HuvWGhxQtvKdhKVf2HDpump,0.006345,-1.69,0.0,2400.15,385636.28,h1
2026-09-01T15:11:00+00:00,Rabbit/WETH,Quantum White Fiber Rabbit,robinhood,uniswap,0x0c65B17e3dd8d04B24503630a333c73D51A29678,0xA7EA2d66cABE01a0fD8C7604055B8a4f67859799,0.0001772,0.0,0.0,0.0,50645.91,h1
2026-09-01T15:11:00+00:00,OnlyApes/SOL,OnlyApes,solana,pumpswap,9tRhYxaMru2XpWZWD9nbrZ7rQwZUeXpzzBkRcn7U2Jxp,FwRnCYwsfu8qDHh5v3dUq6Sf1pP4cV9GeoHSZE12pump,2.191e-06,0.0,0.0,0.0,2323.98,h1
2026-09-01T15:11:00+00:00,KATANA/ETH,Katana,robinhood,uniswap,0xcedfb1a20f20b3c1d274c9e83fdbf626f50f358adefe2e7a8c0a47e46023168a,0x48760f0658160161c2A1816bA3C3a3e4dF0FE152,3.786e-05,-11.29,-0.4545454545454545,639.11,17784.5,h1
2026-09-01T15:11:00+00:00,catfish/SOL,Catfish,solana,pumpswap,BD2381TaQhPFjzn1t6NDqb6KJYY9nmosFXFCdE4XbbEW,DnQu6xQd9zzW5dWpKppjNTRcTYFS6JDpK5xLXEZypump,0.0001197,20.69,0.3393258426966292,16382.69,28990.63,h1
2026-09-01T15:11:00+00:00,DONK/SOL,GOOFYDONK,solana,pumpswap,6JBie8Bk57RaL9fnwvLy8bmHhN179gxDUfdEyFRDMH1d,7WJ3ksZauPhEQJjcWbopPY5SrtRhSSHKR973fRR3pump,2.967e-06,-0.32,-0.2,1.48,3268.23,h1
2026-09-01T15:11:00+00:00,Syndicate/SOL,Syndicate,solana,pumpswap,3ZMNoxKjdybeyfKWnK8esKQGw42MCsBkMTzrfzzTyhbX,3C6nz382qU71aDiEvk5xsmJrzd5Ey6iNXdpTgrjVpump,1.45e-05,-4.87,-0.4047619047619047,819.93,9867.13,h1
2026-09-01T15:11:00+00:00,GPRO/WETH,GoPro Inc,robinhood,uniswap,0x7c5e018674151fC1C12fA391AC01C4D2EAFcaD4B,0x960a8eB609257485e868766514118BDCE06b6b02,0.004965,20.11,0.3365384615384615,257688.18,262282.08,h1
2026-09-01T15:11:00+00:00,PLXMS/ETH,Italian Plums,robinhood,uniswap,0x8048977defec569a82167259eb9aec3bc2f83d5e97a1783c60ddabfbda2a65bc,0xf21c6Bf40f08C55b63fDeC0FC02a214c3e4A64Ed,3.775e-06,-0.46,-0.3333333333333333,20.38,5636.35,h1
2026-09-01T15:11:00+00:00,$HACHI/SOL,Hachiko,solana,meteora,DqAfrGV2GBxpGRsq6Xk1z9ojRncqgLeeVPaKg5bCc24Z,x95HN3DWvbfCBtTjGm587z8suK3ec6cwQwgZNLbWKyp,2.59e-09,15.85,-0.464,11006.03,82425.46,h1
2026-09-01T15:11:00+00:00,NICKGPRO/SOL,NICK GPRO,solana,pumpswap,CztvdCZgL4zeY8BbbupUi2FQf3zLG3U7dR6p5m9TXaAE,91X4ErT2VPRbK6SHsEBQ8J1T25twwFeTJhrHxJv7pump,2.789e-06,-0.12,-1.0,0.02,3055.07,h1
2026-09-01T15:11:00+00:00,Ape-1/SOL,Ape-1,solana,pumpswap,4NVqSnpDZ1U28sPZrFZDKYNBs5WJucDjSr9AfCE7ezj4,AUFk4hnNFTxkJ6DWbYB6ZkL7urYcRFzHdKxeUTpxpump,2.136e-06,0.17,-1.0,0.91,2380.96,h1
2026-09-01T15:14:00+00:00,BANKLESS/ETH,Bankless Coin,robinhood,uniswap,0x5e8c57266bc8b866e6287e05d7b0e96e035b941c72a0d4c427c78096d9771075,0x5e8907A3F45D7B30BE6AddbAb0312E46e5061614,0.0001301,-27.24,0.0071942446043165,14875.19,32984.79,h1
2026-09-01T15:14:00+00:00,FUKYEAH/SOL,DONALD DUCK,solana,pumpfun,5L5VKTAFUBowPsBC5QWEqF1rhrq4okKYkSUvmxLY9G7D,DUcjrSmisJATtaQY3K7LvKmCr357uWkjoSGRFnNEpump,4.145e-05,4.65,0.40625,1522.42,0.0,h1
2026-09-01T15:14:00+00:00,GASSPAS/SOL,GASSPAS,solana,pumpswap,44FFDFYFCLKAsjxdPVqHBKbSo2e2CBU2SJfhZVqynPEk,GCr352ouzNZkNQd3KZqs6jFuQb8LiYnWsEJSUpSfpump,0.001123,-7.01,-0.0456852791878172,27816.74,109151.93,h1
2026-09-01T15:14:00+00:00,CHILLAPE/SOL,CHILLAPE,solana,pumpswap,Db4QLY2j3mqzsmBAJgzhrvANhmakQ94tAbmaTXm8Qr4N,9TyMG9GkQncEqH3mvTwphkcTYSXtJYHGuCUrXsKcpump,6.235e-06,-3.01,0.2,42.04,5128.4,h1
2026-09-01T15:14:00+00:00,BOXED/ETH,Boxed Cat,robinhood,uniswap,0x5fe366e09ea10d84dd642731be7e15faeee3c2aabec705ad7999a7e2d13de5bb,0x76af8d3B40A0d7b5197935D0e84C14f7A3782e87,0.0005822,-2.87,-0.0555555555555555,7201.07,69746.12,h1
2026-09-01T15:14:00+00:00,KATANA/ETH,Katana,robinhood,uniswap,0xcedfb1a20f20b3c1d274c9e83fdbf626f50f358adefe2e7a8c0a47e46023168a,0x48760f0658160161c2A1816bA3C3a3e4dF0FE152,3.445e-05,-19.27,-0.4285714285714285,1099.02,16969.28,h1
2026-09-01T15:14:00+00:00,CHOMP/SOL,Hungry Chomp,solana,pumpswap,4xvyuFpNFAq8ZrYGStKEN9t8zfNc5vmDW17WCcLY76jU,9AXxGepWb5oHUTM7kzKLHhah561XFh96SpR7vdtspump,6.809e-05,-5.15,0.0129870129870129,1045.27,20728.64,h1
2026-09-01T15:14:00+00:00,catfish/SOL,Catfish,solana,pumpswap,BD2381TaQhPFjzn1t6NDqb6KJYY9nmosFXFCdE4XbbEW,DnQu6xQd9zzW5dWpKppjNTRcTYFS6JDpK5xLXEZypump,0.0001189,13.73,0.3393258426966292,15886.73,28878.15,h1
2026-09-01T15:14:00+00:00,ODYSSEUS/ETH,KEKIUS ODYSSEUS,robinhood,uniswap,0x2c7007c7abf0e5fd932cf42912d261e714d74955deeadf2670a540ed2aad45ac,0x296293317f67DA4f333968BB86928681e26B77fA,0.0001325,13.98,0.352112676056338,9002.6,33274.71,h1
2026-09-01T15:14:00+00:00,TOESCOIN/SOL,TOES,solana,pumpswap,EE3zk9Fxp9guair2xeReFxf4TsEXeZFFuWETRna2PkcV,6ehEcTMCc85aNF4x9CWx8HuvWGhxQtvKdhKVf2HDpump,0.006347,-1.65,0.0714285714285714,2432.64,385700.15,h1
2026-09-01T15:14:00+00:00,CHUMP/WETH,Chump Coin,robinhood,uniswap,0x714442e9A611f8561A7dF108D6d925132937cFb8,0x0E0d2C89a5a019FE1cF762e5e33187631DACC21B,0.03103,-0.14,-0.0901639344262295,124703.11,700117.12,h1
2026-09-01T15:14:00+00:00,Rabbit/WETH,Quantum White Fiber Rabbit,robinhood,uniswap,0x0c65B17e3dd8d04B24503630a333c73D51A29678,0xA7EA2d66cABE01a0fD8C7604055B8a4f67859799,0.0001772,0.0,0.0,0.0,50645.91,h1
2026-09-01T15:14:00+00:00,Syndicate/SOL,Syndicate,solana,pumpswap,3ZMNoxKjdybeyfKWnK8esKQGw42MCsBkMTzrfzzTyhbX,3C6nz382qU71aDiEvk5xsmJrzd5Ey6iNXdpTgrjVpump,1.439e-05,-10.57,-0.45,712.23,9820.23,h1
2026-09-01T15:14:00+00:00,DONK/SOL,GOOFYDONK,solana,pumpswap,6JBie8Bk57RaL9fnwvLy8bmHhN179gxDUfdEyFRDMH1d,7WJ3ksZauPhEQJjcWbopPY5SrtRhSSHKR973fRR3pump,2.967e-06,-0.32,-0.2,1.48,3268.23,h1
2026-09-01T15:14:00+00:00,PLXMS/ETH,Italian Plums,robinhood,uniswap,0x8048977defec569a82167259eb9aec3bc2f83d5e97a1783c60ddabfbda2a65bc,0xf21c6Bf40f08C55b63fDeC0FC02a214c3e4A64Ed,3.775e-06,-0.46,-0.3333333333333333,20.38,5636.35,h1
2026-09-01T15:14:00+00:00,084BEAR/SOL,084BEAR,solana,pumpswap,79TnQYELT9np1iUuueYU5rmuiBwHLX5TJCn3x3dAan5a,4eXGQJMBZp656x9eqerEc1hepSoe27zvuXBtNuqjpump,2.676e-06,-0.65,-0.5,14.41,2777.98,h1
2026-09-01T15:14:00+00:00,$HACHI/SOL,Hachiko,solana,meteora,DqAfrGV2GBxpGRsq6Xk1z9ojRncqgLeeVPaKg5bCc24Z,x95HN3DWvbfCBtTjGm587z8suK3ec6cwQwgZNLbWKyp,2.607e-09,15.67,-0.4904942965779467,12225.12,82714.12,h1
2026-09-01T15:14:00+00:00,GPRO/WETH,GoPro Inc,robinhood,uniswap,0x7c5e018674151fC1C12fA391AC01C4D2EAFcaD4B,0x960a8eB609257485e868766514118BDCE06b6b02,0.005088,33.44,0.3658536585365853,254458.8,265609.91,h1
2026-09-01T15:14:00+00:00,NICKGPRO/SOL,NICK GPRO,solana,pumpswap,CztvdCZgL4zeY8BbbupUi2FQf3zLG3U7dR6p5m9TXaAE,91X4ErT2VPRbK6SHsEBQ8J1T25twwFeTJhrHxJv7pump,2.789e-06,-0.52,-1.0,0.01,3055.07,h1
2026-09-01T15:14:00+00:00,Ape-1/SOL,Ape-1,solana,pumpswap,4NVqSnpDZ1U28sPZrFZDKYNBs5WJucDjSr9AfCE7ezj4,AUFk4hnNFTxkJ6DWbYB6ZkL7urYcRFzHdKxeUTpxpump,2.136e-06,0.17,-1.0,0.91,2380.96,h1
2026-09-01T15:22:00+00:00,BANKLESS/ETH,Bankless Coin,robinhood,uniswap,0x5e8c57266bc8b866e6287e05d7b0e96e035b941c72a0d4c427c78096d9771075,0x5e8907A3F45D7B30BE6AddbAb0312E46e5061614,0.0001423,-11.1,0.0758620689655172,16244.82,34497.6,h1
2026-09-01T15:22:00+00:00,FUKYEAH/SOL,DONALD DUCK,solana,pumpfun,5L5VKTAFUBowPsBC5QWEqF1rhrq4okKYkSUvmxLY9G7D,DUcjrSmisJATtaQY3K7LvKmCr357uWkjoSGRFnNEpump,4.165e-05,2.0,0.4626865671641791,1373.47,0.0,h1
2026-09-01T15:22:00+00:00,CHILLAPE/SOL,CHILLAPE,solana,pumpswap,Db4QLY2j3mqzsmBAJgzhrvANhmakQ94tAbmaTXm8Qr4N,9TyMG9GkQncEqH3mvTwphkcTYSXtJYHGuCUrXsKcpump,6.235e-06,-3.01,0.2,42.04,5128.4,h1
2026-09-01T15:22:00+00:00,catfish/SOL,Catfish,solana,pumpswap,BD2381TaQhPFjzn1t6NDqb6KJYY9nmosFXFCdE4XbbEW,DnQu6xQd9zzW5dWpKppjNTRcTYFS6JDpK5xLXEZypump,0.0001205,7.98,0.3348115299334812,15996.9,29135.0,h1
2026-09-01T15:22:00+00:00,GASSPAS/SOL,GASSPAS,solana,pumpswap,44FFDFYFCLKAsjxdPVqHBKbSo2e2CBU2SJfhZVqynPEk,GCr352ouzNZkNQd3KZqs6jFuQb8LiYnWsEJSUpSfpump,0.001218,-0.55,-0.0649350649350649,30930.98,113912.9,h1
2026-09-01T15:22:00+00:00,KATANA/ETH,Katana,robinhood,uniswap,0xcedfb1a20f20b3c1d274c9e83fdbf626f50f358adefe2e7a8c0a47e46023168a,0x48760f0658160161c2A1816bA3C3a3e4dF0FE152,3.724e-05,-12.9,-0.3333333333333333,1467.16,17640.88,h1
2026-09-01T15:22:00+00:00,TOESCOIN/SOL,TOES,solana,pumpswap,EE3zk9Fxp9guair2xeReFxf4TsEXeZFFuWETRna2PkcV,6ehEcTMCc85aNF4x9CWx8HuvWGhxQtvKdhKVf2HDpump,0.006315,-2.5,0.0967741935483871,2436.57,385044.79,h1
2026-09-01T15:22:00+00:00,CHUMP/WETH,Chump Coin,robinhood,uniswap,0x714442e9A611f8561A7dF108D6d925132937cFb8,0x0E0d2C89a5a019FE1cF762e5e33187631DACC21B,0.03118,0.57,-0.056,129008.6,706267.52,h1
2026-09-01T15:22:00+00:00,CHOMP/SOL,Hungry Chomp,solana,pumpswap,4xvyuFpNFAq8ZrYGStKEN9t8zfNc5vmDW17WCcLY76jU,9AXxGepWb5oHUTM7kzKLHhah561XFh96SpR7vdtspump,6.996e-05,1.16,0.1176470588235294,935.89,21063.28,h1
2026-09-01T15:22:00+00:00,Rabbit/WETH,Quantum White Fiber Rabbit,robinhood,uniswap,0x0c65B17e3dd8d04B24503630a333c73D51A29678,0xA7EA2d66cABE01a0fD8C7604055B8a4f67859799,0.0001772,0.0,0.0,0.0,50645.91,h1
2026-09-01T15:22:00+00:00,BOXED/ETH,Boxed Cat,robinhood,uniswap,0x5fe366e09ea10d84dd642731be7e15faeee3c2aabec705ad7999a7e2d13de5bb,0x76af8d3B40A0d7b5197935D0e84C14f7A3782e87,0.0006254,7.06,0.0285714285714285,8716.7,72305.3,h1
2026-09-01T15:22:00+00:00,PLXMS/ETH,Italian Plums,robinhood,uniswap,0x8048977defec569a82167259eb9aec3bc2f83d5e97a1783c60ddabfbda2a65bc,0xf21c6Bf40f08C55b63fDeC0FC02a214c3e4A64Ed,3.803e-06,0.27,0.0,39.78,5638.77,h1
2026-09-01T15:22:00+00:00,Syndicate/SOL,Syndicate,solana,pumpswap,3ZMNoxKjdybeyfKWnK8esKQGw42MCsBkMTzrfzzTyhbX,3C6nz382qU71aDiEvk5xsmJrzd5Ey6iNXdpTgrjVpump,1.457e-05,-10.56,-0.4647887323943662,688.37,9900.75,h1
2026-09-01T15:22:00+00:00,ODYSSEUS/ETH,KEKIUS ODYSSEUS,robinhood,uniswap,0x2c7007c7abf0e5fd932cf42912d261e714d74955deeadf2670a540ed2aad45ac,0x296293317f67DA4f333968BB86928681e26B77fA,0.0001384,20.06,0.3012048192771084,9985.77,34027.29,h1
2026-09-01T15:22:00+00:00,DONK/SOL,GOOFYDONK,solana,pumpswap,6JBie8Bk57RaL9fnwvLy8bmHhN179gxDUfdEyFRDMH1d,7WJ3ksZauPhEQJjcWbopPY5SrtRhSSHKR973fRR3pump,2.94e-06,-1.21,-0.3333333333333333,2.11,3239.14,h1
2026-09-01T15:22:00+00:00,084BEAR/SOL,084BEAR,solana,pumpswap,79TnQYELT9np1iUuueYU5rmuiBwHLX5TJCn3x3dAan5a,4eXGQJMBZp656x9eqerEc1hepSoe27zvuXBtNuqjpump,2.619e-06,-2.77,-0.6666666666666666,24.24,2723.96,h1
2026-09-01T15:22:00+00:00,GPRO/WETH,GoPro Inc,robinhood,uniswap,0x7c5e018674151fC1C12fA391AC01C4D2EAFcaD4B,0x960a8eB609257485e868766514118BDCE06b6b02,0.005511,27.98,0.3725490196078431,263390.07,276650.3,h1
2026-09-01T15:22:00+00:00,$HACHI/SOL,Hachiko,solana,meteora,DqAfrGV2GBxpGRsq6Xk1z9ojRncqgLeeVPaKg5bCc24Z,x95HN3DWvbfCBtTjGm587z8suK3ec6cwQwgZNLbWKyp,2.696e-09,19.22,-0.5046439628482973,15063.17,84214.02,h1
2026-09-01T15:22:00+00:00,NICKGPRO/SOL,NICK GPRO,solana,pumpswap,CztvdCZgL4zeY8BbbupUi2FQf3zLG3U7dR6p5m9TXaAE,91X4ErT2VPRbK6SHsEBQ8J1T25twwFeTJhrHxJv7pump,2.789e-06,-0.6,-1.0,0.0,3055.07,h1
2026-09-01T15:22:00+00:00,Ape-1/SOL,Ape-1,solana,pumpswap,4NVqSnpDZ1U28sPZrFZDKYNBs5WJucDjSr9AfCE7ezj4,AUFk4hnNFTxkJ6DWbYB6ZkL7urYcRFzHdKxeUTpxpump,2.136e-06,-0.2,-1.0,0.01,2380.96,h1
2026-09-01T15:23:00+00:00,BANKLESS/ETH,Bankless Coin,robinhood,uniswap,0x5e8c57266bc8b866e6287e05d7b0e96e035b941c72a0d4c427c78096d9771075,0x5e8907A3F45D7B30BE6AddbAb0312E46e5061614,0.0001423,-11.1,0.0758620689655172,16244.82,34497.6,h1
2026-09-01T15:23:00+00:00,FUKYEAH/SOL,DONALD DUCK,solana,pumpfun,5L5VKTAFUBowPsBC5QWEqF1rhrq4okKYkSUvmxLY9G7D,DUcjrSmisJATtaQY3K7LvKmCr357uWkjoSGRFnNEpump,4.165e-05,2.0,0.4626865671641791,1373.47,0.0,h1
2026-09-01T15:23:00+00:00,CHILLAPE/SOL,CHILLAPE,solana,pumpswap,Db4QLY2j3mqzsmBAJgzhrvANhmakQ94tAbmaTXm8Qr4N,9TyMG9GkQncEqH3mvTwphkcTYSXtJYHGuCUrXsKcpump,6.235e-06,-3.01,0.2,42.04,5128.4,h1
2026-09-01T15:23:00+00:00,catfish/SOL,Catfish,solana,pumpswap,BD2381TaQhPFjzn1t6NDqb6KJYY9nmosFXFCdE4XbbEW,DnQu6xQd9zzW5dWpKppjNTRcTYFS6JDpK5xLXEZypump,0.0001205,7.98,0.3348115299334812,15996.9,29135.0,h1
2026-09-01T15:23:00+00:00,GASSPAS/SOL,GASSPAS,solana,pumpswap,44FFDFYFCLKAsjxdPVqHBKbSo2e2CBU2SJfhZVqynPEk,GCr352ouzNZkNQd3KZqs6jFuQb8LiYnWsEJSUpSfpump,0.001218,-0.55,-0.0649350649350649,30930.98,113912.9,h1
2026-09-01T15:23:00+00:00,KATANA/ETH,Katana,robinhood,uniswap,0xcedfb1a20f20b3c1d274c9e83fdbf626f50f358adefe2e7a8c0a47e46023168a,0x48760f0658160161c2A1816bA3C3a3e4dF0FE152,3.724e-05,-12.9,-0.3333333333333333,1467.16,17640.88,h1
2026-09-01T15:23:00+00:00,TOESCOIN/SOL,TOES,solana,pumpswap,EE3zk9Fxp9guair2xeReFxf4TsEXeZFFuWETRna2PkcV,6ehEcTMCc85aNF4x9CWx8HuvWGhxQtvKdhKVf2HDpump,0.006315,-2.5,0.0967741935483871,2436.57,385044.79,h1
2026-09-01T15:23:00+00:00,CHUMP/WETH,Chump Coin,robinhood,uniswap,0x714442e9A611f8561A7dF108D6d925132937cFb8,0x0E0d2C89a5a019FE1cF762e5e33187631DACC21B,0.03118,0.57,-0.056,129008.6,706267.52,h1
2026-09-01T15:23:00+00:00,CHOMP/SOL,Hungry Chomp,solana,pumpswap,4xvyuFpNFAq8ZrYGStKEN9t8zfNc5vmDW17WCcLY76jU,9AXxGepWb5oHUTM7kzKLHhah561XFh96SpR7vdtspump,6.996e-05,1.16,0.1176470588235294,935.89,21063.28,h1
2026-09-01T15:23:00+00:00,Rabbit/WETH,Quantum White Fiber Rabbit,robinhood,uniswap,0x0c65B17e3dd8d04B24503630a333c73D51A29678,0xA7EA2d66cABE01a0fD8C7604055B8a4f67859799,0.0001772,0.0,0.0,0.0,50645.91,h1
2026-09-01T15:23:00+00:00,BOXED/ETH,Boxed Cat,robinhood,uniswap,0x5fe366e09ea10d84dd642731be7e15faeee3c2aabec705ad7999a7e2d13de5bb,0x76af8d3B40A0d7b5197935D0e84C14f7A3782e87,0.0006254,7.06,0.0285714285714285,8716.7,72305.3,h1
2026-09-01T15:23:00+00:00,PLXMS/ETH,Italian Plums,robinhood,uniswap,0x8048977defec569a82167259eb9aec3bc2f83d5e97a1783c60ddabfbda2a65bc,0xf21c6Bf40f08C55b63fDeC0FC02a214c3e4A64Ed,3.803e-06,0.27,0.0,39.78,5638.77,h1
2026-09-01T15:23:00+00:00,Syndicate/SOL,Syndicate,solana,pumpswap,3ZMNoxKjdybeyfKWnK8esKQGw42MCsBkMTzrfzzTyhbX,3C6nz382qU71aDiEvk5xsmJrzd5Ey6iNXdpTgrjVpump,1.457e-05,-10.56,-0.4647887323943662,688.37,9900.75,h1
2026-09-01T15:23:00+00:00,ODYSSEUS/ETH,KEKIUS ODYSSEUS,robinhood,uniswap,0x2c7007c7abf0e5fd932cf42912d261e714d74955deeadf2670a540ed2aad45ac,0x296293317f67DA4f333968BB86928681e26B77fA,0.0001384,20.06,0.3012048192771084,9985.77,34027.29,h1
2026-09-01T15:23:00+00:00,DONK/SOL,GOOFYDONK,solana,pumpswap,6JBie8Bk57RaL9fnwvLy8bmHhN179gxDUfdEyFRDMH1d,7WJ3ksZauPhEQJjcWbopPY5SrtRhSSHKR973fRR3pump,2.94e-06,-1.21,-0.3333333333333333,2.11,3239.14,h1
2026-09-01T15:23:00+00:00,084BEAR/SOL,084BEAR,solana,pumpswap,79TnQYELT9np1iUuueYU5rmuiBwHLX5TJCn3x3dAan5a,4eXGQJMBZp656x9eqerEc1hepSoe27zvuXBtNuqjpump,2.619e-06,-2.77,-0.6666666666666666,24.24,2723.96,h1
2026-09-01T15:23:00+00:00,GPRO/WETH,GoPro Inc,robinhood,uniswap,0x7c5e018674151fC1C12fA391AC01C4D2EAFcaD4B,0x960a8eB609257485e868766514118BDCE06b6b02,0.005511,27.98,0.3725490196078431,263390.07,276650.3,h1
2026-09-01T15:23:00+00:00,$HACHI/SOL,Hachiko,solana,meteora,DqAfrGV2GBxpGRsq6Xk1z9ojRncqgLeeVPaKg5bCc24Z,x95HN3DWvbfCBtTjGm587z8suK3ec6cwQwgZNLbWKyp,2.696e-09,19.22,-0.5046439628482973,15063.17,84214.02,h1
2026-09-01T15:23:00+00:00,NICKGPRO/SOL,NICK GPRO,solana,pumpswap,CztvdCZgL4zeY8BbbupUi2FQf3zLG3U7dR6p5m9TXaAE,91X4ErT2VPRbK6SHsEBQ8J1T25twwFeTJhrHxJv7pump,2.789e-06,-0.6,-1.0,0.0,3055.07,h1
2026-09-01T15:23:00+00:00,Ape-1/SOL,Ape-1,solana,pumpswap,4NVqSnpDZ1U28sPZrFZDKYNBs5WJucDjSr9AfCE7ezj4,AUFk4hnNFTxkJ6DWbYB6ZkL7urYcRFzHdKxeUTpxpump,2.136e-06,-0.2,-1.0,0.01,2380.96,h1
2026-09-01T15:24:00+00:00,FUKYEAH/SOL,DONALD DUCK,solana,pumpfun,5L5VKTAFUBowPsBC5QWEqF1rhrq4okKYkSUvmxLY9G7D,DUcjrSmisJATtaQY3K7LvKmCr357uWkjoSGRFnNEpump,4.165e-05,4.03,0.53125,1272.15,0.0,h1
2026-09-01T15:24:00+00:00,BANKLESS/ETH,Bankless Coin,robinhood,uniswap,0x5e8c57266bc8b866e6287e05d7b0e96e035b941c72a0d4c427c78096d9771075,0x5e8907A3F45D7B30BE6AddbAb0312E46e5061614,0.0001523,-5.17,0.0980392156862745,17274.93,35710.43,h1
2026-09-01T15:24:00+00:00,CHILLAPE/SOL,CHILLAPE,solana,pumpswap,Db4QLY2j3mqzsmBAJgzhrvANhmakQ94tAbmaTXm8Qr4N,9TyMG9GkQncEqH3mvTwphkcTYSXtJYHGuCUrXsKcpump,6.235e-06,-3.01,0.2,42.04,5128.4,h1
2026-09-01T15:24:00+00:00,GASSPAS/SOL,GASSPAS,solana,pumpswap,44FFDFYFCLKAsjxdPVqHBKbSo2e2CBU2SJfhZVqynPEk,GCr352ouzNZkNQd3KZqs6jFuQb8LiYnWsEJSUpSfpump,0.001228,-0.84,-0.0625,31432.63,114369.91,h1
2026-09-01T15:24:00+00:00,TOESCOIN/SOL,TOES,solana,pumpswap,EE3zk9Fxp9guair2xeReFxf4TsEXeZFFuWETRna2PkcV,6ehEcTMCc85aNF4x9CWx8HuvWGhxQtvKdhKVf2HDpump,0.006364,-1.56,0.1515151515151515,2433.16,386701.93,h1
2026-09-01T15:24:00+00:00,catfish/SOL,Catfish,solana,pumpswap,BD2381TaQhPFjzn1t6NDqb6KJYY9nmosFXFCdE4XbbEW,DnQu6xQd9zzW5dWpKppjNTRcTYFS6JDpK5xLXEZypump,0.0001238,11.25,0.3377483443708609,16209.12,29554.0,h1
2026-09-01T15:24:00+00:00,KATANA/ETH,Katana,robinhood,uniswap,0xcedfb1a20f20b3c1d274c9e83fdbf626f50f358adefe2e7a8c0a47e46023168a,0x48760f0658160161c2A1816bA3C3a3e4dF0FE152,3.724e-05,-12.9,-0.3333333333333333,1467.16,17640.88,h1
2026-09-01T15:24:00+00:00,CHUMP/WETH,Chump Coin,robinhood,uniswap,0x714442e9A611f8561A7dF108D6d925132937cFb8,0x0E0d2C89a5a019FE1cF762e5e33187631DACC21B,0.0312,0.74,-0.037037037037037,131063.85,706037.29,h1
2026-09-01T15:24:00+00:00,CHOMP/SOL,Hungry Chomp,solana,pumpswap,4xvyuFpNFAq8ZrYGStKEN9t8zfNc5vmDW17WCcLY76jU,9AXxGepWb5oHUTM7kzKLHhah561XFh96SpR7vdtspump,6.996e-05,1.16,0.1176470588235294,935.89,21063.28,h1
2026-09-01T15:24:00+00:00,BOXED/ETH,Boxed Cat,robinhood,uniswap,0x5fe366e09ea10d84dd642731be7e15faeee3c2aabec705ad7999a7e2d13de5bb,0x76af8d3B40A0d7b5197935D0e84C14f7A3782e87,0.0006254,8.56,0.0588235294117647,8478.27,72305.3,h1
2026-09-01T15:24:00+00:00,Rabbit/WETH,Quantum White Fiber Rabbit,robinhood,uniswap,0x0c65B17e3dd8d04B24503630a333c73D51A29678,0xA7EA2d66cABE01a0fD8C7604055B8a4f67859799,0.0001772,0.0,0.0,0.0,50645.91,h1
2026-09-01T15:24:00+00:00,PLXMS/ETH,Italian Plums,robinhood,uniswap,0x8048977defec569a82167259eb9aec3bc2f83d5e97a1783c60ddabfbda2a65bc,0xf21c6Bf40f08C55b63fDeC0FC02a214c3e4A64Ed,3.803e-06,0.27,0.0,39.78,5638.77,h1
2026-09-01T15:24:00+00:00,Syndicate/SOL,Syndicate,solana,pumpswap,3ZMNoxKjdybeyfKWnK8esKQGw42MCsBkMTzrfzzTyhbX,3C6nz382qU71aDiEvk5xsmJrzd5Ey6iNXdpTgrjVpump,1.441e-05,-11.43,-0.4794520547945205,709.48,9839.1,h1
2026-09-01T15:24:00+00:00,ODYSSEUS/ETH,KEKIUS ODYSSEUS,robinhood,uniswap,0x2c7007c7abf0e5fd932cf42912d261e714d74955deeadf2670a540ed2aad45ac,0x296293317f67DA4f333968BB86928681e26B77fA,0.0001422,23.88,0.3023255813953488,10312.29,34489.49,h1
2026-09-01T15:24:00+00:00,DONK/SOL,GOOFYDONK,solana,pumpswap,6JBie8Bk57RaL9fnwvLy8bmHhN179gxDUfdEyFRDMH1d,7WJ3ksZauPhEQJjcWbopPY5SrtRhSSHKR973fRR3pump,2.94e-06,-1.21,-0.3333333333333333,2.11,3239.14,h1
2026-09-01T15:24:00+00:00,084BEAR/SOL,084BEAR,solana,pumpswap,79TnQYELT9np1iUuueYU5rmuiBwHLX5TJCn3x3dAan5a,4eXGQJMBZp656x9eqerEc1hepSoe27zvuXBtNuqjpump,2.619e-06,-2.77,-0.6666666666666666,24.24,2723.96,h1
2026-09-01T15:24:00+00:00,$HACHI/SOL,Hachiko,solana,meteora,DqAfrGV2GBxpGRsq6Xk1z9ojRncqgLeeVPaKg5bCc24Z,x95HN3DWvbfCBtTjGm587z8suK3ec6cwQwgZNLbWKyp,2.745e-09,21.62,-0.4795763993948563,15583.93,84984.71,h1
2026-09-01T15:24:00+00:00,GPRO/WETH,GoPro Inc,robinhood,uniswap,0x7c5e018674151fC1C12fA391AC01C4D2EAFcaD4B,0x960a8eB609257485e868766514118BDCE06b6b02,0.006043,36.81,0.3853658536585366,265574.93,289709.67,h1
2026-09-01T15:24:00+00:00,NICKGPRO/SOL,NICK GPRO,solana,pumpswap,CztvdCZgL4zeY8BbbupUi2FQf3zLG3U7dR6p5m9TXaAE,91X4ErT2VPRbK6SHsEBQ8J1T25twwFeTJhrHxJv7pump,2.789e-06,-0.6,-1.0,0.0,3055.07,h1
2026-09-01T15:24:00+00:00,Ape-1/SOL,Ape-1,solana,pumpswap,4NVqSnpDZ1U28sPZrFZDKYNBs5WJucDjSr9AfCE7ezj4,AUFk4hnNFTxkJ6DWbYB6ZkL7urYcRFzHdKxeUTpxpump,2.136e-06,-0.2,-1.0,0.01,2380.96,h1
2026-09-01T15:36:00+00:00,catfish/SOL,Catfish,solana,pumpswap,BD2381TaQhPFjzn1t6NDqb6KJYY9nmosFXFCdE4XbbEW,DnQu6xQd9zzW5dWpKppjNTRcTYFS6JDpK5xLXEZypump,0.0001134,-7.46,0.3378076062639821,15904.38,28249.37,h1
2026-09-01T15:36:00+00:00,BANKLESS/ETH,Bankless Coin,robinhood,uniswap,0x5e8c57266bc8b866e6287e05d7b0e96e035b941c72a0d4c427c78096d9771075,0x5e8907A3F45D7B30BE6AddbAb0312E46e5061614,0.0001259,-30.24,0.1188811188811188,20632.12,32495.77,h1
2026-09-01T15:36:00+00:00,Syndicate/SOL,Syndicate,solana,pumpswap,3ZMNoxKjdybeyfKWnK8esKQGw42MCsBkMTzrfzzTyhbX,3C6nz382qU71aDiEvk5xsmJrzd5Ey6iNXdpTgrjVpump,9.492e-06,-41.34,-0.1954022988505747,1884.59,7656.41,h1
2026-09-01T15:36:00+00:00,GASSPAS/SOL,GASSPAS,solana,pumpswap,44FFDFYFCLKAsjxdPVqHBKbSo2e2CBU2SJfhZVqynPEk,GCr352ouzNZkNQd3KZqs6jFuQb8LiYnWsEJSUpSfpump,0.001167,-7.97,-0.0846560846560846,32378.68,111612.05,h1
2026-09-01T15:36:00+00:00,GPRO/WETH,GoPro Inc,robinhood,uniswap,0x7c5e018674151fC1C12fA391AC01C4D2EAFcaD4B,0x960a8eB609257485e868766514118BDCE06b6b02,0.005556,11.87,0.3762376237623762,269146.46,278313.42,h1
2026-09-01T15:36:00+00:00,CHILLAPE/SOL,CHILLAPE,solana,pumpswap,Db4QLY2j3mqzsmBAJgzhrvANhmakQ94tAbmaTXm8Qr4N,9TyMG9GkQncEqH3mvTwphkcTYSXtJYHGuCUrXsKcpump,6.235e-06,-3.01,0.2,42.04,5128.4,h1
2026-09-01T15:36:00+00:00,TOESCOIN/SOL,TOES,solana,pumpswap,EE3zk9Fxp9guair2xeReFxf4TsEXeZFFuWETRna2PkcV,6ehEcTMCc85aNF4x9CWx8HuvWGhxQtvKdhKVf2HDpump,0.006352,-2.44,0.1666666666666666,2599.99,386833.14,h1
2026-09-01T15:36:00+00:00,FUKYEAH/SOL,DONALD DUCK,solana,pumpswap,A8F3bDC17pfoGqUZanM1wh68jnKCDRGWECRVPkiMhjGc,DUcjrSmisJATtaQY3K7LvKmCr357uWkjoSGRFnNEpump,7.792e-05,86.66,0.3235294117647059,3846.53,21830.98,h1
2026-09-01T15:36:00+00:00,CHUMP/WETH,Chump Coin,robinhood,uniswap,0x714442e9A611f8561A7dF108D6d925132937cFb8,0x0E0d2C89a5a019FE1cF762e5e33187631DACC21B,0.03118,-0.11,-0.0379241516966067,128832.31,707095.84,h1
2026-09-01T15:36:00+00:00,BOXED/ETH,Boxed Cat,robinhood,uniswap,0x5fe366e09ea10d84dd642731be7e15faeee3c2aabec705ad7999a7e2d13de5bb,0x76af8d3B40A0d7b5197935D0e84C14f7A3782e87,0.0006268,13.12,0.1785714285714285,7985.42,72495.96,h1
2026-09-01T15:36:00+00:00,$HACHI/SOL,Hachiko,solana,meteora,DqAfrGV2GBxpGRsq6Xk1z9ojRncqgLeeVPaKg5bCc24Z,x95HN3DWvbfCBtTjGm587z8suK3ec6cwQwgZNLbWKyp,2.55e-09,12.53,-0.2301980198019802,19436.33,82133.17,h1
2026-09-01T15:36:00+00:00,CHOMP/SOL,Hungry Chomp,solana,pumpswap,4xvyuFpNFAq8ZrYGStKEN9t8zfNc5vmDW17WCcLY76jU,9AXxGepWb5oHUTM7kzKLHhah561XFh96SpR7vdtspump,7.01e-05,1.8,0.1076923076923077,809.81,21112.19,h1
2026-09-01T15:36:00+00:00,ODYSSEUS/ETH,KEKIUS ODYSSEUS,robinhood,uniswap,0x2c7007c7abf0e5fd932cf42912d261e714d74955deeadf2670a540ed2aad45ac,0x296293317f67DA4f333968BB86928681e26B77fA,0.0001467,33.46,0.2666666666666666,10066.92,35076.16,h1
2026-09-01T15:36:00+00:00,Rabbit/WETH,Quantum White Fiber Rabbit,robinhood,uniswap,0x0c65B17e3dd8d04B24503630a333c73D51A29678,0xA7EA2d66cABE01a0fD8C7604055B8a4f67859799,0.0001772,0.0,0.0,0.0,50645.91,h1
2026-09-01T15:36:00+00:00,PLXMS/ETH,Italian Plums,robinhood,uniswap,0x8048977defec569a82167259eb9aec3bc2f83d5e97a1783c60ddabfbda2a65bc,0xf21c6Bf40f08C55b63fDeC0FC02a214c3e4A64Ed,3.803e-06,0.85,0.0,19.42,5638.77,h1
2026-09-01T15:36:00+00:00,DONK/SOL,GOOFYDONK,solana,pumpswap,6JBie8Bk57RaL9fnwvLy8bmHhN179gxDUfdEyFRDMH1d,7WJ3ksZauPhEQJjcWbopPY5SrtRhSSHKR973fRR3pump,3.104e-06,4.57,0.0,52.2,3379.42,h1
2026-09-01T15:36:00+00:00,KATANA/ETH,Katana,robinhood,uniswap,0xcedfb1a20f20b3c1d274c9e83fdbf626f50f358adefe2e7a8c0a47e46023168a,0x48760f0658160161c2A1816bA3C3a3e4dF0FE152,3.724e-05,-13.71,-0.4545454545454545,1413.57,17640.88,h1
2026-09-01T15:36:00+00:00,084BEAR/SOL,084BEAR,solana,pumpswap,79TnQYELT9np1iUuueYU5rmuiBwHLX5TJCn3x3dAan5a,4eXGQJMBZp656x9eqerEc1hepSoe27zvuXBtNuqjpump,2.619e-06,-2.73,-0.5,19.23,2723.96,h1
2026-09-01T15:36:00+00:00,NICKGPRO/SOL,NICK GPRO,solana,pumpswap,CztvdCZgL4zeY8BbbupUi2FQf3zLG3U7dR6p5m9TXaAE,91X4ErT2VPRbK6SHsEBQ8J1T25twwFeTJhrHxJv7pump,2.789e-06,-0.6,-1.0,0.0,3055.07,h1
2026-09-01T15:36:00+00:00,Ape-1/SOL,Ape-1,solana,pumpswap,4NVqSnpDZ1U28sPZrFZDKYNBs5WJucDjSr9AfCE7ezj4,AUFk4hnNFTxkJ6DWbYB6ZkL7urYcRFzHdKxeUTpxpump,2.136e-06,-0.2,-1.0,0.01,2380.96,h1
2026-09-01T15:44:00+00:00,PLXMS/ETH,Italian Plums,robinhood,uniswap,0x8048977defec569a82167259eb9aec3bc2f83d5e97a1783c60ddabfbda2a65bc,0xf21c6Bf40f08C55b63fDeC0FC02a214c3e4A64Ed,3.803e-06,0.74,1.0,19.4,5638.77,h1
2026-09-01T15:44:00+00:00,BANKLESS/ETH,Bankless Coin,robinhood,uniswap,0x5e8c57266bc8b866e6287e05d7b0e96e035b941c72a0d4c427c78096d9771075,0x5e8907A3F45D7B30BE6AddbAb0312E46e5061614,0.0001098,-37.75,0.15527950310559,22995.79,30366.37,h1
2026-09-01T15:44:00+00:00,catfish/SOL,Catfish,solana,pumpswap,BD2381TaQhPFjzn1t6NDqb6KJYY9nmosFXFCdE4XbbEW,DnQu6xQd9zzW5dWpKppjNTRcTYFS6JDpK5xLXEZypump,0.0001169,-8.29,0.3379629629629629,15618.04,28761.85,h1
2026-09-01T15:44:00+00:00,CHILLAPE/SOL,CHILLAPE,solana,pumpswap,Db4QLY2j3mqzsmBAJgzhrvANhmakQ94tAbmaTXm8Qr4N,9TyMG9GkQncEqH3mvTwphkcTYSXtJYHGuCUrXsKcpump,6.235e-06,-1.18,0.5,12.36,5128.4,h1
2026-09-01T15:44:00+00:00,Syndicate/SOL,Syndicate,solana,pumpswap,3ZMNoxKjdybeyfKWnK8esKQGw42MCsBkMTzrfzzTyhbX,3C6nz382qU71aDiEvk5xsmJrzd5Ey6iNXdpTgrjVpump,9.104e-06,-42.12,-0.2473118279569892,1945.81,7470.1,h1
2026-09-01T15:44:00+00:00,GASSPAS/SOL,GASSPAS,solana,pumpswap,44FFDFYFCLKAsjxdPVqHBKbSo2e2CBU2SJfhZVqynPEk,GCr352ouzNZkNQd3KZqs6jFuQb8LiYnWsEJSUpSfpump,0.001163,-3.87,-0.0765027322404371,30340.32,111596.01,h1
2026-09-01T15:44:00+00:00,$HACHI/SOL,Hachiko,solana,meteora,DqAfrGV2GBxpGRsq6Xk1z9ojRncqgLeeVPaKg5bCc24Z,x95HN3DWvbfCBtTjGm587z8suK3ec6cwQwgZNLbWKyp,2.516e-09,8.66,-0.1642949547218628,19204.74,81578.83,h1
2026-09-01T15:44:00+00:00,TOESCOIN/SOL,TOES,solana,pumpswap,EE3zk9Fxp9guair2xeReFxf4TsEXeZFFuWETRna2PkcV,6ehEcTMCc85aNF4x9CWx8HuvWGhxQtvKdhKVf2HDpump,0.006442,-0.37,0.2571428571428571,2343.37,390149.38,h1
2026-09-01T15:44:00+00:00,GPRO/WETH,GoPro Inc,robinhood,uniswap,0x7c5e018674151fC1C12fA391AC01C4D2EAFcaD4B,0x960a8eB609257485e868766514118BDCE06b6b02,0.006072,13.59,0.3838383838383838,264747.19,291078.61,h1
2026-09-01T15:44:00+00:00,CHUMP/WETH,Chump Coin,robinhood,uniswap,0x714442e9A611f8561A7dF108D6d925132937cFb8,0x0E0d2C89a5a019FE1cF762e5e33187631DACC21B,0.03131,0.49,-0.0118577075098814,129616.41,708818.2,h1
2026-09-01T15:44:00+00:00,CHOMP/SOL,Hungry Chomp,solana,pumpswap,4xvyuFpNFAq8ZrYGStKEN9t8zfNc5vmDW17WCcLY76jU,9AXxGepWb5oHUTM7kzKLHhah561XFh96SpR7vdtspump,7.016e-05,0.91,0.1384615384615384,800.92,21149.44,h1
2026-09-01T15:44:00+00:00,BOXED/ETH,Boxed Cat,robinhood,uniswap,0x5fe366e09ea10d84dd642731be7e15faeee3c2aabec705ad7999a7e2d13de5bb,0x76af8d3B40A0d7b5197935D0e84C14f7A3782e87,0.0006371,20.55,0.24,7541.3,73091.62,h1
2026-09-01T15:44:00+00:00,FUKYEAH/SOL,DONALD DUCK,solana,pumpswap,A8F3bDC17pfoGqUZanM1wh68jnKCDRGWECRVPkiMhjGc,DUcjrSmisJATtaQY3K7LvKmCr357uWkjoSGRFnNEpump,8.126e-05,94.68,0.1735015772870662,9972.1,22375.91,h1
2026-09-01T15:44:00+00:00,Rabbit/WETH,Quantum White Fiber Rabbit,robinhood,uniswap,0x0c65B17e3dd8d04B24503630a333c73D51A29678,0xA7EA2d66cABE01a0fD8C7604055B8a4f67859799,0.0001772,0.0,0.0,0.0,50645.91,h1
2026-09-01T15:44:00+00:00,Ape-1/SOL,Ape-1,solana,pumpswap,4NVqSnpDZ1U28sPZrFZDKYNBs5WJucDjSr9AfCE7ezj4,AUFk4hnNFTxkJ6DWbYB6ZkL7urYcRFzHdKxeUTpxpump,2.136e-06,0.0,0.0,0.0,2380.96,h1
2026-09-01T15:44:00+00:00,ODYSSEUS/ETH,KEKIUS ODYSSEUS,robinhood,uniswap,0x2c7007c7abf0e5fd932cf42912d261e714d74955deeadf2670a540ed2aad45ac,0x296293317f67DA4f333968BB86928681e26B77fA,0.0001474,32.61,0.1827956989247312,10251.7,35156.09,h1
2026-09-01T15:44:00+00:00,DONK/SOL,GOOFYDONK,solana,pumpswap,6JBie8Bk57RaL9fnwvLy8bmHhN179gxDUfdEyFRDMH1d,7WJ3ksZauPhEQJjcWbopPY5SrtRhSSHKR973fRR3pump,3.104e-06,4.61,0.0,51.68,3379.42,h1
2026-09-01T15:44:00+00:00,KATANA/ETH,Katana,robinhood,uniswap,0xcedfb1a20f20b3c1d274c9e83fdbf626f50f358adefe2e7a8c0a47e46023168a,0x48760f0658160161c2A1816bA3C3a3e4dF0FE152,3.724e-05,-13.71,-0.4545454545454545,1413.57,17640.88,h1
2026-09-01T15:44:00+00:00,084BEAR/SOL,084BEAR,solana,pumpswap,79TnQYELT9np1iUuueYU5rmuiBwHLX5TJCn3x3dAan5a,4eXGQJMBZp656x9eqerEc1hepSoe27zvuXBtNuqjpump,2.619e-06,-3.76,-1.0,18.96,2723.96,h1
2026-09-01T15:44:00+00:00,NICKGPRO/SOL,NICK GPRO,solana,pumpswap,CztvdCZgL4zeY8BbbupUi2FQf3zLG3U7dR6p5m9TXaAE,91X4ErT2VPRbK6SHsEBQ8J1T25twwFeTJhrHxJv7pump,2.789e-06,-0.6,-1.0,0.0,3055.07,h1
2026-09-01T15:45:00+00:00,PLXMS/ETH,Italian Plums,robinhood,uniswap,0x8048977defec569a82167259eb9aec3bc2f83d5e97a1783c60ddabfbda2a65bc,0xf21c6Bf40f08C55b63fDeC0FC02a214c3e4A64Ed,3.803e-06,0.74,1.0,19.4,5638.77,h1
2026-09-01T15:45:00+00:00,BANKLESS/ETH,Bankless Coin,robinhood,uniswap,0x5e8c57266bc8b866e6287e05d7b0e96e035b941c72a0d4c427c78096d9771075,0x5e8907A3F45D7B30BE6AddbAb0312E46e5061614,0.0001098,-37.75,0.15527950310559,22995.79,30366.37,h1
2026-09-01T15:45:00+00:00,catfish/SOL,Catfish,solana,pumpswap,BD2381TaQhPFjzn1t6NDqb6KJYY9nmosFXFCdE4XbbEW,DnQu6xQd9zzW5dWpKppjNTRcTYFS6JDpK5xLXEZypump,0.0001169,-8.29,0.3379629629629629,15618.04,28761.85,h1
2026-09-01T15:45:00+00:00,CHILLAPE/SOL,CHILLAPE,solana,pumpswap,Db4QLY2j3mqzsmBAJgzhrvANhmakQ94tAbmaTXm8Qr4N,9TyMG9GkQncEqH3mvTwphkcTYSXtJYHGuCUrXsKcpump,6.235e-06,-1.18,0.5,12.36,5128.4,h1
2026-09-01T15:45:00+00:00,Syndicate/SOL,Syndicate,solana,pumpswap,3ZMNoxKjdybeyfKWnK8esKQGw42MCsBkMTzrfzzTyhbX,3C6nz382qU71aDiEvk5xsmJrzd5Ey6iNXdpTgrjVpump,9.104e-06,-42.12,-0.2473118279569892,1945.81,7470.1,h1
2026-09-01T15:45:00+00:00,GASSPAS/SOL,GASSPAS,solana,pumpswap,44FFDFYFCLKAsjxdPVqHBKbSo2e2CBU2SJfhZVqynPEk,GCr352ouzNZkNQd3KZqs6jFuQb8LiYnWsEJSUpSfpump,0.001163,-3.87,-0.0765027322404371,30340.32,111596.01,h1
2026-09-01T15:45:00+00:00,$HACHI/SOL,Hachiko,solana,meteora,DqAfrGV2GBxpGRsq6Xk1z9ojRncqgLeeVPaKg5bCc24Z,x95HN3DWvbfCBtTjGm587z8suK3ec6cwQwgZNLbWKyp,2.516e-09,8.66,-0.1642949547218628,19204.74,81578.83,h1
2026-09-01T15:45:00+00:00,TOESCOIN/SOL,TOES,solana,pumpswap,EE3zk9Fxp9guair2xeReFxf4TsEXeZFFuWETRna2PkcV,6ehEcTMCc85aNF4x9CWx8HuvWGhxQtvKdhKVf2HDpump,0.006442,-0.37,0.2571428571428571,2343.37,390149.38,h1
2026-09-01T15:45:00+00:00,GPRO/WETH,GoPro Inc,robinhood,uniswap,0x7c5e018674151fC1C12fA391AC01C4D2EAFcaD4B,0x960a8eB609257485e868766514118BDCE06b6b02,0.006072,13.59,0.3838383838383838,264747.19,291078.61,h1
2026-09-01T15:45:00+00:00,CHUMP/WETH,Chump Coin,robinhood,uniswap,0x714442e9A611f8561A7dF108D6d925132937cFb8,0x0E0d2C89a5a019FE1cF762e5e33187631DACC21B,0.03131,0.49,-0.0118577075098814,129616.41,708818.2,h1
2026-09-01T15:45:00+00:00,CHOMP/SOL,Hungry Chomp,solana,pumpswap,4xvyuFpNFAq8ZrYGStKEN9t8zfNc5vmDW17WCcLY76jU,9AXxGepWb5oHUTM7kzKLHhah561XFh96SpR7vdtspump,7.016e-05,0.91,0.1384615384615384,800.92,21149.44,h1
2026-09-01T15:45:00+00:00,BOXED/ETH,Boxed Cat,robinhood,uniswap,0x5fe366e09ea10d84dd642731be7e15faeee3c2aabec705ad7999a7e2d13de5bb,0x76af8d3B40A0d7b5197935D0e84C14f7A3782e87,0.0006371,20.55,0.24,7541.3,73091.62,h1
2026-09-01T15:45:00+00:00,FUKYEAH/SOL,DONALD DUCK,solana,pumpswap,A8F3bDC17pfoGqUZanM1wh68jnKCDRGWECRVPkiMhjGc,DUcjrSmisJATtaQY3K7LvKmCr357uWkjoSGRFnNEpump,8.126e-05,94.68,0.1735015772870662,9972.1,22375.91,h1
2026-09-01T15:45:00+00:00,Rabbit/WETH,Quantum White Fiber Rabbit,robinhood,uniswap,0x0c65B17e3dd8d04B24503630a333c73D51A29678,0xA7EA2d66cABE01a0fD8C7604055B8a4f67859799,0.0001772,0.0,0.0,0.0,50645.91,h1
2026-09-01T15:45:00+00:00,Ape-1/SOL,Ape-1,solana,pumpswap,4NVqSnpDZ1U28sPZrFZDKYNBs5WJucDjSr9AfCE7ezj4,AUFk4hnNFTxkJ6DWbYB6ZkL7urYcRFzHdKxeUTpxpump,2.136e-06,0.0,0.0,0.0,2380.96,h1
2026-09-01T15:45:00+00:00,ODYSSEUS/ETH,KEKIUS ODYSSEUS,robinhood,uniswap,0x2c7007c7abf0e5fd932cf42912d261e714d74955deeadf2670a540ed2aad45ac,0x296293317f67DA4f333968BB86928681e26B77fA,0.0001474,32.61,0.1827956989247312,10251.7,35156.09,h1
2026-09-01T15:45:00+00:00,DONK/SOL,GOOFYDONK,solana,pumpswap,6JBie8Bk57RaL9fnwvLy8bmHhN179gxDUfdEyFRDMH1d,7WJ3ksZauPhEQJjcWbopPY5SrtRhSSHKR973fRR3pump,3.104e-06,4.61,0.0,51.68,3379.42,h1
2026-09-01T15:45:00+00:00,KATANA/ETH,Katana,robinhood,uniswap,0xcedfb1a20f20b3c1d274c9e83fdbf626f50f358adefe2e7a8c0a47e46023168a,0x48760f0658160161c2A1816bA3C3a3e4dF0FE152,3.724e-05,-13.71,-0.4545454545454545,1413.57,17640.88,h1
2026-09-01T15:45:00+00:00,084BEAR/SOL,084BEAR,solana,pumpswap,79TnQYELT9np1iUuueYU5rmuiBwHLX5TJCn3x3dAan5a,4eXGQJMBZp656x9eqerEc1hepSoe27zvuXBtNuqjpump,2.619e-06,-3.76,-1.0,18.96,2723.96,h1
2026-09-01T15:45:00+00:00,NICKGPRO/SOL,NICK GPRO,solana,pumpswap,CztvdCZgL4zeY8BbbupUi2FQf3zLG3U7dR6p5m9TXaAE,91X4ErT2VPRbK6SHsEBQ8J1T25twwFeTJhrHxJv7pump,2.789e-06,-0.6,-1.0,0.0,3055.07,h1
2026-09-01T15:49:00+00:00,PLXMS/ETH,Italian Plums,robinhood,uniswap,0x8048977defec569a82167259eb9aec3bc2f83d5e97a1783c60ddabfbda2a65bc,0xf21c6Bf40f08C55b63fDeC0FC02a214c3e4A64Ed,3.803e-06,0.74,1.0,19.4,5638.77,h1
2026-09-01T15:49:00+00:00,BANKLESS/ETH,Bankless Coin,robinhood,uniswap,0x5e8c57266bc8b866e6287e05d7b0e96e035b941c72a0d4c427c78096d9771075,0x5e8907A3F45D7B30BE6AddbAb0312E46e5061614,0.0001064,-39.89,0.1242603550295858,24121.57,29899.88,h1
2026-09-01T15:49:00+00:00,catfish/SOL,Catfish,solana,pumpswap,BD2381TaQhPFjzn1t6NDqb6KJYY9nmosFXFCdE4XbbEW,DnQu6xQd9zzW5dWpKppjNTRcTYFS6JDpK5xLXEZypump,0.0001188,-5.42,0.3412322274881517,14941.45,29025.78,h1
2026-09-01T15:49:00+00:00,GPRO/WETH,GoPro Inc,robinhood,uniswap,0x7c5e018674151fC1C12fA391AC01C4D2EAFcaD4B,0x960a8eB609257485e868766514118BDCE06b6b02,0.005345,-12.53,0.3567839195979899,276507.51,273381.55,h1
2026-09-01T15:49:00+00:00,CHILLAPE/SOL,CHILLAPE,solana,pumpswap,Db4QLY2j3mqzsmBAJgzhrvANhmakQ94tAbmaTXm8Qr4N,9TyMG9GkQncEqH3mvTwphkcTYSXtJYHGuCUrXsKcpump,6.235e-06,-1.18,0.5,12.36,5128.4,h1
2026-09-01T15:49:00+00:00,$HACHI/SOL,Hachiko,solana,meteora,DqAfrGV2GBxpGRsq6Xk1z9ojRncqgLeeVPaKg5bCc24Z,x95HN3DWvbfCBtTjGm587z8suK3ec6cwQwgZNLbWKyp,2.557e-09,4.54,-0.0984308131241084,17471.96,82292.58,h1
2026-09-01T15:49:00+00:00,TOESCOIN/SOL,TOES,solana,pumpswap,EE3zk9Fxp9guair2xeReFxf4TsEXeZFFuWETRna2PkcV,6ehEcTMCc85aNF4x9CWx8HuvWGhxQtvKdhKVf2HDpump,0.006442,0.36,0.3333333333333333,2244.79,390149.38,h1
2026-09-01T15:49:00+00:00,GASSPAS/SOL,GASSPAS,solana,pumpswap,44FFDFYFCLKAsjxdPVqHBKbSo2e2CBU2SJfhZVqynPEk,GCr352ouzNZkNQd3KZqs6jFuQb8LiYnWsEJSUpSfpump,0.001162,-2.93,-0.0529247910863509,30285.08,111593.47,h1
2026-09-01T15:49:00+00:00,Syndicate/SOL,Syndicate,solana,pumpswap,3ZMNoxKjdybeyfKWnK8esKQGw42MCsBkMTzrfzzTyhbX,3C6nz382qU71aDiEvk5xsmJrzd5Ey6iNXdpTgrjVpump,9.103e-06,-39.02,-0.2235294117647059,1784.06,7472.68,h1
2026-09-01T15:49:00+00:00,CHUMP/WETH,Chump Coin,robinhood,uniswap,0x714442e9A611f8561A7dF108D6d925132937cFb8,0x0E0d2C89a5a019FE1cF762e5e33187631DACC21B,0.03135,0.64,0.0059880239520958,127714.83,709997.99,h1
2026-09-01T15:49:00+00:00,BOXED/ETH,Boxed Cat,robinhood,uniswap,0x5fe366e09ea10d84dd642731be7e15faeee3c2aabec705ad7999a7e2d13de5bb,0x76af8d3B40A0d7b5197935D0e84C14f7A3782e87,0.0006192,16.97,0.1785714285714285,9311.41,72095.81,h1
2026-09-01T15:49:00+00:00,ODYSSEUS/ETH,KEKIUS ODYSSEUS,robinhood,uniswap,0x2c7007c7abf0e5fd932cf42912d261e714d74955deeadf2670a540ed2aad45ac,0x296293317f67DA4f333968BB86928681e26B77fA,0.0001605,25.45,0.1489361702127659,9921.61,36708.31,h1
2026-09-01T15:49:00+00:00,CHOMP/SOL,Hungry Chomp,solana,pumpswap,4xvyuFpNFAq8ZrYGStKEN9t8zfNc5vmDW17WCcLY76jU,9AXxGepWb5oHUTM7kzKLHhah561XFh96SpR7vdtspump,6.998e-05,2.09,0.1384615384615384,807.7,21131.79,h1
2026-09-01T15:49:00+00:00,Rabbit/WETH,Quantum White Fiber Rabbit,robinhood,uniswap,0x0c65B17e3dd8d04B24503630a333c73D51A29678,0xA7EA2d66cABE01a0fD8C7604055B8a4f67859799,0.0001772,0.0,0.0,0.0,50645.91,h1
2026-09-01T15:49:00+00:00,Ape-1/SOL,Ape-1,solana,pumpswap,4NVqSnpDZ1U28sPZrFZDKYNBs5WJucDjSr9AfCE7ezj4,AUFk4hnNFTxkJ6DWbYB6ZkL7urYcRFzHdKxeUTpxpump,2.136e-06,0.0,0.0,0.0,2380.96,h1
2026-09-01T15:49:00+00:00,DONK/SOL,GOOFYDONK,solana,pumpswap,6JBie8Bk57RaL9fnwvLy8bmHhN179gxDUfdEyFRDMH1d,7WJ3ksZauPhEQJjcWbopPY5SrtRhSSHKR973fRR3pump,3.104e-06,4.61,0.0,51.68,3379.42,h1
2026-09-01T15:49:00+00:00,FUKYEAH/SOL,DONALD DUCK,solana,pumpswap,A8F3bDC17pfoGqUZanM1wh68jnKCDRGWECRVPkiMhjGc,DUcjrSmisJATtaQY3K7LvKmCr357uWkjoSGRFnNEpump,0.0001003,140.0,0.2413793103448276,12562.78,25084.1,h1
2026-09-01T15:49:00+00:00,KATANA/ETH,Katana,robinhood,uniswap,0xcedfb1a20f20b3c1d274c9e83fdbf626f50f358adefe2e7a8c0a47e46023168a,0x48760f0658160161c2A1816bA3C3a3e4dF0FE152,3.742e-05,-13.31,-0.5,1413.68,17723.4,h1
2026-09-01T15:49:00+00:00,084BEAR/SOL,084BEAR,solana,pumpswap,79TnQYELT9np1iUuueYU5rmuiBwHLX5TJCn3x3dAan5a,4eXGQJMBZp656x9eqerEc1hepSoe27zvuXBtNuqjpump,2.619e-06,-3.76,-1.0,18.96,2723.96,h1
2026-09-01T15:49:00+00:00,NICKGPRO/SOL,NICK GPRO,solana,pumpswap,CztvdCZgL4zeY8BbbupUi2FQf3zLG3U7dR6p5m9TXaAE,91X4ErT2VPRbK6SHsEBQ8J1T25twwFeTJhrHxJv7pump,2.789e-06,-0.6,-1.0,0.0,3055.07,h1
2026-09-01T15:50:00+00:00,PLXMS/ETH,Italian Plums,robinhood,uniswap,0x8048977defec569a82167259eb9aec3bc2f83d5e97a1783c60ddabfbda2a65bc,0xf21c6Bf40f08C55b63fDeC0FC02a214c3e4A64Ed,3.803e-06,0.74,1.0,19.4,5638.77,h1
2026-09-01T15:50:00+00:00,BANKLESS/ETH,Bankless Coin,robinhood,uniswap,0x5e8c57266bc8b866e6287e05d7b0e96e035b941c72a0d4c427c78096d9771075,0x5e8907A3F45D7B30BE6AddbAb0312E46e5061614,0.0001064,-39.89,0.1242603550295858,24121.57,29899.88,h1
2026-09-01T15:50:00+00:00,catfish/SOL,Catfish,solana,pumpswap,BD2381TaQhPFjzn1t6NDqb6KJYY9nmosFXFCdE4XbbEW,DnQu6xQd9zzW5dWpKppjNTRcTYFS6JDpK5xLXEZypump,0.0001188,-5.42,0.3412322274881517,14941.45,29025.78,h1
2026-09-01T15:50:00+00:00,GPRO/WETH,GoPro Inc,robinhood,uniswap,0x7c5e018674151fC1C12fA391AC01C4D2EAFcaD4B,0x960a8eB609257485e868766514118BDCE06b6b02,0.005345,-12.53,0.3567839195979899,276507.51,273381.55,h1
2026-09-01T15:50:00+00:00,CHILLAPE/SOL,CHILLAPE,solana,pumpswap,Db4QLY2j3mqzsmBAJgzhrvANhmakQ94tAbmaTXm8Qr4N,9TyMG9GkQncEqH3mvTwphkcTYSXtJYHGuCUrXsKcpump,6.235e-06,-1.18,0.5,12.36,5128.4,h1
2026-09-01T15:50:00+00:00,$HACHI/SOL,Hachiko,solana,meteora,DqAfrGV2GBxpGRsq6Xk1z9ojRncqgLeeVPaKg5bCc24Z,x95HN3DWvbfCBtTjGm587z8suK3ec6cwQwgZNLbWKyp,2.557e-09,4.54,-0.0984308131241084,17471.96,82292.58,h1
2026-09-01T15:50:00+00:00,TOESCOIN/SOL,TOES,solana,pumpswap,EE3zk9Fxp9guair2xeReFxf4TsEXeZFFuWETRna2PkcV,6ehEcTMCc85aNF4x9CWx8HuvWGhxQtvKdhKVf2HDpump,0.006442,0.36,0.3333333333333333,2244.79,390149.38,h1
2026-09-01T15:50:00+00:00,GASSPAS/SOL,GASSPAS,solana,pumpswap,44FFDFYFCLKAsjxdPVqHBKbSo2e2CBU2SJfhZVqynPEk,GCr352ouzNZkNQd3KZqs6jFuQb8LiYnWsEJSUpSfpump,0.001162,-2.93,-0.0529247910863509,30285.08,111593.47,h1
2026-09-01T15:50:00+00:00,Syndicate/SOL,Syndicate,solana,pumpswap,3ZMNoxKjdybeyfKWnK8esKQGw42MCsBkMTzrfzzTyhbX,3C6nz382qU71aDiEvk5xsmJrzd5Ey6iNXdpTgrjVpump,9.103e-06,-39.02,-0.2235294117647059,1784.06,7472.68,h1
2026-09-01T15:50:00+00:00,CHUMP/WETH,Chump Coin,robinhood,uniswap,0x714442e9A611f8561A7dF108D6d925132937cFb8,0x0E0d2C89a5a019FE1cF762e5e33187631DACC21B,0.03135,0.64,0.0059880239520958,127714.83,709997.99,h1
2026-09-01T15:50:00+00:00,BOXED/ETH,Boxed Cat,robinhood,uniswap,0x5fe366e09ea10d84dd642731be7e15faeee3c2aabec705ad7999a7e2d13de5bb,0x76af8d3B40A0d7b5197935D0e84C14f7A3782e87,0.0006192,16.97,0.1785714285714285,9311.41,72095.81,h1
2026-09-01T15:50:00+00:00,ODYSSEUS/ETH,KEKIUS ODYSSEUS,robinhood,uniswap,0x2c7007c7abf0e5fd932cf42912d261e714d74955deeadf2670a540ed2aad45ac,0x296293317f67DA4f333968BB86928681e26B77fA,0.0001605,25.45,0.1489361702127659,9921.61,36708.31,h1
2026-09-01T15:50:00+00:00,CHOMP/SOL,Hungry Chomp,solana,pumpswap,4xvyuFpNFAq8ZrYGStKEN9t8zfNc5vmDW17WCcLY76jU,9AXxGepWb5oHUTM7kzKLHhah561XFh96SpR7vdtspump,6.998e-05,2.09,0.1384615384615384,807.7,21131.79,h1
2026-09-01T15:50:00+00:00,Rabbit/WETH,Quantum White Fiber Rabbit,robinhood,uniswap,0x0c65B17e3dd8d04B24503630a333c73D51A29678,0xA7EA2d66cABE01a0fD8C7604055B8a4f67859799,0.0001772,0.0,0.0,0.0,50645.91,h1
2026-09-01T15:50:00+00:00,Ape-1/SOL,Ape-1,solana,pumpswap,4NVqSnpDZ1U28sPZrFZDKYNBs5WJucDjSr9AfCE7ezj4,AUFk4hnNFTxkJ6DWbYB6ZkL7urYcRFzHdKxeUTpxpump,2.136e-06,0.0,0.0,0.0,2380.96,h1
2026-09-01T15:50:00+00:00,DONK/SOL,GOOFYDONK,solana,pumpswap,6JBie8Bk57RaL9fnwvLy8bmHhN179gxDUfdEyFRDMH1d,7WJ3ksZauPhEQJjcWbopPY5SrtRhSSHKR973fRR3pump,3.104e-06,4.61,0.0,51.68,3379.42,h1
2026-09-01T15:50:00+00:00,FUKYEAH/SOL,DONALD DUCK,solana,pumpswap,A8F3bDC17pfoGqUZanM1wh68jnKCDRGWECRVPkiMhjGc,DUcjrSmisJATtaQY3K7LvKmCr357uWkjoSGRFnNEpump,0.0001003,140.0,0.2413793103448276,12562.78,25084.1,h1
2026-09-01T15:50:00+00:00,KATANA/ETH,Katana,robinhood,uniswap,0xcedfb1a20f20b3c1d274c9e83fdbf626f50f358adefe2e7a8c0a47e46023168a,0x48760f0658160161c2A1816bA3C3a3e4dF0FE152,3.742e-05,-13.31,-0.5,1413.68,17723.4,h1
2026-09-01T15:50:00+00:00,084BEAR/SOL,084BEAR,solana,pumpswap,79TnQYELT9np1iUuueYU5rmuiBwHLX5TJCn3x3dAan5a,4eXGQJMBZp656x9eqerEc1hepSoe27zvuXBtNuqjpump,2.619e-06,-3.76,-1.0,18.96,2723.96,h1
2026-09-01T15:50:00+00:00,NICKGPRO/SOL,NICK GPRO,solana,pumpswap,CztvdCZgL4zeY8BbbupUi2FQf3zLG3U7dR6p5m9TXaAE,91X4ErT2VPRbK6SHsEBQ8J1T25twwFeTJhrHxJv7pump,2.789e-06,-0.6,-1.0,0.0,3055.07,h1
2026-09-01T15:54:00+00:00,catfish/SOL,Catfish,solana,pumpswap,BD2381TaQhPFjzn1t6NDqb6KJYY9nmosFXFCdE4XbbEW,DnQu6xQd9zzW5dWpKppjNTRcTYFS6JDpK5xLXEZypump,0.0001214,-1.89,0.3491686460807601,15310.23,29375.87,h1
2026-09-01T15:54:00+00:00,BANKLESS/ETH,Bankless Coin,robinhood,uniswap,0x5e8c57266bc8b866e6287e05d7b0e96e035b941c72a0d4c427c78096d9771075,0x5e8907A3F45D7B30BE6AddbAb0312E46e5061614,0.0001041,-34.37,0.1511627906976744,23947.39,29594.6,h1
2026-09-01T15:54:00+00:00,CHILLAPE/SOL,CHILLAPE,solana,pumpswap,Db4QLY2j3mqzsmBAJgzhrvANhmakQ94tAbmaTXm8Qr4N,9TyMG9GkQncEqH3mvTwphkcTYSXtJYHGuCUrXsKcpump,6.235e-06,-1.18,0.5,12.36,5128.4,h1
2026-09-01T15:54:00+00:00,GPRO/WETH,GoPro Inc,robinhood,uniswap,0x7c5e018674151fC1C12fA391AC01C4D2EAFcaD4B,0x960a8eB609257485e868766514118BDCE06b6b02,0.005901,8.8,0.3917525773195876,260718.43,287481.09,h1
2026-09-01T15:54:00+00:00,ODYSSEUS/ETH,KEKIUS ODYSSEUS,robinhood,uniswap,0x2c7007c7abf0e5fd932cf42912d261e714d74955deeadf2670a540ed2aad45ac,0x296293317f67DA4f333968BB86928681e26B77fA,0.0001236,-6.71,0.0,9824.69,32236.62,h1
2026-09-01T15:54:00+00:00,TOESCOIN/SOL,TOES,solana,pumpswap,EE3zk9Fxp9guair2xeReFxf4TsEXeZFFuWETRna2PkcV,6ehEcTMCc85aNF4x9CWx8HuvWGhxQtvKdhKVf2HDpump,0.006408,-0.54,0.2941176470588235,2105.1,389581.02,h1
2026-09-01T15:54:00+00:00,$HACHI/SOL,Hachiko,solana,meteora,DqAfrGV2GBxpGRsq6Xk1z9ojRncqgLeeVPaKg5bCc24Z,x95HN3DWvbfCBtTjGm587z8suK3ec6cwQwgZNLbWKyp,2.662e-09,8.86,-0.1510204081632653,17386.39,83979.22,h1
2026-09-01T15:54:00+00:00,BOXED/ETH,Boxed Cat,robinhood,uniswap,0x5fe366e09ea10d84dd642731be7e15faeee3c2aabec705ad7999a7e2d13de5bb,0x76af8d3B40A0d7b5197935D0e84C14f7A3782e87,0.000625,20.56,0.1764705882352941,8713.85,72457.47,h1
2026-09-01T15:54:00+00:00,CHUMP/WETH,Chump Coin,robinhood,uniswap,0x714442e9A611f8561A7dF108D6d925132937cFb8,0x0E0d2C89a5a019FE1cF762e5e33187631DACC21B,0.03139,0.35,0.0084388185654008,116127.01,710744.54,h1
2026-09-01T15:54:00+00:00,GASSPAS/SOL,GASSPAS,solana,pumpswap,44FFDFYFCLKAsjxdPVqHBKbSo2e2CBU2SJfhZVqynPEk,GCr352ouzNZkNQd3KZqs6jFuQb8LiYnWsEJSUpSfpump,0.001174,2.9,-0.0612244897959183,28518.03,112257.94,h1
2026-09-01T15:54:00+00:00,DONK/SOL,GOOFYDONK,solana,pumpswap,6JBie8Bk57RaL9fnwvLy8bmHhN179gxDUfdEyFRDMH1d,7WJ3ksZauPhEQJjcWbopPY5SrtRhSSHKR973fRR3pump,3.15e-06,6.17,0.2,78.4,3421.12,h1
2026-09-01T15:54:00+00:00,CHOMP/SOL,Hungry Chomp,solana,pumpswap,4xvyuFpNFAq8ZrYGStKEN9t8zfNc5vmDW17WCcLY76jU,9AXxGepWb5oHUTM7kzKLHhah561XFh96SpR7vdtspump,7.103e-05,1.93,0.125,782.03,21315.88,h1
2026-09-01T15:54:00+00:00,Syndicate/SOL,Syndicate,solana,pumpswap,3ZMNoxKjdybeyfKWnK8esKQGw42MCsBkMTzrfzzTyhbX,3C6nz382qU71aDiEvk5xsmJrzd5Ey6iNXdpTgrjVpump,9.132e-06,-39.66,-0.264367816091954,1750.29,7490.83,h1
2026-09-01T15:54:00+00:00,PLXMS/ETH,Italian Plums,robinhood,uniswap,0x8048977defec569a82167259eb9aec3bc2f83d5e97a1783c60ddabfbda2a65bc,0xf21c6Bf40f08C55b63fDeC0FC02a214c3e4A64Ed,3.772e-06,-0.07,0.0,38.73,5631.92,h1
2026-09-01T15:54:00+00:00,Ape-1/SOL,Ape-1,solana,pumpswap,4NVqSnpDZ1U28sPZrFZDKYNBs5WJucDjSr9AfCE7ezj4,AUFk4hnNFTxkJ6DWbYB6ZkL7urYcRFzHdKxeUTpxpump,2.136e-06,0.0,0.0,0.0,2380.96,h1
2026-09-01T15:54:00+00:00,Rabbit/WETH,Quantum White Fiber Rabbit,robinhood,uniswap,0x0c65B17e3dd8d04B24503630a333c73D51A29678,0xA7EA2d66cABE01a0fD8C7604055B8a4f67859799,0.0001772,0.0,0.0,0.0,50645.91,h1
2026-09-01T15:54:00+00:00,FUKYEAH/SOL,DONALD DUCK,solana,pumpswap,A8F3bDC17pfoGqUZanM1wh68jnKCDRGWECRVPkiMhjGc,DUcjrSmisJATtaQY3K7LvKmCr357uWkjoSGRFnNEpump,0.0001278,206.0,0.2850678733031674,14596.43,28567.76,h1
2026-09-01T15:54:00+00:00,KATANA/ETH,Katana,robinhood,uniswap,0xcedfb1a20f20b3c1d274c9e83fdbf626f50f358adefe2e7a8c0a47e46023168a,0x48760f0658160161c2A1816bA3C3a3e4dF0FE152,3.742e-05,-13.31,-0.5,1413.68,17723.4,h1
2026-09-01T15:54:00+00:00,084BEAR/SOL,084BEAR,solana,pumpswap,79TnQYELT9np1iUuueYU5rmuiBwHLX5TJCn3x3dAan5a,4eXGQJMBZp656x9eqerEc1hepSoe27zvuXBtNuqjpump,2.619e-06,-2.13,-1.0,9.82,2723.96,h1
2026-09-01T15:54:00+00:00,NICKGPRO/SOL,NICK GPRO,solana,pumpswap,CztvdCZgL4zeY8BbbupUi2FQf3zLG3U7dR6p5m9TXaAE,91X4ErT2VPRbK6SHsEBQ8J1T25twwFeTJhrHxJv7pump,2.789e-06,-0.6,-1.0,0.0,3055.07,h1
2026-09-01T16:02:00+00:00,catfish/SOL,Catfish,solana,pumpswap,BD2381TaQhPFjzn1t6NDqb6KJYY9nmosFXFCdE4XbbEW,DnQu6xQd9zzW5dWpKppjNTRcTYFS6JDpK5xLXEZypump,0.0001295,7.27,0.3288888888888889,17875.86,30380.41,h1
2026-09-01T16:02:00+00:00,CHILLAPE/SOL,CHILLAPE,solana,pumpswap,Db4QLY2j3mqzsmBAJgzhrvANhmakQ94tAbmaTXm8Qr4N,9TyMG9GkQncEqH3mvTwphkcTYSXtJYHGuCUrXsKcpump,6.235e-06,-1.18,0.5,12.36,5128.4,h1
2026-09-01T16:02:00+00:00,BANKLESS/ETH,Bankless Coin,robinhood,uniswap,0x5e8c57266bc8b866e6287e05d7b0e96e035b941c72a0d4c427c78096d9771075,0x5e8907A3F45D7B30BE6AddbAb0312E46e5061614,0.0001143,-16.02,0.1666666666666666,22136.94,30992.66,h1
2026-09-01T16:02:00+00:00,DONK/SOL,GOOFYDONK,solana,pumpswap,6JBie8Bk57RaL9fnwvLy8bmHhN179gxDUfdEyFRDMH1d,7WJ3ksZauPhEQJjcWbopPY5SrtRhSSHKR973fRR3pump,3.317e-06,11.79,0.4285714285714285,147.22,3558.72,h1
2026-09-01T16:02:00+00:00,GPRO/WETH,GoPro Inc,robinhood,uniswap,0x7c5e018674151fC1C12fA391AC01C4D2EAFcaD4B,0x960a8eB609257485e868766514118BDCE06b6b02,0.00637,26.2,0.4123711340206185,255018.01,298542.99,h1
2026-09-01T16:02:00+00:00,TOESCOIN/SOL,TOES,solana,pumpswap,EE3zk9Fxp9guair2xeReFxf4TsEXeZFFuWETRna2PkcV,6ehEcTMCc85aNF4x9CWx8HuvWGhxQtvKdhKVf2HDpump,0.006453,1.33,0.2903225806451613,1725.56,390945.22,h1
2026-09-01T16:02:00+00:00,$HACHI/SOL,Hachiko,solana,meteora,DqAfrGV2GBxpGRsq6Xk1z9ojRncqgLeeVPaKg5bCc24Z,x95HN3DWvbfCBtTjGm587z8suK3ec6cwQwgZNLbWKyp,2.682e-09,6.71,-0.0872093023255814,16855.06,84191.88,h1
2026-09-01T16:02:00+00:00,CHUMP/WETH,Chump Coin,robinhood,uniswap,0x714442e9A611f8561A7dF108D6d925132937cFb8,0x0E0d2C89a5a019FE1cF762e5e33187631DACC21B,0.03135,1.0,0.0227743271221532,119034.15,709321.3,h1
2026-09-01T16:02:00+00:00,ODYSSEUS/ETH,KEKIUS ODYSSEUS,robinhood,uniswap,0x2c7007c7abf0e5fd932cf42912d261e714d74955deeadf2670a540ed2aad45ac,0x296293317f67DA4f333968BB86928681e26B77fA,0.0001316,10.16,0.0566037735849056,8418.26,33258.62,h1
2026-09-01T16:02:00+00:00,GASSPAS/SOL,GASSPAS,solana,pumpswap,44FFDFYFCLKAsjxdPVqHBKbSo2e2CBU2SJfhZVqynPEk,GCr352ouzNZkNQd3KZqs6jFuQb8LiYnWsEJSUpSfpump,0.001195,5.01,-0.0385756676557863,28113.82,113218.27,h1
2026-09-01T16:02:00+00:00,BOXED/ETH,Boxed Cat,robinhood,uniswap,0x5fe366e09ea10d84dd642731be7e15faeee3c2aabec705ad7999a7e2d13de5bb,0x76af8d3B40A0d7b5197935D0e84C14f7A3782e87,0.0006508,20.47,0.0952380952380952,9038.75,73938.66,h1
2026-09-01T16:02:00+00:00,CHOMP/SOL,Hungry Chomp,solana,pumpswap,4xvyuFpNFAq8ZrYGStKEN9t8zfNc5vmDW17WCcLY76jU,9AXxGepWb5oHUTM7kzKLHhah561XFh96SpR7vdtspump,7.126e-05,3.96,0.1343283582089552,790.12,21337.11,h1
2026-09-01T16:02:00+00:00,Syndicate/SOL,Syndicate,solana,pumpswap,3ZMNoxKjdybeyfKWnK8esKQGw42MCsBkMTzrfzzTyhbX,3C6nz382qU71aDiEvk5xsmJrzd5Ey6iNXdpTgrjVpump,9.19e-06,-36.49,-0.1666666666666666,1665.68,7515.56,h1
2026-09-01T16:02:00+00:00,Rabbit/WETH,Quantum White Fiber Rabbit,robinhood,uniswap,0x0c65B17e3dd8d04B24503630a333c73D51A29678,0xA7EA2d66cABE01a0fD8C7604055B8a4f67859799,0.0001772,0.0,0.0,0.0,50645.91,h1
2026-09-01T16:02:00+00:00,Ape-1/SOL,Ape-1,solana,pumpswap,4NVqSnpDZ1U28sPZrFZDKYNBs5WJucDjSr9AfCE7ezj4,AUFk4hnNFTxkJ6DWbYB6ZkL7urYcRFzHdKxeUTpxpump,2.136e-06,0.0,0.0,0.0,2380.96,h1
2026-09-01T16:02:00+00:00,NICKGPRO/SOL,NICK GPRO,solana,pumpswap,CztvdCZgL4zeY8BbbupUi2FQf3zLG3U7dR6p5m9TXaAE,91X4ErT2VPRbK6SHsEBQ8J1T25twwFeTJhrHxJv7pump,2.789e-06,0.0,0.0,0.0,3055.07,h1
2026-09-01T16:02:00+00:00,FUKYEAH/SOL,DONALD DUCK,solana,pumpswap,A8F3bDC17pfoGqUZanM1wh68jnKCDRGWECRVPkiMhjGc,DUcjrSmisJATtaQY3K7LvKmCr357uWkjoSGRFnNEpump,0.0001324,217.0,0.2730627306273063,16953.84,29059.59,h1
2026-09-01T16:02:00+00:00,KATANA/ETH,Katana,robinhood,uniswap,0xcedfb1a20f20b3c1d274c9e83fdbf626f50f358adefe2e7a8c0a47e46023168a,0x48760f0658160161c2A1816bA3C3a3e4dF0FE152,3.742e-05,-11.19,-0.3333333333333333,1321.4,17723.4,h1
2026-09-01T16:02:00+00:00,PLXMS/ETH,Italian Plums,robinhood,uniswap,0x8048977defec569a82167259eb9aec3bc2f83d5e97a1783c60ddabfbda2a65bc,0xf21c6Bf40f08C55b63fDeC0FC02a214c3e4A64Ed,3.658e-06,-3.09,-0.3333333333333333,81.35,5545.61,h1
2026-09-01T16:02:00+00:00,084BEAR/SOL,084BEAR,solana,pumpswap,79TnQYELT9np1iUuueYU5rmuiBwHLX5TJCn3x3dAan5a,4eXGQJMBZp656x9eqerEc1hepSoe27zvuXBtNuqjpump,2.619e-06,-2.13,-1.0,9.82,2723.96,h1
2026-09-01T16:03:00+00:00,catfish/SOL,Catfish,solana,pumpswap,BD2381TaQhPFjzn1t6NDqb6KJYY9nmosFXFCdE4XbbEW,DnQu6xQd9zzW5dWpKppjNTRcTYFS6JDpK5xLXEZypump,0.0001295,7.27,0.3288888888888889,17875.86,30380.41,h1
2026-09-01T16:03:00+00:00,CHILLAPE/SOL,CHILLAPE,solana,pumpswap,Db4QLY2j3mqzsmBAJgzhrvANhmakQ94tAbmaTXm8Qr4N,9TyMG9GkQncEqH3mvTwphkcTYSXtJYHGuCUrXsKcpump,6.235e-06,-1.18,0.5,12.36,5128.4,h1
2026-09-01T16:03:00+00:00,BANKLESS/ETH,Bankless Coin,robinhood,uniswap,0x5e8c57266bc8b866e6287e05d7b0e96e035b941c72a0d4c427c78096d9771075,0x5e8907A3F45D7B30BE6AddbAb0312E46e5061614,0.0001143,-16.02,0.1666666666666666,22136.94,30992.66,h1
2026-09-01T16:03:00+00:00,DONK/SOL,GOOFYDONK,solana,pumpswap,6JBie8Bk57RaL9fnwvLy8bmHhN179gxDUfdEyFRDMH1d,7WJ3ksZauPhEQJjcWbopPY5SrtRhSSHKR973fRR3pump,3.317e-06,11.79,0.4285714285714285,147.22,3558.72,h1
2026-09-01T16:03:00+00:00,GPRO/WETH,GoPro Inc,robinhood,uniswap,0x7c5e018674151fC1C12fA391AC01C4D2EAFcaD4B,0x960a8eB609257485e868766514118BDCE06b6b02,0.00637,26.2,0.4123711340206185,255018.01,298542.99,h1
2026-09-01T16:03:00+00:00,TOESCOIN/SOL,TOES,solana,pumpswap,EE3zk9Fxp9guair2xeReFxf4TsEXeZFFuWETRna2PkcV,6ehEcTMCc85aNF4x9CWx8HuvWGhxQtvKdhKVf2HDpump,0.006453,1.33,0.2903225806451613,1725.56,390945.22,h1
2026-09-01T16:03:00+00:00,$HACHI/SOL,Hachiko,solana,meteora,DqAfrGV2GBxpGRsq6Xk1z9ojRncqgLeeVPaKg5bCc24Z,x95HN3DWvbfCBtTjGm587z8suK3ec6cwQwgZNLbWKyp,2.682e-09,6.71,-0.0872093023255814,16855.06,84191.88,h1
2026-09-01T16:03:00+00:00,CHUMP/WETH,Chump Coin,robinhood,uniswap,0x714442e9A611f8561A7dF108D6d925132937cFb8,0x0E0d2C89a5a019FE1cF762e5e33187631DACC21B,0.03135,1.0,0.0227743271221532,119034.15,709321.3,h1
2026-09-01T16:03:00+00:00,ODYSSEUS/ETH,KEKIUS ODYSSEUS,robinhood,uniswap,0x2c7007c7abf0e5fd932cf42912d261e714d74955deeadf2670a540ed2aad45ac,0x296293317f67DA4f333968BB86928681e26B77fA,0.0001316,10.16,0.0566037735849056,8418.26,33258.62,h1
2026-09-01T16:03:00+00:00,GASSPAS/SOL,GASSPAS,solana,pumpswap,44FFDFYFCLKAsjxdPVqHBKbSo2e2CBU2SJfhZVqynPEk,GCr352ouzNZkNQd3KZqs6jFuQb8LiYnWsEJSUpSfpump,0.001195,5.01,-0.0385756676557863,28113.82,113218.27,h1
2026-09-01T16:03:00+00:00,BOXED/ETH,Boxed Cat,robinhood,uniswap,0x5fe366e09ea10d84dd642731be7e15faeee3c2aabec705ad7999a7e2d13de5bb,0x76af8d3B40A0d7b5197935D0e84C14f7A3782e87,0.0006508,20.47,0.0952380952380952,9038.75,73938.66,h1
2026-09-01T16:03:00+00:00,CHOMP/SOL,Hungry Chomp,solana,pumpswap,4xvyuFpNFAq8ZrYGStKEN9t8zfNc5vmDW17WCcLY76jU,9AXxGepWb5oHUTM7kzKLHhah561XFh96SpR7vdtspump,7.126e-05,3.96,0.1343283582089552,790.12,21337.11,h1
2026-09-01T16:03:00+00:00,Syndicate/SOL,Syndicate,solana,pumpswap,3ZMNoxKjdybeyfKWnK8esKQGw42MCsBkMTzrfzzTyhbX,3C6nz382qU71aDiEvk5xsmJrzd5Ey6iNXdpTgrjVpump,9.19e-06,-36.49,-0.1666666666666666,1665.68,7515.56,h1
2026-09-01T16:03:00+00:00,Rabbit/WETH,Quantum White Fiber Rabbit,robinhood,uniswap,0x0c65B17e3dd8d04B24503630a333c73D51A29678,0xA7EA2d66cABE01a0fD8C7604055B8a4f67859799,0.0001772,0.0,0.0,0.0,50645.91,h1
2026-09-01T16:03:00+00:00,Ape-1/SOL,Ape-1,solana,pumpswap,4NVqSnpDZ1U28sPZrFZDKYNBs5WJucDjSr9AfCE7ezj4,AUFk4hnNFTxkJ6DWbYB6ZkL7urYcRFzHdKxeUTpxpump,2.136e-06,0.0,0.0,0.0,2380.96,h1
2026-09-01T16:03:00+00:00,NICKGPRO/SOL,NICK GPRO,solana,pumpswap,CztvdCZgL4zeY8BbbupUi2FQf3zLG3U7dR6p5m9TXaAE,91X4ErT2VPRbK6SHsEBQ8J1T25twwFeTJhrHxJv7pump,2.789e-06,0.0,0.0,0.0,3055.07,h1
2026-09-01T16:03:00+00:00,FUKYEAH/SOL,DONALD DUCK,solana,pumpswap,A8F3bDC17pfoGqUZanM1wh68jnKCDRGWECRVPkiMhjGc,DUcjrSmisJATtaQY3K7LvKmCr357uWkjoSGRFnNEpump,0.0001324,217.0,0.2730627306273063,16953.84,29059.59,h1
2026-09-01T16:03:00+00:00,KATANA/ETH,Katana,robinhood,uniswap,0xcedfb1a20f20b3c1d274c9e83fdbf626f50f358adefe2e7a8c0a47e46023168a,0x48760f0658160161c2A1816bA3C3a3e4dF0FE152,3.742e-05,-11.19,-0.3333333333333333,1321.4,17723.4,h1
2026-09-01T16:03:00+00:00,PLXMS/ETH,Italian Plums,robinhood,uniswap,0x8048977defec569a82167259eb9aec3bc2f83d5e97a1783c60ddabfbda2a65bc,0xf21c6Bf40f08C55b63fDeC0FC02a214c3e4A64Ed,3.658e-06,-3.09,-0.3333333333333333,81.35,5545.61,h1
2026-09-01T16:03:00+00:00,084BEAR/SOL,084BEAR,solana,pumpswap,79TnQYELT9np1iUuueYU5rmuiBwHLX5TJCn3x3dAan5a,4eXGQJMBZp656x9eqerEc1hepSoe27zvuXBtNuqjpump,2.619e-06,-2.13,-1.0,9.82,2723.96,h1
2026-09-01T16:10:00+00:00,$HACHI/SOL,Hachiko,solana,meteora,DqAfrGV2GBxpGRsq6Xk1z9ojRncqgLeeVPaKg5bCc24Z,x95HN3DWvbfCBtTjGm587z8suK3ec6cwQwgZNLbWKyp,2.567e-09,0.44,0.0633608815426997,17025.82,82309.6,h1
2026-09-01T16:10:00+00:00,catfish/SOL,Catfish,solana,pumpswap,BD2381TaQhPFjzn1t6NDqb6KJYY9nmosFXFCdE4XbbEW,DnQu6xQd9zzW5dWpKppjNTRcTYFS6JDpK5xLXEZypump,0.0001412,21.51,0.3669724770642202,18021.49,31778.15,h1
2026-09-01T16:10:00+00:00,GPRO/WETH,GoPro Inc,robinhood,uniswap,0x7c5e018674151fC1C12fA391AC01C4D2EAFcaD4B,0x960a8eB609257485e868766514118BDCE06b6b02,0.006112,23.09,0.4042553191489361,269385.59,292341.29,h1
2026-09-01T16:10:00+00:00,GASSPAS/SOL,GASSPAS,solana,pumpswap,44FFDFYFCLKAsjxdPVqHBKbSo2e2CBU2SJfhZVqynPEk,GCr352ouzNZkNQd3KZqs6jFuQb8LiYnWsEJSUpSfpump,0.001198,7.51,0.008955223880597,28657.88,113227.45,h1
2026-09-01T16:10:00+00:00,BANKLESS/ETH,Bankless Coin,robinhood,uniswap,0x5e8c57266bc8b866e6287e05d7b0e96e035b941c72a0d4c427c78096d9771075,0x5e8907A3F45D7B30BE6AddbAb0312E46e5061614,0.0001172,-5.04,0.1393939393939394,22430.17,31337.89,h1
2026-09-01T16:10:00+00:00,TOESCOIN/SOL,TOES,solana,pumpswap,EE3zk9Fxp9guair2xeReFxf4TsEXeZFFuWETRna2PkcV,6ehEcTMCc85aNF4x9CWx8HuvWGhxQtvKdhKVf2HDpump,0.006431,1.35,0.2307692307692307,827.22,389607.36,h1
2026-09-01T16:10:00+00:00,ODYSSEUS/ETH,KEKIUS ODYSSEUS,robinhood,uniswap,0x2c7007c7abf0e5fd932cf42912d261e714d74955deeadf2670a540ed2aad45ac,0x296293317f67DA4f333968BB86928681e26B77fA,0.000136,2.62,0.0192307692307692,8289.51,33767.73,h1
2026-09-01T16:10:00+00:00,CHOMP/SOL,Hungry Chomp,solana,pumpswap,4xvyuFpNFAq8ZrYGStKEN9t8zfNc5vmDW17WCcLY76jU,9AXxGepWb5oHUTM7kzKLHhah561XFh96SpR7vdtspump,7.065e-05,2.5,0.2054794520547945,803.48,21221.48,h1
2026-09-01T16:10:00+00:00,CHUMP/WETH,Chump Coin,robinhood,uniswap,0x714442e9A611f8561A7dF108D6d925132937cFb8,0x0E0d2C89a5a019FE1cF762e5e33187631DACC21B,0.03139,1.13,0.0289855072463768,98165.53,704895.01,h1
2026-09-01T16:10:00+00:00,DONK/SOL,GOOFYDONK,solana,pumpswap,6JBie8Bk57RaL9fnwvLy8bmHhN179gxDUfdEyFRDMH1d,7WJ3ksZauPhEQJjcWbopPY5SrtRhSSHKR973fRR3pump,3.191e-06,7.55,0.25,236.24,3453.37,h1
2026-09-01T16:10:00+00:00,BOXED/ETH,Boxed Cat,robinhood,uniswap,0x5fe366e09ea10d84dd642731be7e15faeee3c2aabec705ad7999a7e2d13de5bb,0x76af8d3B40A0d7b5197935D0e84C14f7A3782e87,0.0006796,23.23,-0.037037037037037,13287.45,75444.44,h1
2026-09-01T16:10:00+00:00,Rabbit/WETH,Quantum White Fiber Rabbit,robinhood,uniswap,0x0c65B17e3dd8d04B24503630a333c73D51A29678,0xA7EA2d66cABE01a0fD8C7604055B8a4f67859799,0.0001772,0.0,0.0,0.0,50645.91,h1
2026-09-01T16:10:00+00:00,Ape-1/SOL,Ape-1,solana,pumpswap,4NVqSnpDZ1U28sPZrFZDKYNBs5WJucDjSr9AfCE7ezj4,AUFk4hnNFTxkJ6DWbYB6ZkL7urYcRFzHdKxeUTpxpump,2.136e-06,0.0,0.0,0.0,2380.96,h1
2026-09-01T16:10:00+00:00,NICKGPRO/SOL,NICK GPRO,solana,pumpswap,CztvdCZgL4zeY8BbbupUi2FQf3zLG3U7dR6p5m9TXaAE,91X4ErT2VPRbK6SHsEBQ8J1T25twwFeTJhrHxJv7pump,2.789e-06,0.0,0.0,0.0,3055.07,h1
2026-09-01T16:10:00+00:00,Syndicate/SOL,Syndicate,solana,pumpswap,3ZMNoxKjdybeyfKWnK8esKQGw42MCsBkMTzrfzzTyhbX,3C6nz382qU71aDiEvk5xsmJrzd5Ey6iNXdpTgrjVpump,9.015e-06,-37.86,-0.2289156626506024,1637.99,7421.85,h1
2026-09-01T16:10:00+00:00,KATANA/ETH,Katana,robinhood,uniswap,0xcedfb1a20f20b3c1d274c9e83fdbf626f50f358adefe2e7a8c0a47e46023168a,0x48760f0658160161c2A1816bA3C3a3e4dF0FE152,3.734e-05,-1.35,-0.1111111111111111,854.43,17693.43,h1
2026-09-01T16:10:00+00:00,FUKYEAH/SOL,DONALD DUCK,solana,pumpswap,A8F3bDC17pfoGqUZanM1wh68jnKCDRGWECRVPkiMhjGc,DUcjrSmisJATtaQY3K7LvKmCr357uWkjoSGRFnNEpump,0.000171,310.0,0.2700490998363339,20526.19,33278.82,h1
2026-09-01T16:10:00+00:00,PLXMS/ETH,Italian Plums,robinhood,uniswap,0x8048977defec569a82167259eb9aec3bc2f83d5e97a1783c60ddabfbda2a65bc,0xf21c6Bf40f08C55b63fDeC0FC02a214c3e4A64Ed,3.658e-06,-3.09,-0.3333333333333333,81.35,5545.61,h1
2026-09-01T16:10:00+00:00,084BEAR/SOL,084BEAR,solana,pumpswap,79TnQYELT9np1iUuueYU5rmuiBwHLX5TJCn3x3dAan5a,4eXGQJMBZp656x9eqerEc1hepSoe27zvuXBtNuqjpump,2.619e-06,-2.13,-1.0,9.82,2723.96,h1
2026-09-01T16:10:00+00:00,CHILLAPE/SOL,CHILLAPE,solana,pumpswap,Db4QLY2j3mqzsmBAJgzhrvANhmakQ94tAbmaTXm8Qr4N,9TyMG9GkQncEqH3mvTwphkcTYSXtJYHGuCUrXsKcpump,6.198e-06,-0.59,-1.0,0.97,5119.44,h1
2026-09-01T16:11:00+00:00,$HACHI/SOL,Hachiko,solana,meteora,DqAfrGV2GBxpGRsq6Xk1z9ojRncqgLeeVPaKg5bCc24Z,x95HN3DWvbfCBtTjGm587z8suK3ec6cwQwgZNLbWKyp,2.567e-09,0.44,0.0633608815426997,17025.82,82309.6,h1
2026-09-01T16:11:00+00:00,catfish/SOL,Catfish,solana,pumpswap,BD2381TaQhPFjzn1t6NDqb6KJYY9nmosFXFCdE4XbbEW,DnQu6xQd9zzW5dWpKppjNTRcTYFS6JDpK5xLXEZypump,0.0001412,21.51,0.3669724770642202,18021.49,31778.15,h1
2026-09-01T16:11:00+00:00,GPRO/WETH,GoPro Inc,robinhood,uniswap,0x7c5e018674151fC1C12fA391AC01C4D2EAFcaD4B,0x960a8eB609257485e868766514118BDCE06b6b02,0.006112,23.09,0.4042553191489361,269385.59,292341.29,h1
2026-09-01T16:11:00+00:00,GASSPAS/SOL,GASSPAS,solana,pumpswap,44FFDFYFCLKAsjxdPVqHBKbSo2e2CBU2SJfhZVqynPEk,GCr352ouzNZkNQd3KZqs6jFuQb8LiYnWsEJSUpSfpump,0.001198,7.51,0.008955223880597,28657.88,113227.45,h1
2026-09-01T16:11:00+00:00,BANKLESS/ETH,Bankless Coin,robinhood,uniswap,0x5e8c57266bc8b866e6287e05d7b0e96e035b941c72a0d4c427c78096d9771075,0x5e8907A3F45D7B30BE6AddbAb0312E46e5061614,0.0001172,-5.04,0.1393939393939394,22430.17,31337.89,h1
2026-09-01T16:11:00+00:00,TOESCOIN/SOL,TOES,solana,pumpswap,EE3zk9Fxp9guair2xeReFxf4TsEXeZFFuWETRna2PkcV,6ehEcTMCc85aNF4x9CWx8HuvWGhxQtvKdhKVf2HDpump,0.006431,1.35,0.2307692307692307,827.22,389607.36,h1
2026-09-01T16:11:00+00:00,ODYSSEUS/ETH,KEKIUS ODYSSEUS,robinhood,uniswap,0x2c7007c7abf0e5fd932cf42912d261e714d74955deeadf2670a540ed2aad45ac,0x296293317f67DA4f333968BB86928681e26B77fA,0.000136,2.62,0.0192307692307692,8289.51,33767.73,h1
2026-09-01T16:11:00+00:00,CHOMP/SOL,Hungry Chomp,solana,pumpswap,4xvyuFpNFAq8ZrYGStKEN9t8zfNc5vmDW17WCcLY76jU,9AXxGepWb5oHUTM7kzKLHhah561XFh96SpR7vdtspump,7.065e-05,2.5,0.2054794520547945,803.48,21221.48,h1
2026-09-01T16:11:00+00:00,CHUMP/WETH,Chump Coin,robinhood,uniswap,0x714442e9A611f8561A7dF108D6d925132937cFb8,0x0E0d2C89a5a019FE1cF762e5e33187631DACC21B,0.03139,1.13,0.0289855072463768,98165.53,704895.01,h1
2026-09-01T16:11:00+00:00,DONK/SOL,GOOFYDONK,solana,pumpswap,6JBie8Bk57RaL9fnwvLy8bmHhN179gxDUfdEyFRDMH1d,7WJ3ksZauPhEQJjcWbopPY5SrtRhSSHKR973fRR3pump,3.191e-06,7.55,0.25,236.24,3453.37,h1
2026-09-01T16:11:00+00:00,BOXED/ETH,Boxed Cat,robinhood,uniswap,0x5fe366e09ea10d84dd642731be7e15faeee3c2aabec705ad7999a7e2d13de5bb,0x76af8d3B40A0d7b5197935D0e84C14f7A3782e87,0.0006796,23.23,-0.037037037037037,13287.45,75444.44,h1
2026-09-01T16:11:00+00:00,Rabbit/WETH,Quantum White Fiber Rabbit,robinhood,uniswap,0x0c65B17e3dd8d04B24503630a333c73D51A29678,0xA7EA2d66cABE01a0fD8C7604055B8a4f67859799,0.0001772,0.0,0.0,0.0,50645.91,h1
2026-09-01T16:11:00+00:00,Ape-1/SOL,Ape-1,solana,pumpswap,4NVqSnpDZ1U28sPZrFZDKYNBs5WJucDjSr9AfCE7ezj4,AUFk4hnNFTxkJ6DWbYB6ZkL7urYcRFzHdKxeUTpxpump,2.136e-06,0.0,0.0,0.0,2380.96,h1
2026-09-01T16:11:00+00:00,NICKGPRO/SOL,NICK GPRO,solana,pumpswap,CztvdCZgL4zeY8BbbupUi2FQf3zLG3U7dR6p5m9TXaAE,91X4ErT2VPRbK6SHsEBQ8J1T25twwFeTJhrHxJv7pump,2.789e-06,0.0,0.0,0.0,3055.07,h1
2026-09-01T16:11:00+00:00,Syndicate/SOL,Syndicate,solana,pumpswap,3ZMNoxKjdybeyfKWnK8esKQGw42MCsBkMTzrfzzTyhbX,3C6nz382qU71aDiEvk5xsmJrzd5Ey6iNXdpTgrjVpump,9.015e-06,-37.86,-0.2289156626506024,1637.99,7421.85,h1
2026-09-01T16:11:00+00:00,KATANA/ETH,Katana,robinhood,uniswap,0xcedfb1a20f20b3c1d274c9e83fdbf626f50f358adefe2e7a8c0a47e46023168a,0x48760f0658160161c2A1816bA3C3a3e4dF0FE152,3.734e-05,-1.35,-0.1111111111111111,854.43,17693.43,h1
2026-09-01T16:11:00+00:00,FUKYEAH/SOL,DONALD DUCK,solana,pumpswap,A8F3bDC17pfoGqUZanM1wh68jnKCDRGWECRVPkiMhjGc,DUcjrSmisJATtaQY3K7LvKmCr357uWkjoSGRFnNEpump,0.000171,310.0,0.2700490998363339,20526.19,33278.82,h1
2026-09-01T16:11:00+00:00,PLXMS/ETH,Italian Plums,robinhood,uniswap,0x8048977defec569a82167259eb9aec3bc2f83d5e97a1783c60ddabfbda2a65bc,0xf21c6Bf40f08C55b63fDeC0FC02a214c3e4A64Ed,3.658e-06,-3.09,-0.3333333333333333,81.35,5545.61,h1
2026-09-01T16:11:00+00:00,084BEAR/SOL,084BEAR,solana,pumpswap,79TnQYELT9np1iUuueYU5rmuiBwHLX5TJCn3x3dAan5a,4eXGQJMBZp656x9eqerEc1hepSoe27zvuXBtNuqjpump,2.619e-06,-2.13,-1.0,9.82,2723.96,h1
2026-09-01T16:11:00+00:00,CHILLAPE/SOL,CHILLAPE,solana,pumpswap,Db4QLY2j3mqzsmBAJgzhrvANhmakQ94tAbmaTXm8Qr4N,9TyMG9GkQncEqH3mvTwphkcTYSXtJYHGuCUrXsKcpump,6.198e-06,-0.59,-1.0,0.97,5119.44,h1
2026-09-01T16:12:00+00:00,GPRO/WETH,GoPro Inc,robinhood,uniswap,0x7c5e018674151fC1C12fA391AC01C4D2EAFcaD4B,0x960a8eB609257485e868766514118BDCE06b6b02,0.005785,11.22,0.3854166666666667,278155.02,284269.36,h1
2026-09-01T16:12:00+00:00,$HACHI/SOL,Hachiko,solana,meteora,DqAfrGV2GBxpGRsq6Xk1z9ojRncqgLeeVPaKg5bCc24Z,x95HN3DWvbfCBtTjGm587z8suK3ec6cwQwgZNLbWKyp,2.63e-09,1.45,0.0493150684931506,17706.77,83294.91,h1
2026-09-01T16:12:00+00:00,catfish/SOL,Catfish,solana,pumpswap,BD2381TaQhPFjzn1t6NDqb6KJYY9nmosFXFCdE4XbbEW,DnQu6xQd9zzW5dWpKppjNTRcTYFS6JDpK5xLXEZypump,0.0001681,41.64,0.3245614035087719,20696.91,34814.38,h1
2026-09-01T16:12:00+00:00,DONK/SOL,GOOFYDONK,solana,pumpswap,6JBie8Bk57RaL9fnwvLy8bmHhN179gxDUfdEyFRDMH1d,7WJ3ksZauPhEQJjcWbopPY5SrtRhSSHKR973fRR3pump,3.191e-06,7.55,0.25,236.24,3453.37,h1
2026-09-01T16:12:00+00:00,GASSPAS/SOL,GASSPAS,solana,pumpswap,44FFDFYFCLKAsjxdPVqHBKbSo2e2CBU2SJfhZVqynPEk,GCr352ouzNZkNQd3KZqs6jFuQb8LiYnWsEJSUpSfpump,0.001206,8.22,0.0184049079754601,28326.1,113629.95,h1
2026-09-01T16:12:00+00:00,BANKLESS/ETH,Bankless Coin,robinhood,uniswap,0x5e8c57266bc8b866e6287e05d7b0e96e035b941c72a0d4c427c78096d9771075,0x5e8907A3F45D7B30BE6AddbAb0312E46e5061614,0.0001207,-0.93,0.1139240506329113,21742.63,31804.58,h1
2026-09-01T16:12:00+00:00,CHOMP/SOL,Hungry Chomp,solana,pumpswap,4xvyuFpNFAq8ZrYGStKEN9t8zfNc5vmDW17WCcLY76jU,9AXxGepWb5oHUTM7kzKLHhah561XFh96SpR7vdtspump,7.058e-05,3.65,0.1830985915492957,777.2,21210.25,h1
2026-09-01T16:12:00+00:00,BOXED/ETH,Boxed Cat,robinhood,uniswap,0x5fe366e09ea10d84dd642731be7e15faeee3c2aabec705ad7999a7e2d13de5bb,0x76af8d3B40A0d7b5197935D0e84C14f7A3782e87,0.0006804,16.85,0.0188679245283018,12168.98,75466.91,h1
2026-09-01T16:12:00+00:00,ODYSSEUS/ETH,KEKIUS ODYSSEUS,robinhood,uniswap,0x2c7007c7abf0e5fd932cf42912d261e714d74955deeadf2670a540ed2aad45ac,0x296293317f67DA4f333968BB86928681e26B77fA,0.0001327,0.11,-0.0093457943925233,8485.37,33329.51,h1
2026-09-01T16:12:00+00:00,TOESCOIN/SOL,TOES,solana,pumpswap,EE3zk9Fxp9guair2xeReFxf4TsEXeZFFuWETRna2PkcV,6ehEcTMCc85aNF4x9CWx8HuvWGhxQtvKdhKVf2HDpump,0.006431,1.31,0.1538461538461538,796.19,389605.18,h1
2026-09-01T16:12:00+00:00,CHUMP/WETH,Chump Coin,robinhood,uniswap,0x714442e9A611f8561A7dF108D6d925132937cFb8,0x0E0d2C89a5a019FE1cF762e5e33187631DACC21B,0.03125,0.52,-0.0074812967581047,95582.13,703215.63,h1
2026-09-01T16:12:00+00:00,KATANA/ETH,Katana,robinhood,uniswap,0xcedfb1a20f20b3c1d274c9e83fdbf626f50f358adefe2e7a8c0a47e46023168a,0x48760f0658160161c2A1816bA3C3a3e4dF0FE152,3.734e-05,-0.63,0.0,821.89,17693.43,h1
2026-09-01T16:12:00+00:00,NICKGPRO/SOL,NICK GPRO,solana,pumpswap,CztvdCZgL4zeY8BbbupUi2FQf3zLG3U7dR6p5m9TXaAE,91X4ErT2VPRbK6SHsEBQ8J1T25twwFeTJhrHxJv7pump,2.789e-06,0.0,0.0,0.0,3055.07,h1
2026-09-01T16:12:00+00:00,Rabbit/WETH,Quantum White Fiber Rabbit,robinhood,uniswap,0x0c65B17e3dd8d04B24503630a333c73D51A29678,0xA7EA2d66cABE01a0fD8C7604055B8a4f67859799,0.0001772,0.0,0.0,0.0,50645.91,h1
2026-09-01T16:12:00+00:00,Ape-1/SOL,Ape-1,solana,pumpswap,4NVqSnpDZ1U28sPZrFZDKYNBs5WJucDjSr9AfCE7ezj4,AUFk4hnNFTxkJ6DWbYB6ZkL7urYcRFzHdKxeUTpxpump,2.136e-06,0.0,0.0,0.0,2380.96,h1
2026-09-01T16:12:00+00:00,CHILLAPE/SOL,CHILLAPE,solana,pumpswap,Db4QLY2j3mqzsmBAJgzhrvANhmakQ94tAbmaTXm8Qr4N,9TyMG9GkQncEqH3mvTwphkcTYSXtJYHGuCUrXsKcpump,6.303e-06,1.09,0.0,15.18,5177.84,h1
2026-09-01T16:12:00+00:00,Syndicate/SOL,Syndicate,solana,pumpswap,3ZMNoxKjdybeyfKWnK8esKQGw42MCsBkMTzrfzzTyhbX,3C6nz382qU71aDiEvk5xsmJrzd5Ey6iNXdpTgrjVpump,9.063e-06,-37.02,-0.1904761904761904,1647.19,7440.75,h1
2026-09-01T16:12:00+00:00,FUKYEAH/SOL,DONALD DUCK,solana,pumpswap,A8F3bDC17pfoGqUZanM1wh68jnKCDRGWECRVPkiMhjGc,DUcjrSmisJATtaQY3K7LvKmCr357uWkjoSGRFnNEpump,0.0001817,335.0,0.2676056338028169,21213.73,34366.91,h1
2026-09-01T16:12:00+00:00,PLXMS/ETH,Italian Plums,robinhood,uniswap,0x8048977defec569a82167259eb9aec3bc2f83d5e97a1783c60ddabfbda2a65bc,0xf21c6Bf40f08C55b63fDeC0FC02a214c3e4A64Ed,3.658e-06,-3.09,-0.3333333333333333,81.35,5545.61,h1
2026-09-01T16:12:00+00:00,084BEAR/SOL,084BEAR,solana,pumpswap,79TnQYELT9np1iUuueYU5rmuiBwHLX5TJCn3x3dAan5a,4eXGQJMBZp656x9eqerEc1hepSoe27zvuXBtNuqjpump,2.619e-06,-2.13,-1.0,9.82,2723.96,h1
2026-09-01T16:13:00+00:00,GPRO/WETH,GoPro Inc,robinhood,uniswap,0x7c5e018674151fC1C12fA391AC01C4D2EAFcaD4B,0x960a8eB609257485e868766514118BDCE06b6b02,0.005785,11.22,0.3854166666666667,278155.02,284269.36,h1
2026-09-01T16:13:00+00:00,$HACHI/SOL,Hachiko,solana,meteora,DqAfrGV2GBxpGRsq6Xk1z9ojRncqgLeeVPaKg5bCc24Z,x95HN3DWvbfCBtTjGm587z8suK3ec6cwQwgZNLbWKyp,2.63e-09,1.45,0.0493150684931506,17706.77,83294.91,h1
2026-09-01T16:13:00+00:00,catfish/SOL,Catfish,solana,pumpswap,BD2381TaQhPFjzn1t6NDqb6KJYY9nmosFXFCdE4XbbEW,DnQu6xQd9zzW5dWpKppjNTRcTYFS6JDpK5xLXEZypump,0.0001681,41.64,0.3245614035087719,20696.91,34814.38,h1
2026-09-01T16:13:00+00:00,DONK/SOL,GOOFYDONK,solana,pumpswap,6JBie8Bk57RaL9fnwvLy8bmHhN179gxDUfdEyFRDMH1d,7WJ3ksZauPhEQJjcWbopPY5SrtRhSSHKR973fRR3pump,3.191e-06,7.55,0.25,236.24,3453.37,h1
2026-09-01T16:13:00+00:00,GASSPAS/SOL,GASSPAS,solana,pumpswap,44FFDFYFCLKAsjxdPVqHBKbSo2e2CBU2SJfhZVqynPEk,GCr352ouzNZkNQd3KZqs6jFuQb8LiYnWsEJSUpSfpump,0.001206,8.22,0.0184049079754601,28326.1,113629.95,h1
2026-09-01T16:13:00+00:00,BANKLESS/ETH,Bankless Coin,robinhood,uniswap,0x5e8c57266bc8b866e6287e05d7b0e96e035b941c72a0d4c427c78096d9771075,0x5e8907A3F45D7B30BE6AddbAb0312E46e5061614,0.0001207,-0.93,0.1139240506329113,21742.63,31804.58,h1
2026-09-01T16:13:00+00:00,CHOMP/SOL,Hungry Chomp,solana,pumpswap,4xvyuFpNFAq8ZrYGStKEN9t8zfNc5vmDW17WCcLY76jU,9AXxGepWb5oHUTM7kzKLHhah561XFh96SpR7vdtspump,7.058e-05,3.65,0.1830985915492957,777.2,21210.25,h1
2026-09-01T16:13:00+00:00,BOXED/ETH,Boxed Cat,robinhood,uniswap,0x5fe366e09ea10d84dd642731be7e15faeee3c2aabec705ad7999a7e2d13de5bb,0x76af8d3B40A0d7b5197935D0e84C14f7A3782e87,0.0006804,16.85,0.0188679245283018,12168.98,75466.91,h1
2026-09-01T16:13:00+00:00,ODYSSEUS/ETH,KEKIUS ODYSSEUS,robinhood,uniswap,0x2c7007c7abf0e5fd932cf42912d261e714d74955deeadf2670a540ed2aad45ac,0x296293317f67DA4f333968BB86928681e26B77fA,0.0001327,0.11,-0.0093457943925233,8485.37,33329.51,h1
2026-09-01T16:13:00+00:00,TOESCOIN/SOL,TOES,solana,pumpswap,EE3zk9Fxp9guair2xeReFxf4TsEXeZFFuWETRna2PkcV,6ehEcTMCc85aNF4x9CWx8HuvWGhxQtvKdhKVf2HDpump,0.006431,1.31,0.1538461538461538,796.19,389605.18,h1
2026-09-01T16:13:00+00:00,CHUMP/WETH,Chump Coin,robinhood,uniswap,0x714442e9A611f8561A7dF108D6d925132937cFb8,0x0E0d2C89a5a019FE1cF762e5e33187631DACC21B,0.03125,0.52,-0.0074812967581047,95582.13,703215.63,h1
2026-09-01T16:13:00+00:00,KATANA/ETH,Katana,robinhood,uniswap,0xcedfb1a20f20b3c1d274c9e83fdbf626f50f358adefe2e7a8c0a47e46023168a,0x48760f0658160161c2A1816bA3C3a3e4dF0FE152,3.734e-05,-0.63,0.0,821.89,17693.43,h1
2026-09-01T16:13:00+00:00,NICKGPRO/SOL,NICK GPRO,solana,pumpswap,CztvdCZgL4zeY8BbbupUi2FQf3zLG3U7dR6p5m9TXaAE,91X4ErT2VPRbK6SHsEBQ8J1T25twwFeTJhrHxJv7pump,2.789e-06,0.0,0.0,0.0,3055.07,h1
2026-09-01T16:13:00+00:00,Rabbit/WETH,Quantum White Fiber Rabbit,robinhood,uniswap,0x0c65B17e3dd8d04B24503630a333c73D51A29678,0xA7EA2d66cABE01a0fD8C7604055B8a4f67859799,0.0001772,0.0,0.0,0.0,50645.91,h1
2026-09-01T16:13:00+00:00,Ape-1/SOL,Ape-1,solana,pumpswap,4NVqSnpDZ1U28sPZrFZDKYNBs5WJucDjSr9AfCE7ezj4,AUFk4hnNFTxkJ6DWbYB6ZkL7urYcRFzHdKxeUTpxpump,2.136e-06,0.0,0.0,0.0,2380.96,h1
2026-09-01T16:13:00+00:00,CHILLAPE/SOL,CHILLAPE,solana,pumpswap,Db4QLY2j3mqzsmBAJgzhrvANhmakQ94tAbmaTXm8Qr4N,9TyMG9GkQncEqH3mvTwphkcTYSXtJYHGuCUrXsKcpump,6.303e-06,1.09,0.0,15.18,5177.84,h1
2026-09-01T16:13:00+00:00,Syndicate/SOL,Syndicate,solana,pumpswap,3ZMNoxKjdybeyfKWnK8esKQGw42MCsBkMTzrfzzTyhbX,3C6nz382qU71aDiEvk5xsmJrzd5Ey6iNXdpTgrjVpump,9.063e-06,-37.02,-0.1904761904761904,1647.19,7440.75,h1
2026-09-01T16:13:00+00:00,FUKYEAH/SOL,DONALD DUCK,solana,pumpswap,A8F3bDC17pfoGqUZanM1wh68jnKCDRGWECRVPkiMhjGc,DUcjrSmisJATtaQY3K7LvKmCr357uWkjoSGRFnNEpump,0.0001817,335.0,0.2676056338028169,21213.73,34366.91,h1
2026-09-01T16:13:00+00:00,PLXMS/ETH,Italian Plums,robinhood,uniswap,0x8048977defec569a82167259eb9aec3bc2f83d5e97a1783c60ddabfbda2a65bc,0xf21c6Bf40f08C55b63fDeC0FC02a214c3e4A64Ed,3.658e-06,-3.09,-0.3333333333333333,81.35,5545.61,h1
2026-09-01T16:13:00+00:00,084BEAR/SOL,084BEAR,solana,pumpswap,79TnQYELT9np1iUuueYU5rmuiBwHLX5TJCn3x3dAan5a,4eXGQJMBZp656x9eqerEc1hepSoe27zvuXBtNuqjpump,2.619e-06,-2.13,-1.0,9.82,2723.96,h1
2026-09-01T16:19:00+00:00,GPRO/WETH,GoPro Inc,robinhood,uniswap,0x7c5e018674151fC1C12fA391AC01C4D2EAFcaD4B,0x960a8eB609257485e868766514118BDCE06b6b02,0.005588,1.95,0.3678756476683937,285698.18,279094.93,h1
2026-09-01T16:19:00+00:00,$HACHI/SOL,Hachiko,solana,meteora,DqAfrGV2GBxpGRsq6Xk1z9ojRncqgLeeVPaKg5bCc24Z,x95HN3DWvbfCBtTjGm587z8suK3ec6cwQwgZNLbWKyp,2.706e-09,1.17,0.0338028169014084,17588.68,84417.66,h1
2026-09-01T16:19:00+00:00,catfish/SOL,Catfish,solana,pumpswap,BD2381TaQhPFjzn1t6NDqb6KJYY9nmosFXFCdE4XbbEW,DnQu6xQd9zzW5dWpKppjNTRcTYFS6JDpK5xLXEZypump,0.0001684,41.09,0.3041666666666666,21447.16,34822.43,h1
2026-09-01T16:19:00+00:00,GASSPAS/SOL,GASSPAS,solana,pumpswap,44FFDFYFCLKAsjxdPVqHBKbSo2e2CBU2SJfhZVqynPEk,GCr352ouzNZkNQd3KZqs6jFuQb8LiYnWsEJSUpSfpump,0.001285,3.54,0.0973451327433628,27189.2,117164.52,h1
2026-09-01T16:19:00+00:00,BANKLESS/ETH,Bankless Coin,robinhood,uniswap,0x5e8c57266bc8b866e6287e05d7b0e96e035b941c72a0d4c427c78096d9771075,0x5e8907A3F45D7B30BE6AddbAb0312E46e5061614,0.0001279,-11.02,0.1392405063291139,20517.24,32689.28,h1
2026-09-01T16:19:00+00:00,DONK/SOL,GOOFYDONK,solana,pumpswap,6JBie8Bk57RaL9fnwvLy8bmHhN179gxDUfdEyFRDMH1d,7WJ3ksZauPhEQJjcWbopPY5SrtRhSSHKR973fRR3pump,2.972e-06,1.09,0.25,318.54,3267.86,h1
2026-09-01T16:19:00+00:00,CHOMP/SOL,Hungry Chomp,solana,pumpswap,4xvyuFpNFAq8ZrYGStKEN9t8zfNc5vmDW17WCcLY76jU,9AXxGepWb5oHUTM7kzKLHhah561XFh96SpR7vdtspump,7.082e-05,1.36,0.1948051948051948,760.97,21230.38,h1
2026-09-01T16:19:00+00:00,ODYSSEUS/ETH,KEKIUS ODYSSEUS,robinhood,uniswap,0x2c7007c7abf0e5fd932cf42912d261e714d74955deeadf2670a540ed2aad45ac,0x296293317f67DA4f333968BB86928681e26B77fA,0.0001324,-6.9,-0.0099009900990099,7441.88,33268.88,h1
2026-09-01T16:19:00+00:00,BOXED/ETH,Boxed Cat,robinhood,uniswap,0x5fe366e09ea10d84dd642731be7e15faeee3c2aabec705ad7999a7e2d13de5bb,0x76af8d3B40A0d7b5197935D0e84C14f7A3782e87,0.0006601,5.53,-0.0545454545454545,10809.43,74277.82,h1
2026-09-01T16:19:00+00:00,CHUMP/WETH,Chump Coin,robinhood,uniswap,0x714442e9A611f8561A7dF108D6d925132937cFb8,0x0E0d2C89a5a019FE1cF762e5e33187631DACC21B,0.03111,-0.18,-0.0171428571428571,80947.6,700845.18,h1
2026-09-01T16:19:00+00:00,TOESCOIN/SOL,TOES,solana,pumpswap,EE3zk9Fxp9guair2xeReFxf4TsEXeZFFuWETRna2PkcV,6ehEcTMCc85aNF4x9CWx8HuvWGhxQtvKdhKVf2HDpump,0.006369,0.86,0.037037037037037,830.31,387379.68,h1
2026-09-01T16:19:00+00:00,Syndicate/SOL,Syndicate,solana,pumpswap,3ZMNoxKjdybeyfKWnK8esKQGw42MCsBkMTzrfzzTyhbX,3C6nz382qU71aDiEvk5xsmJrzd5Ey6iNXdpTgrjVpump,9.153e-06,-36.97,-0.1590909090909091,1669.73,7486.45,h1
2026-09-01T16:19:00+00:00,Ape-1/SOL,Ape-1,solana,pumpswap,4NVqSnpDZ1U28sPZrFZDKYNBs5WJucDjSr9AfCE7ezj4,AUFk4hnNFTxkJ6DWbYB6ZkL7urYcRFzHdKxeUTpxpump,2.136e-06,0.0,0.0,0.0,2380.96,h1
2026-09-01T16:19:00+00:00,Rabbit/WETH,Quantum White Fiber Rabbit,robinhood,uniswap,0x0c65B17e3dd8d04B24503630a333c73D51A29678,0xA7EA2d66cABE01a0fD8C7604055B8a4f67859799,0.0001772,0.0,0.0,0.0,50645.91,h1
2026-09-01T16:19:00+00:00,NICKGPRO/SOL,NICK GPRO,solana,pumpswap,CztvdCZgL4zeY8BbbupUi2FQf3zLG3U7dR6p5m9TXaAE,91X4ErT2VPRbK6SHsEBQ8J1T25twwFeTJhrHxJv7pump,2.789e-06,0.0,0.0,0.0,3055.07,h1
2026-09-01T16:19:00+00:00,084BEAR/SOL,084BEAR,solana,pumpswap,79TnQYELT9np1iUuueYU5rmuiBwHLX5TJCn3x3dAan5a,4eXGQJMBZp656x9eqerEc1hepSoe27zvuXBtNuqjpump,2.619e-06,0.0,0.0,0.0,2723.96,h1
2026-09-01T16:19:00+00:00,CHILLAPE/SOL,CHILLAPE,solana,pumpswap,Db4QLY2j3mqzsmBAJgzhrvANhmakQ94tAbmaTXm8Qr4N,9TyMG9GkQncEqH3mvTwphkcTYSXtJYHGuCUrXsKcpump,6.303e-06,1.09,0.0,15.18,5177.84,h1
2026-09-01T16:19:00+00:00,FUKYEAH/SOL,DONALD DUCK,solana,pumpswap,A8F3bDC17pfoGqUZanM1wh68jnKCDRGWECRVPkiMhjGc,DUcjrSmisJATtaQY3K7LvKmCr357uWkjoSGRFnNEpump,0.0001595,282.0,0.2538141470180305,24104.9,32033.77,h1
2026-09-01T16:19:00+00:00,KATANA/ETH,Katana,robinhood,uniswap,0xcedfb1a20f20b3c1d274c9e83fdbf626f50f358adefe2e7a8c0a47e46023168a,0x48760f0658160161c2A1816bA3C3a3e4dF0FE152,3.734e-05,0.28,-0.3333333333333333,9.23,17693.43,h1
2026-09-01T16:19:00+00:00,PLXMS/ETH,Italian Plums,robinhood,uniswap,0x8048977defec569a82167259eb9aec3bc2f83d5e97a1783c60ddabfbda2a65bc,0xf21c6Bf40f08C55b63fDeC0FC02a214c3e4A64Ed,3.658e-06,-3.8,-1.0,61.94,5545.61,h1
2026-09-01T16:21:00+00:00,$HACHI/SOL,Hachiko,solana,meteora,DqAfrGV2GBxpGRsq6Xk1z9ojRncqgLeeVPaKg5bCc24Z,x95HN3DWvbfCBtTjGm587z8suK3ec6cwQwgZNLbWKyp,2.692e-09,-0.27,0.0947368421052631,16275.01,84122.76,h1
2026-09-01T16:21:00+00:00,GPRO/WETH,GoPro Inc,robinhood,uniswap,0x7c5e018674151fC1C12fA391AC01C4D2EAFcaD4B,0x960a8eB609257485e868766514118BDCE06b6b02,0.005985,6.36,0.3782383419689119,285412.57,289631.99,h1
2026-09-01T16:21:00+00:00,GASSPAS/SOL,GASSPAS,solana,pumpswap,44FFDFYFCLKAsjxdPVqHBKbSo2e2CBU2SJfhZVqynPEk,GCr352ouzNZkNQd3KZqs6jFuQb8LiYnWsEJSUpSfpump,0.001297,7.88,0.1394658753709199,26743.97,117691.14,h1
2026-09-01T16:21:00+00:00,catfish/SOL,Catfish,solana,pumpswap,BD2381TaQhPFjzn1t6NDqb6KJYY9nmosFXFCdE4XbbEW,DnQu6xQd9zzW5dWpKppjNTRcTYFS6JDpK5xLXEZypump,0.0001663,39.02,0.297741273100616,21284.72,34597.23,h1
2026-09-01T16:21:00+00:00,BANKLESS/ETH,Bankless Coin,robinhood,uniswap,0x5e8c57266bc8b866e6287e05d7b0e96e035b941c72a0d4c427c78096d9771075,0x5e8907A3F45D7B30BE6AddbAb0312E46e5061614,0.0001275,-11.77,0.1096774193548387,19774.46,32622.34,h1
2026-09-01T16:21:00+00:00,DONK/SOL,GOOFYDONK,solana,pumpswap,6JBie8Bk57RaL9fnwvLy8bmHhN179gxDUfdEyFRDMH1d,7WJ3ksZauPhEQJjcWbopPY5SrtRhSSHKR973fRR3pump,2.972e-06,1.09,0.25,318.54,3267.86,h1
2026-09-01T16:21:00+00:00,CHOMP/SOL,Hungry Chomp,solana,pumpswap,4xvyuFpNFAq8ZrYGStKEN9t8zfNc5vmDW17WCcLY76jU,9AXxGepWb5oHUTM7kzKLHhah561XFh96SpR7vdtspump,6.996e-05,0.2,0.2105263157894736,745.09,21072.84,h1
2026-09-01T16:21:00+00:00,ODYSSEUS/ETH,KEKIUS ODYSSEUS,robinhood,uniswap,0x2c7007c7abf0e5fd932cf42912d261e714d74955deeadf2670a540ed2aad45ac,0x296293317f67DA4f333968BB86928681e26B77fA,0.0001324,-6.71,-0.0416666666666666,7280.6,33268.88,h1
2026-09-01T16:21:00+00:00,BOXED/ETH,Boxed Cat,robinhood,uniswap,0x5fe366e09ea10d84dd642731be7e15faeee3c2aabec705ad7999a7e2d13de5bb,0x76af8d3B40A0d7b5197935D0e84C14f7A3782e87,0.0006601,5.53,-0.0545454545454545,10809.43,74277.82,h1
2026-09-01T16:21:00+00:00,CHUMP/WETH,Chump Coin,robinhood,uniswap,0x714442e9A611f8561A7dF108D6d925132937cFb8,0x0E0d2C89a5a019FE1cF762e5e33187631DACC21B,0.03107,-0.26,-0.0029498525073746,78565.83,699558.06,h1
2026-09-01T16:21:00+00:00,Syndicate/SOL,Syndicate,solana,pumpswap,3ZMNoxKjdybeyfKWnK8esKQGw42MCsBkMTzrfzzTyhbX,3C6nz382qU71aDiEvk5xsmJrzd5Ey6iNXdpTgrjVpump,9.165e-06,-36.88,-0.1555555555555555,1671.5,7487.17,h1
2026-09-01T16:21:00+00:00,TOESCOIN/SOL,TOES,solana,pumpswap,EE3zk9Fxp9guair2xeReFxf4TsEXeZFFuWETRna2PkcV,6ehEcTMCc85aNF4x9CWx8HuvWGhxQtvKdhKVf2HDpump,0.006369,0.87,0.0769230769230769,830.26,387379.68,h1
2026-09-01T16:21:00+00:00,NICKGPRO/SOL,NICK GPRO,solana,pumpswap,CztvdCZgL4zeY8BbbupUi2FQf3zLG3U7dR6p5m9TXaAE,91X4ErT2VPRbK6SHsEBQ8J1T25twwFeTJhrHxJv7pump,2.789e-06,0.0,0.0,0.0,3055.07,h1
2026-09-01T16:21:00+00:00,Rabbit/WETH,Quantum White Fiber Rabbit,robinhood,uniswap,0x0c65B17e3dd8d04B24503630a333c73D51A29678,0xA7EA2d66cABE01a0fD8C7604055B8a4f67859799,0.0001772,0.0,0.0,0.0,50645.91,h1
2026-09-01T16:21:00+00:00,084BEAR/SOL,084BEAR,solana,pumpswap,79TnQYELT9np1iUuueYU5rmuiBwHLX5TJCn3x3dAan5a,4eXGQJMBZp656x9eqerEc1hepSoe27zvuXBtNuqjpump,2.619e-06,0.0,0.0,0.0,2723.96,h1
2026-09-01T16:21:00+00:00,CHILLAPE/SOL,CHILLAPE,solana,pumpswap,Db4QLY2j3mqzsmBAJgzhrvANhmakQ94tAbmaTXm8Qr4N,9TyMG9GkQncEqH3mvTwphkcTYSXtJYHGuCUrXsKcpump,6.303e-06,1.09,0.0,15.18,5177.84,h1
2026-09-01T16:21:00+00:00,FUKYEAH/SOL,DONALD DUCK,solana,pumpswap,A8F3bDC17pfoGqUZanM1wh68jnKCDRGWECRVPkiMhjGc,DUcjrSmisJATtaQY3K7LvKmCr357uWkjoSGRFnNEpump,0.0001279,207.0,0.211963589076723,28052.71,28507.69,h1
2026-09-01T16:21:00+00:00,KATANA/ETH,Katana,robinhood,uniswap,0xcedfb1a20f20b3c1d274c9e83fdbf626f50f358adefe2e7a8c0a47e46023168a,0x48760f0658160161c2A1816bA3C3a3e4dF0FE152,3.734e-05,0.28,-0.3333333333333333,9.23,17693.43,h1
2026-09-01T16:21:00+00:00,PLXMS/ETH,Italian Plums,robinhood,uniswap,0x8048977defec569a82167259eb9aec3bc2f83d5e97a1783c60ddabfbda2a65bc,0xf21c6Bf40f08C55b63fDeC0FC02a214c3e4A64Ed,3.658e-06,-3.8,-1.0,61.94,5545.61,h1
2026-09-01T16:21:00+00:00,Ape-1/SOL,Ape-1,solana,pumpswap,4NVqSnpDZ1U28sPZrFZDKYNBs5WJucDjSr9AfCE7ezj4,AUFk4hnNFTxkJ6DWbYB6ZkL7urYcRFzHdKxeUTpxpump,2.121e-06,-0.72,-1.0,0.0,2363.88,h1
2026-09-01T16:36:00+00:00,GASSPAS/SOL,GASSPAS,solana,pumpswap,44FFDFYFCLKAsjxdPVqHBKbSo2e2CBU2SJfhZVqynPEk,GCr352ouzNZkNQd3KZqs6jFuQb8LiYnWsEJSUpSfpump,0.001295,11.19,0.1404494382022472,27399.21,117442.29,h1
2026-09-01T16:36:00+00:00,ODYSSEUS/ETH,KEKIUS ODYSSEUS,robinhood,uniswap,0x2c7007c7abf0e5fd932cf42912d261e714d74955deeadf2670a540ed2aad45ac,0x296293317f67DA4f333968BB86928681e26B77fA,0.0001367,-6.55,0.0,6639.49,33765.25,h1
2026-09-01T16:36:00+00:00,$HACHI/SOL,Hachiko,solana,meteora,DqAfrGV2GBxpGRsq6Xk1z9ojRncqgLeeVPaKg5bCc24Z,x95HN3DWvbfCBtTjGm587z8suK3ec6cwQwgZNLbWKyp,2.793e-09,10.07,-0.0969609261939218,17608.67,85581.91,h1
2026-09-01T16:36:00+00:00,BOXED/ETH,Boxed Cat,robinhood,uniswap,0x5fe366e09ea10d84dd642731be7e15faeee3c2aabec705ad7999a7e2d13de5bb,0x76af8d3B40A0d7b5197935D0e84C14f7A3782e87,0.0006278,0.95,-0.037037037037037,12334.98,72355.63,h1
2026-09-01T16:36:00+00:00,BANKLESS/ETH,Bankless Coin,robinhood,uniswap,0x5e8c57266bc8b866e6287e05d7b0e96e035b941c72a0d4c427c78096d9771075,0x5e8907A3F45D7B30BE6AddbAb0312E46e5061614,0.000105,-14.99,-0.0331125827814569,14975.81,29586.25,h1
2026-09-01T16:36:00+00:00,DONK/SOL,GOOFYDONK,solana,pumpswap,6JBie8Bk57RaL9fnwvLy8bmHhN179gxDUfdEyFRDMH1d,7WJ3ksZauPhEQJjcWbopPY5SrtRhSSHKR973fRR3pump,2.972e-06,-4.23,0.2,267.48,3267.86,h1
2026-09-01T16:36:00+00:00,CHOMP/SOL,Hungry Chomp,solana,pumpswap,4xvyuFpNFAq8ZrYGStKEN9t8zfNc5vmDW17WCcLY76jU,9AXxGepWb5oHUTM7kzKLHhah561XFh96SpR7vdtspump,6.95e-05,-0.86,0.2151898734177215,734.54,20965.24,h1
2026-09-01T16:36:00+00:00,CHUMP/WETH,Chump Coin,robinhood,uniswap,0x714442e9A611f8561A7dF108D6d925132937cFb8,0x0E0d2C89a5a019FE1cF762e5e33187631DACC21B,0.03082,-1.33,-0.0472440944881889,60187.15,698913.5,h1
2026-09-01T16:36:00+00:00,catfish/SOL,Catfish,solana,pumpswap,BD2381TaQhPFjzn1t6NDqb6KJYY9nmosFXFCdE4XbbEW,DnQu6xQd9zzW5dWpKppjNTRcTYFS6JDpK5xLXEZypump,0.000163,41.28,0.2655971479500891,24857.96,34199.76,h1
2026-09-01T16:36:00+00:00,TOESCOIN/SOL,TOES,solana,pumpswap,EE3zk9Fxp9guair2xeReFxf4TsEXeZFFuWETRna2PkcV,6ehEcTMCc85aNF4x9CWx8HuvWGhxQtvKdhKVf2HDpump,0.006385,0.52,0.0434782608695652,638.68,386841.65,h1
2026-09-01T16:36:00+00:00,NICKGPRO/SOL,NICK GPRO,solana,pumpswap,CztvdCZgL4zeY8BbbupUi2FQf3zLG3U7dR6p5m9TXaAE,91X4ErT2VPRbK6SHsEBQ8J1T25twwFeTJhrHxJv7pump,2.789e-06,0.0,0.0,0.0,3055.07,h1
2026-09-01T16:36:00+00:00,Rabbit/WETH,Quantum White Fiber Rabbit,robinhood,uniswap,0x0c65B17e3dd8d04B24503630a333c73D51A29678,0xA7EA2d66cABE01a0fD8C7604055B8a4f67859799,0.0001772,0.0,0.0,0.0,50645.91,h1
2026-09-01T16:36:00+00:00,FUKYEAH/SOL,DONALD DUCK,solana,pumpswap,A8F3bDC17pfoGqUZanM1wh68jnKCDRGWECRVPkiMhjGc,DUcjrSmisJATtaQY3K7LvKmCr357uWkjoSGRFnNEpump,0.0001628,110.0,0.1911966987620357,29070.51,32346.2,h1
2026-09-01T16:36:00+00:00,Syndicate/SOL,Syndicate,solana,pumpswap,3ZMNoxKjdybeyfKWnK8esKQGw42MCsBkMTzrfzzTyhbX,3C6nz382qU71aDiEvk5xsmJrzd5Ey6iNXdpTgrjVpump,8.613e-06,-9.25,-0.3164556962025316,1578.86,7195.09,h1
2026-09-01T16:36:00+00:00,GPRO/WETH,GoPro Inc,robinhood,uniswap,0x7c5e018674151fC1C12fA391AC01C4D2EAFcaD4B,0x960a8eB609257485e868766514118BDCE06b6b02,0.009148,66.51,0.5027027027027027,268869.05,357182.78,h1
2026-09-01T16:36:00+00:00,KATANA/ETH,Katana,robinhood,uniswap,0xcedfb1a20f20b3c1d274c9e83fdbf626f50f358adefe2e7a8c0a47e46023168a,0x48760f0658160161c2A1816bA3C3a3e4dF0FE152,3.734e-05,0.28,-0.3333333333333333,9.23,17693.43,h1
2026-09-01T16:36:00+00:00,CHILLAPE/SOL,CHILLAPE,solana,pumpswap,Db4QLY2j3mqzsmBAJgzhrvANhmakQ94tAbmaTXm8Qr4N,9TyMG9GkQncEqH3mvTwphkcTYSXtJYHGuCUrXsKcpump,6.196e-06,-0.62,-0.5,16.69,5106.36,h1
2026-09-01T16:36:00+00:00,PLXMS/ETH,Italian Plums,robinhood,uniswap,0x8048977defec569a82167259eb9aec3bc2f83d5e97a1783c60ddabfbda2a65bc,0xf21c6Bf40f08C55b63fDeC0FC02a214c3e4A64Ed,3.658e-06,-3.8,-1.0,61.94,5545.61,h1
2026-09-01T16:36:00+00:00,Ape-1/SOL,Ape-1,solana,pumpswap,4NVqSnpDZ1U28sPZrFZDKYNBs5WJucDjSr9AfCE7ezj4,AUFk4hnNFTxkJ6DWbYB6ZkL7urYcRFzHdKxeUTpxpump,2.121e-06,-0.72,-1.0,0.0,2363.88,h1
2026-09-01T16:36:00+00:00,084BEAR/SOL,084BEAR,solana,pumpswap,79TnQYELT9np1iUuueYU5rmuiBwHLX5TJCn3x3dAan5a,4eXGQJMBZp656x9eqerEc1hepSoe27zvuXBtNuqjpump,2.612e-06,-0.27,-1.0,1.15,2717.85,h1
2026-09-01T16:38:00+00:00,ODYSSEUS/ETH,KEKIUS ODYSSEUS,robinhood,uniswap,0x2c7007c7abf0e5fd932cf42912d261e714d74955deeadf2670a540ed2aad45ac,0x296293317f67DA4f333968BB86928681e26B77fA,0.0001367,-6.55,0.0,6639.49,33765.25,h1
2026-09-01T16:38:00+00:00,GASSPAS/SOL,GASSPAS,solana,pumpswap,44FFDFYFCLKAsjxdPVqHBKbSo2e2CBU2SJfhZVqynPEk,GCr352ouzNZkNQd3KZqs6jFuQb8LiYnWsEJSUpSfpump,0.001283,11.07,0.1380281690140845,27187.39,116813.66,h1
2026-09-01T16:38:00+00:00,BOXED/ETH,Boxed Cat,robinhood,uniswap,0x5fe366e09ea10d84dd642731be7e15faeee3c2aabec705ad7999a7e2d13de5bb,0x76af8d3B40A0d7b5197935D0e84C14f7A3782e87,0.0006319,1.61,-0.0357142857142857,12493.03,72591.2,h1
2026-09-01T16:38:00+00:00,DONK/SOL,GOOFYDONK,solana,pumpswap,6JBie8Bk57RaL9fnwvLy8bmHhN179gxDUfdEyFRDMH1d,7WJ3ksZauPhEQJjcWbopPY5SrtRhSSHKR973fRR3pump,2.972e-06,-4.23,0.2,267.48,3267.86,h1
2026-09-01T16:38:00+00:00,$HACHI/SOL,Hachiko,solana,meteora,DqAfrGV2GBxpGRsq6Xk1z9ojRncqgLeeVPaKg5bCc24Z,x95HN3DWvbfCBtTjGm587z8suK3ec6cwQwgZNLbWKyp,2.774e-09,10.31,-0.1059506531204644,17497.77,85133.28,h1
2026-09-01T16:38:00+00:00,CHOMP/SOL,Hungry Chomp,solana,pumpswap,4xvyuFpNFAq8ZrYGStKEN9t8zfNc5vmDW17WCcLY76jU,9AXxGepWb5oHUTM7kzKLHhah561XFh96SpR7vdtspump,6.925e-05,-1.36,0.2048192771084337,758.62,20914.48,h1
2026-09-01T16:38:00+00:00,TOESCOIN/SOL,TOES,solana,pumpswap,EE3zk9Fxp9guair2xeReFxf4TsEXeZFFuWETRna2PkcV,6ehEcTMCc85aNF4x9CWx8HuvWGhxQtvKdhKVf2HDpump,0.006385,0.52,0.12,639.95,386843.12,h1
2026-09-01T16:38:00+00:00,CHUMP/WETH,Chump Coin,robinhood,uniswap,0x714442e9A611f8561A7dF108D6d925132937cFb8,0x0E0d2C89a5a019FE1cF762e5e33187631DACC21B,0.03082,-1.33,-0.0403225806451612,58278.27,699072.7,h1
2026-09-01T16:38:00+00:00,BANKLESS/ETH,Bankless Coin,robinhood,uniswap,0x5e8c57266bc8b866e6287e05d7b0e96e035b941c72a0d4c427c78096d9771075,0x5e8907A3F45D7B30BE6AddbAb0312E46e5061614,0.000105,-3.75,-0.0277777777777777,13242.93,29586.25,h1
2026-09-01T16:38:00+00:00,catfish/SOL,Catfish,solana,pumpswap,BD2381TaQhPFjzn1t6NDqb6KJYY9nmosFXFCdE4XbbEW,DnQu6xQd9zzW5dWpKppjNTRcTYFS6JDpK5xLXEZypump,0.0001621,36.62,0.2569444444444444,25538.29,34080.67,h1
2026-09-01T16:38:00+00:00,NICKGPRO/SOL,NICK GPRO,solana,pumpswap,CztvdCZgL4zeY8BbbupUi2FQf3zLG3U7dR6p5m9TXaAE,91X4ErT2VPRbK6SHsEBQ8J1T25twwFeTJhrHxJv7pump,2.789e-06,0.0,0.0,0.0,3055.07,h1
2026-09-01T16:38:00+00:00,Rabbit/WETH,Quantum White Fiber Rabbit,robinhood,uniswap,0x0c65B17e3dd8d04B24503630a333c73D51A29678,0xA7EA2d66cABE01a0fD8C7604055B8a4f67859799,0.0001772,0.0,0.0,0.0,50645.91,h1
2026-09-01T16:38:00+00:00,GPRO/WETH,GoPro Inc,robinhood,uniswap,0x7c5e018674151fC1C12fA391AC01C4D2EAFcaD4B,0x960a8eB609257485e868766514118BDCE06b6b02,0.009148,45.34,0.4915254237288136,257444.14,357182.78,h1
2026-09-01T16:38:00+00:00,Syndicate/SOL,Syndicate,solana,pumpswap,3ZMNoxKjdybeyfKWnK8esKQGw42MCsBkMTzrfzzTyhbX,3C6nz382qU71aDiEvk5xsmJrzd5Ey6iNXdpTgrjVpump,8.735e-06,-9.02,-0.282051282051282,1590.78,7255.05,h1
2026-09-01T16:38:00+00:00,CHILLAPE/SOL,CHILLAPE,solana,pumpswap,Db4QLY2j3mqzsmBAJgzhrvANhmakQ94tAbmaTXm8Qr4N,9TyMG9GkQncEqH3mvTwphkcTYSXtJYHGuCUrXsKcpump,6.282e-06,0.76,-0.2,18.87,5154.52,h1
2026-09-01T16:38:00+00:00,FUKYEAH/SOL,DONALD DUCK,solana,pumpswap,A8F3bDC17pfoGqUZanM1wh68jnKCDRGWECRVPkiMhjGc,DUcjrSmisJATtaQY3K7LvKmCr357uWkjoSGRFnNEpump,0.0001684,113.0,0.2113943028485757,27447.08,32913.65,h1
2026-09-01T16:38:00+00:00,KATANA/ETH,Katana,robinhood,uniswap,0xcedfb1a20f20b3c1d274c9e83fdbf626f50f358adefe2e7a8c0a47e46023168a,0x48760f0658160161c2A1816bA3C3a3e4dF0FE152,3.734e-05,0.28,-0.3333333333333333,9.23,17693.43,h1
2026-09-01T16:38:00+00:00,PLXMS/ETH,Italian Plums,robinhood,uniswap,0x8048977defec569a82167259eb9aec3bc2f83d5e97a1783c60ddabfbda2a65bc,0xf21c6Bf40f08C55b63fDeC0FC02a214c3e4A64Ed,3.658e-06,-3.8,-1.0,61.94,5545.61,h1
2026-09-01T16:38:00+00:00,Ape-1/SOL,Ape-1,solana,pumpswap,4NVqSnpDZ1U28sPZrFZDKYNBs5WJucDjSr9AfCE7ezj4,AUFk4hnNFTxkJ6DWbYB6ZkL7urYcRFzHdKxeUTpxpump,2.121e-06,-0.72,-1.0,0.0,2363.88,h1
2026-09-01T16:38:00+00:00,084BEAR/SOL,084BEAR,solana,pumpswap,79TnQYELT9np1iUuueYU5rmuiBwHLX5TJCn3x3dAan5a,4eXGQJMBZp656x9eqerEc1hepSoe27zvuXBtNuqjpump,2.612e-06,-0.27,-1.0,1.15,2717.85,h1
2026-09-01T17:14:00+00:00,GPRO/WETH,GoPro Inc,robinhood,uniswap,0x7c5e018674151fC1C12fA391AC01C4D2EAFcaD4B,0x960a8eB609257485e868766514118BDCE06b6b02,1.658e-10,-100.0,0.2470588235294117,261513.46,0.04,h1
2026-09-01T17:14:00+00:00,Rabbit/WETH,Quantum White Fiber Rabbit,robinhood,uniswap,0x0c65B17e3dd8d04B24503630a333c73D51A29678,0xA7EA2d66cABE01a0fD8C7604055B8a4f67859799,1.799e-10,-100.0,0.0,25129.16,0.05,h1
2026-09-01T17:14:00+00:00,FUKYEAH/SOL,DONALD DUCK,solana,pumpswap,A8F3bDC17pfoGqUZanM1wh68jnKCDRGWECRVPkiMhjGc,DUcjrSmisJATtaQY3K7LvKmCr357uWkjoSGRFnNEpump,0.0001472,-21.09,-0.0242424242424242,18473.39,30630.95,h1
2026-09-01T17:14:00+00:00,catfish/SOL,Catfish,solana,pumpswap,BD2381TaQhPFjzn1t6NDqb6KJYY9nmosFXFCdE4XbbEW,DnQu6xQd9zzW5dWpKppjNTRcTYFS6JDpK5xLXEZypump,0.0001658,-2.06,0.301038062283737,23621.64,34463.79,h1
2026-09-01T17:14:00+00:00,ORBIO/NVDA,Orbio.so,robinhood,uniswap,0xa95b1fbdccb15d2b07509b980f63adab8a94303b1781f5ebc53b72942d12ddc1,0xAa07A0e9209e16aC99708C3EC70159c6eF3128A3,0.003039,-21.45,0.0084033613445378,170135.43,151249.37,h1
2026-09-01T17:14:00+00:00,$HACHI/SOL,Hachiko,solana,meteora,DqAfrGV2GBxpGRsq6Xk1z9ojRncqgLeeVPaKg5bCc24Z,x95HN3DWvbfCBtTjGm587z8suK3ec6cwQwgZNLbWKyp,2.751e-09,0.36,-0.013732833957553,20485.1,84865.92,h1
2026-09-01T17:14:00+00:00,BOXED/ETH,Boxed Cat,robinhood,uniswap,0x5fe366e09ea10d84dd642731be7e15faeee3c2aabec705ad7999a7e2d13de5bb,0x76af8d3B40A0d7b5197935D0e84C14f7A3782e87,0.0005945,-10.75,-0.0909090909090909,15727.17,70434.38,h1
2026-09-01T17:14:00+00:00,KATANA/ETH,Katana,robinhood,uniswap,0xcedfb1a20f20b3c1d274c9e83fdbf626f50f358adefe2e7a8c0a47e46023168a,0x48760f0658160161c2A1816bA3C3a3e4dF0FE152,4.684e-05,25.41,0.5714285714285714,1241.48,19767.92,h1
2026-09-01T17:14:00+00:00,GASSPAS/SOL,GASSPAS,solana,pumpswap,44FFDFYFCLKAsjxdPVqHBKbSo2e2CBU2SJfhZVqynPEk,GCr352ouzNZkNQd3KZqs6jFuQb8LiYnWsEJSUpSfpump,0.001311,7.78,0.0217917675544794,34551.63,117984.47,h1
2026-09-01T17:14:00+00:00,CHUMP/WETH,Chump Coin,robinhood,uniswap,0x714442e9A611f8561A7dF108D6d925132937cFb8,0x0E0d2C89a5a019FE1cF762e5e33187631DACC21B,0.03082,-1.16,0.04,58419.85,701314.51,h1
2026-09-01T17:14:00+00:00,CHOMP/SOL,Hungry Chomp,solana,pumpswap,4xvyuFpNFAq8ZrYGStKEN9t8zfNc5vmDW17WCcLY76jU,9AXxGepWb5oHUTM7kzKLHhah561XFh96SpR7vdtspump,6.875e-05,-1.83,0.125,566.38,20808.05,h1
2026-09-01T17:14:00+00:00,PLXMS/ETH,Italian Plums,robinhood,uniswap,0x8048977defec569a82167259eb9aec3bc2f83d5e97a1783c60ddabfbda2a65bc,0xf21c6Bf40f08C55b63fDeC0FC02a214c3e4A64Ed,3.958e-06,8.2,0.2,314.38,5745.54,h1
2026-09-01T17:14:00+00:00,Syndicate/SOL,Syndicate,solana,pumpswap,3ZMNoxKjdybeyfKWnK8esKQGw42MCsBkMTzrfzzTyhbX,3C6nz382qU71aDiEvk5xsmJrzd5Ey6iNXdpTgrjVpump,7.78e-06,-15.14,-0.1232876712328767,1790.53,6741.0,h1
2026-09-01T17:14:00+00:00,TOESCOIN/SOL,TOES,solana,pumpswap,EE3zk9Fxp9guair2xeReFxf4TsEXeZFFuWETRna2PkcV,6ehEcTMCc85aNF4x9CWx8HuvWGhxQtvKdhKVf2HDpump,0.006298,-1.18,-0.0476190476190476,570.09,383504.97,h1
2026-09-01T17:14:00+00:00,ODYSSEUS/ETH,KEKIUS ODYSSEUS,robinhood,uniswap,0x2c7007c7abf0e5fd932cf42912d261e714d74955deeadf2670a540ed2aad45ac,0x296293317f67DA4f333968BB86928681e26B77fA,0.0001345,1.42,-0.1515151515151515,2377.92,33500.65,h1
2026-09-01T17:14:00+00:00,Ape-1/SOL,Ape-1,solana,pumpswap,4NVqSnpDZ1U28sPZrFZDKYNBs5WJucDjSr9AfCE7ezj4,AUFk4hnNFTxkJ6DWbYB6ZkL7urYcRFzHdKxeUTpxpump,2.111e-06,-1.21,-0.3333333333333333,0.47,2352.03,h1
2026-09-01T17:14:00+00:00,DONK/SOL,GOOFYDONK,solana,pumpswap,6JBie8Bk57RaL9fnwvLy8bmHhN179gxDUfdEyFRDMH1d,7WJ3ksZauPhEQJjcWbopPY5SrtRhSSHKR973fRR3pump,2.424e-06,-24.02,-0.6666666666666666,297.04,2775.29,h1
2026-09-01T17:14:00+00:00,084BEAR/SOL,084BEAR,solana,pumpswap,79TnQYELT9np1iUuueYU5rmuiBwHLX5TJCn3x3dAan5a,4eXGQJMBZp656x9eqerEc1hepSoe27zvuXBtNuqjpump,2.606e-06,-0.49,-0.5,6.57,2712.19,h1
2026-09-01T17:14:00+00:00,CHILLAPE/SOL,CHILLAPE,solana,pumpswap,Db4QLY2j3mqzsmBAJgzhrvANhmakQ94tAbmaTXm8Qr4N,9TyMG9GkQncEqH3mvTwphkcTYSXtJYHGuCUrXsKcpump,6.103e-06,-3.18,-0.5555555555555556,156.57,5050.56,h1
2026-09-01T17:14:00+00:00,NICKGPRO/SOL,NICK GPRO,solana,pumpswap,CztvdCZgL4zeY8BbbupUi2FQf3zLG3U7dR6p5m9TXaAE,91X4ErT2VPRbK6SHsEBQ8J1T25twwFeTJhrHxJv7pump,2.305e-06,-17.34,-1.0,275.05,2611.98,h1
2026-09-08T14:30:00+00:00,AGI/SOL,Artificial Giga Inu,solana,pumpswap,71i8LZZReUvN5ZSGHnEcVM33SP5pCReiqkqdY815Gn2b,FjhTgMeDgSE2bfo9nHsPtvZanJrDGtVye78a1garpump,0.0007794,-27.93,0.2433527475310205,248564.56,82813.74,h1
2026-09-08T14:30:00+00:00,BTC/WBTC,Buy The Cat,solana,raydium,2RmBs1KYzkDuaRR4F8zU9rPR6KT16eCgJ9YS1c8XXZgQ,E4Ap4icMLwKot8rkkTbq5JkS5kZxt5XCE3yfxbzYBjHx,0.001887,-17.54,0.4935064935064935,36239.57,183009.44,h1
2026-09-08T14:30:00+00:00,HABIBI/USO,Habibi,robinhood,uniswap,0x6575c060ef630d2dd5d4ddbcded0dac8d7031c5ec36a71c1e0584102ae477d81,0x79b5E43aA2e43eee21B9ddf1855a6dd2833Ac533,5.197e-05,-25.28,-0.1549295774647887,4620.99,21391.84,h1
2026-09-08T14:30:00+00:00,VC/SOL,vc.fun,solana,pumpswap,FGyHFBLiLPb81JZxV9VBdMkKndyY1iFsn5tGYNq3q1w3,DRqXeQA5sKGeksnRTvhTGEwpaqNtHQo8bQqub7pjpump,0.001836,-16.25,0.2029339853300733,34422.86,117706.06,h1
2026-09-08T14:30:00+00:00,Data/WETH,Datarex,robinhood,uniswap,0xB8e56fCBF91210DE964F6BB2b080355179a17E72,0x3A38116302463a7B027d9bC5bc6137a52F213ea1,0.0001836,-16.83,-0.0285714285714285,2231.75,11680.2,h1
2026-09-08T14:30:00+00:00,4WALL/ETH,Robinwall,robinhood,uniswap,0x43cc2d145b46d377935d11f05fc1929a8b3ee02cf93c1cfef684991ceac10c6f,0x8DfbFd3021E8b9c390a99C39747Ea4D295187BA0,0.000207,5.52,0.7523809523809524,2840.78,65902.89,h1
2026-09-08T14:30:00+00:00,STONKS/SPY,STONKS,robinhood,uniswap,0x295c0502c35afd9158a87ccb1054490322673468fe6f6342aebc4ae558513423,0x238239d8Fbec75ebC08acA988447bC1926F615e0,0.0003825,4.29,0.35,7190.45,51191.74,h1
2026-09-08T14:30:00+00:00,IF/WETH,What If,robinhood,uniswap,0x39A200271525E9641e799127bdAB299DAeF21953,0x232CDFc415D10b673845D83Dc02ba2eaBe7e30d1,0.009745,-4.5,-0.1481481481481481,40096.79,431137.07,h1
2026-09-08T14:30:00+00:00,PINK/ETH,Pink Sheets,robinhood,uniswap,0x6bb17e600f9cc09047dfa9261bc2f286f0cb8567a95493b4a82344f29d4deefc,0xBc9cc4b93A08B2dfBA87067a9C53E713DB3314Ce,0.0003948,-11.05,-0.0497737556561085,40182.01,57911.68,h1
2026-09-08T14:30:00+00:00,HUNTER/ETH,Hunter.exe,robinhood,uniswap,0xa66ada0341e896fb00e00b579ce60916276dc2fc692920c10437e1da463298cd,0x09eE7780c0287d29eeFED621318A7fFf8d26F4F1,5.37e-06,1.24,0.3333333333333333,152.34,6761.28,h1
2026-09-08T14:30:00+00:00,CATIFY/SOL,CATIFY,solana,pumpswap,3JsgNeV6SKszbWoDZT5fVr9qAXXapDuFcoK6avzpSJDD,2dDDtevvn5V3sHCRQtMiSM3KoTDRfYdDkFrdigHNpump,2.297e-06,0.0,0.0,0.0,2695.02,h1
2026-09-08T14:30:00+00:00,FRENCHFRIES/SOL,New MCDONALDS,solana,pumpswap,HpJ9qLX76ypQdd69sywxFKigkJ4ExEDEH3TEhc614TM5,B3jpTbmkXbSrARGAjtJSCLQZQ4DZ1Vrb8r1ju5dfpump,2.254e-06,0.0,0.0,0.0,2529.66,h1
2026-09-08T14:30:00+00:00,ape/SOL,just ape,solana,pumpswap,DBN7inFLzsLUEQ4bbZF6fhLZTRWra8wjspoVV3kF3EF3,74ibkiorSf8xkyVZD7ewhbL3H7upqevjoQCDATxwpump,3.52e-06,0.15,0.0,21.84,3412.68,h1
2026-09-08T14:30:00+00:00,UTC/SOL,UTC,solana,pumpswap,CUCFjMtHpAuQGMj3qaYKVPb4H6yDAnTHqFKmDKZPqmLv,PHgCReUnUsk1jUTVzBZUV5SDSmCyTT4ZVDAEkQZgoa2,3.73e-06,-0.41,-0.25,211.9,3403.56,h1
2026-09-08T14:30:00+00:00,AGENTSORA/ETH,Agent Sora,robinhood,uniswap,0xb7d7e607af763c1fa014b07af9d2c59219e6047b73128a14f7003ae4b7c6957d,0x84131db02C288F3e5A1c581FAeC1A38Fd83268ba,0.0004136,15.61,0.1085714285714285,14743.42,59287.25,h1
2026-09-08T14:30:00+00:00,HENTER/ETH,henter boden laptop,robinhood,uniswap,0x00d33cec2506c71a74a24c20f48d62dceb9653752998f1016c6474e814ca6839,0xDC1bebBE6699242e0fD33E5B8ce2D369e582466a,0.0001352,5.63,-0.1351351351351351,917.75,33898.46,h1
2026-09-08T14:30:00+00:00,ROBBY/USDG,Robby,robinhood,uniswap,0xe1ba4c2d42c6947d6a9b55413b9a1eb25640ab30059097bcec56f4c8445baf69,0xF28f00d39C6aa5fF851978a70B6dD7340891FD5f,0.0001977,-5.32,-1.0,488.22,36120.25,h1
2026-09-08T14:30:00+00:00,ONLYPUMP/SOL,OnlyPump,solana,pumpswap,DjUz9NnVHSxQ1ZsgTH47tXuGeEiaWa5DfAGQvQQCnkPo,8RDq8d3uD9mD5K75f1dEGyubN6jGArDMZaA8J4MNpump,2.237e-06,-2.4,-1.0,24.56,2589.08,h1
2026-09-08T14:30:00+00:00,DUNALDU/SOL,Dunaldu Tremp,solana,pumpswap,8xVsj9aBzCEbwLTJjrqSVzKGQrsFnL3x7eMPMoL6wvC8,BtGSevmBAFr4Sfw1yCPnkCG2xjV6UFL5KAypaWiopump,2.31e-06,-1.08,-1.0,9.22,2545.25,h1
2026-09-08T14:30:00+00:00,GPU/NVDA,GPU,robinhood,uniswap,0x91470719c6298a6eff0f9bb05bf9326775b7870c06aa6351fb839ab6cd118d7c,0x082Fa7839ADbD3cceFeBdd7e618a7b8bAdA4F3f3,4.094e-06,-0.95,-1.0,13.32,5593.34,h1
2026-09-08T14:33:00+00:00,BTC/WBTC,Buy The Cat,solana,raydium,2RmBs1KYzkDuaRR4F8zU9rPR6KT16eCgJ9YS1c8XXZgQ,E4Ap4icMLwKot8rkkTbq5JkS5kZxt5XCE3yfxbzYBjHx,0.001882,-17.54,0.5225806451612903,37431.7,182882.83,h1
2026-09-08T14:33:00+00:00,AGENTSORA/ETH,Agent Sora,robinhood,uniswap,0xb7d7e607af763c1fa014b07af9d2c59219e6047b73128a14f7003ae4b7c6957d,0x84131db02C288F3e5A1c581FAeC1A38Fd83268ba,0.0003288,-10.39,0.1822660098522167,29041.91,52851.34,h1
2026-09-08T14:33:00+00:00,PINK/ETH,Pink Sheets,robinhood,uniswap,0x6bb17e600f9cc09047dfa9261bc2f286f0cb8567a95493b4a82344f29d4deefc,0xBc9cc4b93A08B2dfBA87067a9C53E713DB3314Ce,0.0004017,-21.01,-0.0241545893719806,34474.6,58415.62,h1
2026-09-08T14:33:00+00:00,Data/WETH,Datarex,robinhood,uniswap,0xB8e56fCBF91210DE964F6BB2b080355179a17E72,0x3A38116302463a7B027d9bC5bc6137a52F213ea1,0.0001817,-17.7,-0.081081081081081,2255.88,11607.28,h1
2026-09-08T14:33:00+00:00,VC/SOL,vc.fun,solana,pumpswap,FGyHFBLiLPb81JZxV9VBdMkKndyY1iFsn5tGYNq3q1w3,DRqXeQA5sKGeksnRTvhTGEwpaqNtHQo8bQqub7pjpump,0.001849,-13.48,0.207070707070707,33506.97,118144.12,h1
2026-09-08T14:33:00+00:00,HABIBI/USO,Habibi,robinhood,uniswap,0x6575c060ef630d2dd5d4ddbcded0dac8d7031c5ec36a71c1e0584102ae477d81,0x79b5E43aA2e43eee21B9ddf1855a6dd2833Ac533,5.204e-05,-12.77,-0.1267605633802817,3711.22,21405.28,h1
2026-09-08T14:33:00+00:00,4WALL/ETH,Robinwall,robinhood,uniswap,0x43cc2d145b46d377935d11f05fc1929a8b3ee02cf93c1cfef684991ceac10c6f,0x8DfbFd3021E8b9c390a99C39747Ea4D295187BA0,0.0002089,6.52,0.7692307692307693,2963.28,66237.35,h1
2026-09-08T14:33:00+00:00,STONKS/SPY,STONKS,robinhood,uniswap,0x295c0502c35afd9158a87ccb1054490322673468fe6f6342aebc4ae558513423,0x238239d8Fbec75ebC08acA988447bC1926F615e0,0.0003825,4.29,0.35,7190.45,51191.74,h1
2026-09-08T14:33:00+00:00,IF/WETH,What If,robinhood,uniswap,0x39A200271525E9641e799127bdAB299DAeF21953,0x232CDFc415D10b673845D83Dc02ba2eaBe7e30d1,0.009756,-3.41,-0.1272727272727272,40959.16,431389.12,h1
2026-09-08T14:33:00+00:00,AGI/SOL,Artificial Giga Inu,solana,pumpswap,71i8LZZReUvN5ZSGHnEcVM33SP5pCReiqkqdY815Gn2b,FjhTgMeDgSE2bfo9nHsPtvZanJrDGtVye78a1garpump,0.0007686,5.62,0.2220694711758775,142262.49,82234.84,h1
2026-09-08T14:33:00+00:00,HUNTER/ETH,Hunter.exe,robinhood,uniswap,0xa66ada0341e896fb00e00b579ce60916276dc2fc692920c10437e1da463298cd,0x09eE7780c0287d29eeFED621318A7fFf8d26F4F1,5.37e-06,1.17,0.2,151.03,6761.28,h1
2026-09-08T14:33:00+00:00,CATIFY/SOL,CATIFY,solana,pumpswap,3JsgNeV6SKszbWoDZT5fVr9qAXXapDuFcoK6avzpSJDD,2dDDtevvn5V3sHCRQtMiSM3KoTDRfYdDkFrdigHNpump,2.297e-06,0.0,0.0,0.0,2695.02,h1
2026-09-08T14:33:00+00:00,FRENCHFRIES/SOL,New MCDONALDS,solana,pumpswap,HpJ9qLX76ypQdd69sywxFKigkJ4ExEDEH3TEhc614TM5,B3jpTbmkXbSrARGAjtJSCLQZQ4DZ1Vrb8r1ju5dfpump,2.254e-06,0.0,0.0,0.0,2529.66,h1
2026-09-08T14:33:00+00:00,ape/SOL,just ape,solana,pumpswap,DBN7inFLzsLUEQ4bbZF6fhLZTRWra8wjspoVV3kF3EF3,74ibkiorSf8xkyVZD7ewhbL3H7upqevjoQCDATxwpump,3.52e-06,0.15,0.0,21.84,3412.68,h1
2026-09-08T14:33:00+00:00,UTC/SOL,UTC,solana,pumpswap,CUCFjMtHpAuQGMj3qaYKVPb4H6yDAnTHqFKmDKZPqmLv,PHgCReUnUsk1jUTVzBZUV5SDSmCyTT4ZVDAEkQZgoa2,3.73e-06,-1.3,-0.3333333333333333,207.01,3403.56,h1
2026-09-08T14:33:00+00:00,HENTER/ETH,henter boden laptop,robinhood,uniswap,0x00d33cec2506c71a74a24c20f48d62dceb9653752998f1016c6474e814ca6839,0xDC1bebBE6699242e0fD33E5B8ce2D369e582466a,0.0001357,5.93,-0.1351351351351351,953.5,33962.66,h1
2026-09-08T14:33:00+00:00,ROBBY/USDG,Robby,robinhood,uniswap,0xe1ba4c2d42c6947d6a9b55413b9a1eb25640ab30059097bcec56f4c8445baf69,0xF28f00d39C6aa5fF851978a70B6dD7340891FD5f,0.0001977,-5.32,-1.0,488.22,36120.25,h1
2026-09-08T14:33:00+00:00,ONLYPUMP/SOL,OnlyPump,solana,pumpswap,DjUz9NnVHSxQ1ZsgTH47tXuGeEiaWa5DfAGQvQQCnkPo,8RDq8d3uD9mD5K75f1dEGyubN6jGArDMZaA8J4MNpump,2.237e-06,-1.4,-1.0,11.71,2589.08,h1
2026-09-08T14:33:00+00:00,GPU/NVDA,GPU,robinhood,uniswap,0x91470719c6298a6eff0f9bb05bf9326775b7870c06aa6351fb839ab6cd118d7c,0x082Fa7839ADbD3cceFeBdd7e618a7b8bAdA4F3f3,4.094e-06,-0.95,-1.0,13.32,5593.34,h1
2026-09-08T14:33:00+00:00,DUNALDU/SOL,Dunaldu Tremp,solana,pumpswap,8xVsj9aBzCEbwLTJjrqSVzKGQrsFnL3x7eMPMoL6wvC8,BtGSevmBAFr4Sfw1yCPnkCG2xjV6UFL5KAypaWiopump,2.31e-06,-0.23,-1.0,9.21,2545.25,h1
2026-09-08T14:37:00+00:00,BTC/WBTC,Buy The Cat,solana,raydium,2RmBs1KYzkDuaRR4F8zU9rPR6KT16eCgJ9YS1c8XXZgQ,E4Ap4icMLwKot8rkkTbq5JkS5kZxt5XCE3yfxbzYBjHx,0.001911,-16.94,0.5921052631578947,35837.19,184007.9,h1
2026-09-08T14:37:00+00:00,PINK/ETH,Pink Sheets,robinhood,uniswap,0x6bb17e600f9cc09047dfa9261bc2f286f0cb8567a95493b4a82344f29d4deefc,0xBc9cc4b93A08B2dfBA87067a9C53E713DB3314Ce,0.0003826,-27.41,0.0241545893719806,33758.36,57004.1,h1
2026-09-08T14:37:00+00:00,Data/WETH,Datarex,robinhood,uniswap,0xB8e56fCBF91210DE964F6BB2b080355179a17E72,0x3A38116302463a7B027d9bC5bc6137a52F213ea1,0.0001817,-13.35,0.0303030303030303,2112.61,11607.28,h1
2026-09-08T14:37:00+00:00,AGENTSORA/ETH,Agent Sora,robinhood,uniswap,0xb7d7e607af763c1fa014b07af9d2c59219e6047b73128a14f7003ae4b7c6957d,0x84131db02C288F3e5A1c581FAeC1A38Fd83268ba,0.0003571,-4.42,0.1941747572815534,29955.85,55076.42,h1
2026-09-08T14:37:00+00:00,HABIBI/USO,Habibi,robinhood,uniswap,0x6575c060ef630d2dd5d4ddbcded0dac8d7031c5ec36a71c1e0584102ae477d81,0x79b5E43aA2e43eee21B9ddf1855a6dd2833Ac533,5.197e-05,-14.55,-0.1475409836065573,3478.41,21390.05,h1
2026-09-08T14:37:00+00:00,4WALL/ETH,Robinwall,robinhood,uniswap,0x43cc2d145b46d377935d11f05fc1929a8b3ee02cf93c1cfef684991ceac10c6f,0x8DfbFd3021E8b9c390a99C39747Ea4D295187BA0,0.0002113,8.07,0.8235294117647058,2974.89,66650.57,h1
2026-09-08T14:37:00+00:00,STONKS/SPY,STONKS,robinhood,uniswap,0x295c0502c35afd9158a87ccb1054490322673468fe6f6342aebc4ae558513423,0x238239d8Fbec75ebC08acA988447bC1926F615e0,0.0003825,4.24,0.3846153846153846,7143.85,51191.74,h1
2026-09-08T14:37:00+00:00,VC/SOL,vc.fun,solana,pumpswap,FGyHFBLiLPb81JZxV9VBdMkKndyY1iFsn5tGYNq3q1w3,DRqXeQA5sKGeksnRTvhTGEwpaqNtHQo8bQqub7pjpump,0.001857,-3.96,0.1989247311827957,31894.16,118409.67,h1
2026-09-08T14:37:00+00:00,IF/WETH,What If,robinhood,uniswap,0x39A200271525E9641e799127bdAB299DAeF21953,0x232CDFc415D10b673845D83Dc02ba2eaBe7e30d1,0.009758,-1.81,-0.1111111111111111,38958.22,431311.46,h1
2026-09-08T14:37:00+00:00,HUNTER/ETH,Hunter.exe,robinhood,uniswap,0xa66ada0341e896fb00e00b579ce60916276dc2fc692920c10437e1da463298cd,0x09eE7780c0287d29eeFED621318A7fFf8d26F4F1,5.37e-06,1.17,0.2,151.03,6761.28,h1
2026-09-08T14:37:00+00:00,FRENCHFRIES/SOL,New MCDONALDS,solana,pumpswap,HpJ9qLX76ypQdd69sywxFKigkJ4ExEDEH3TEhc614TM5,B3jpTbmkXbSrARGAjtJSCLQZQ4DZ1Vrb8r1ju5dfpump,2.254e-06,0.0,0.0,0.0,2529.66,h1
2026-09-08T14:37:00+00:00,CATIFY/SOL,CATIFY,solana,pumpswap,3JsgNeV6SKszbWoDZT5fVr9qAXXapDuFcoK6avzpSJDD,2dDDtevvn5V3sHCRQtMiSM3KoTDRfYdDkFrdigHNpump,2.297e-06,0.0,0.0,0.0,2695.02,h1
2026-09-08T14:37:00+00:00,ape/SOL,just ape,solana,pumpswap,DBN7inFLzsLUEQ4bbZF6fhLZTRWra8wjspoVV3kF3EF3,74ibkiorSf8xkyVZD7ewhbL3H7upqevjoQCDATxwpump,3.52e-06,0.15,0.0,21.84,3412.68,h1
2026-09-08T14:37:00+00:00,AGI/SOL,Artificial Giga Inu,solana,pumpswap,71i8LZZReUvN5ZSGHnEcVM33SP5pCReiqkqdY815Gn2b,FjhTgMeDgSE2bfo9nHsPtvZanJrDGtVye78a1garpump,0.0007925,10.82,0.1977978765237908,103873.35,83563.46,h1
2026-09-08T14:37:00+00:00,UTC/SOL,UTC,solana,pumpswap,CUCFjMtHpAuQGMj3qaYKVPb4H6yDAnTHqFKmDKZPqmLv,PHgCReUnUsk1jUTVzBZUV5SDSmCyTT4ZVDAEkQZgoa2,3.708e-06,-0.05,-0.3333333333333333,192.66,3386.08,h1
2026-09-08T14:37:00+00:00,HENTER/ETH,henter boden laptop,robinhood,uniswap,0x00d33cec2506c71a74a24c20f48d62dceb9653752998f1016c6474e814ca6839,0xDC1bebBE6699242e0fD33E5B8ce2D369e582466a,0.0001361,6.17,-0.1162790697674418,984.1,34000.03,h1
2026-09-08T14:37:00+00:00,ROBBY/USDG,Robby,robinhood,uniswap,0xe1ba4c2d42c6947d6a9b55413b9a1eb25640ab30059097bcec56f4c8445baf69,0xF28f00d39C6aa5fF851978a70B6dD7340891FD5f,0.0001977,-5.32,-1.0,488.22,36120.25,h1
2026-09-08T14:37:00+00:00,ONLYPUMP/SOL,OnlyPump,solana,pumpswap,DjUz9NnVHSxQ1ZsgTH47tXuGeEiaWa5DfAGQvQQCnkPo,8RDq8d3uD9mD5K75f1dEGyubN6jGArDMZaA8J4MNpump,2.237e-06,-1.4,-1.0,11.71,2589.08,h1
2026-09-08T14:37:00+00:00,GPU/NVDA,GPU,robinhood,uniswap,0x91470719c6298a6eff0f9bb05bf9326775b7870c06aa6351fb839ab6cd118d7c,0x082Fa7839ADbD3cceFeBdd7e618a7b8bAdA4F3f3,4.094e-06,-0.95,-1.0,13.32,5593.34,h1
2026-09-08T14:37:00+00:00,DUNALDU/SOL,Dunaldu Tremp,solana,pumpswap,8xVsj9aBzCEbwLTJjrqSVzKGQrsFnL3x7eMPMoL6wvC8,BtGSevmBAFr4Sfw1yCPnkCG2xjV6UFL5KAypaWiopump,2.31e-06,-0.23,-1.0,9.21,2545.25,h1
2026-09-08T14:38:00+00:00,BTC/WBTC,Buy The Cat,solana,raydium,2RmBs1KYzkDuaRR4F8zU9rPR6KT16eCgJ9YS1c8XXZgQ,E4Ap4icMLwKot8rkkTbq5JkS5kZxt5XCE3yfxbzYBjHx,0.001911,-16.94,0.5921052631578947,35837.19,184007.9,h1
2026-09-08T14:38:00+00:00,PINK/ETH,Pink Sheets,robinhood,uniswap,0x6bb17e600f9cc09047dfa9261bc2f286f0cb8567a95493b4a82344f29d4deefc,0xBc9cc4b93A08B2dfBA87067a9C53E713DB3314Ce,0.0003826,-27.41,0.0241545893719806,33758.36,57004.1,h1
2026-09-08T14:38:00+00:00,Data/WETH,Datarex,robinhood,uniswap,0xB8e56fCBF91210DE964F6BB2b080355179a17E72,0x3A38116302463a7B027d9bC5bc6137a52F213ea1,0.0001817,-13.35,0.0303030303030303,2112.61,11607.28,h1
2026-09-08T14:38:00+00:00,AGENTSORA/ETH,Agent Sora,robinhood,uniswap,0xb7d7e607af763c1fa014b07af9d2c59219e6047b73128a14f7003ae4b7c6957d,0x84131db02C288F3e5A1c581FAeC1A38Fd83268ba,0.0003571,-4.42,0.1941747572815534,29955.85,55076.42,h1
2026-09-08T14:38:00+00:00,HABIBI/USO,Habibi,robinhood,uniswap,0x6575c060ef630d2dd5d4ddbcded0dac8d7031c5ec36a71c1e0584102ae477d81,0x79b5E43aA2e43eee21B9ddf1855a6dd2833Ac533,5.197e-05,-14.55,-0.1475409836065573,3478.41,21390.05,h1
2026-09-08T14:38:00+00:00,4WALL/ETH,Robinwall,robinhood,uniswap,0x43cc2d145b46d377935d11f05fc1929a8b3ee02cf93c1cfef684991ceac10c6f,0x8DfbFd3021E8b9c390a99C39747Ea4D295187BA0,0.0002113,8.07,0.8235294117647058,2974.89,66650.57,h1
2026-09-08T14:38:00+00:00,STONKS/SPY,STONKS,robinhood,uniswap,0x295c0502c35afd9158a87ccb1054490322673468fe6f6342aebc4ae558513423,0x238239d8Fbec75ebC08acA988447bC1926F615e0,0.0003825,4.24,0.3846153846153846,7143.85,51191.74,h1
2026-09-08T14:38:00+00:00,VC/SOL,vc.fun,solana,pumpswap,FGyHFBLiLPb81JZxV9VBdMkKndyY1iFsn5tGYNq3q1w3,DRqXeQA5sKGeksnRTvhTGEwpaqNtHQo8bQqub7pjpump,0.001857,-3.96,0.1989247311827957,31894.16,118409.67,h1
2026-09-08T14:38:00+00:00,IF/WETH,What If,robinhood,uniswap,0x39A200271525E9641e799127bdAB299DAeF21953,0x232CDFc415D10b673845D83Dc02ba2eaBe7e30d1,0.009758,-1.81,-0.1111111111111111,38958.22,431311.46,h1
2026-09-08T14:38:00+00:00,HUNTER/ETH,Hunter.exe,robinhood,uniswap,0xa66ada0341e896fb00e00b579ce60916276dc2fc692920c10437e1da463298cd,0x09eE7780c0287d29eeFED621318A7fFf8d26F4F1,5.37e-06,1.17,0.2,151.03,6761.28,h1
2026-09-08T14:38:00+00:00,FRENCHFRIES/SOL,New MCDONALDS,solana,pumpswap,HpJ9qLX76ypQdd69sywxFKigkJ4ExEDEH3TEhc614TM5,B3jpTbmkXbSrARGAjtJSCLQZQ4DZ1Vrb8r1ju5dfpump,2.254e-06,0.0,0.0,0.0,2529.66,h1
2026-09-08T14:38:00+00:00,CATIFY/SOL,CATIFY,solana,pumpswap,3JsgNeV6SKszbWoDZT5fVr9qAXXapDuFcoK6avzpSJDD,2dDDtevvn5V3sHCRQtMiSM3KoTDRfYdDkFrdigHNpump,2.297e-06,0.0,0.0,0.0,2695.02,h1
2026-09-08T14:38:00+00:00,ape/SOL,just ape,solana,pumpswap,DBN7inFLzsLUEQ4bbZF6fhLZTRWra8wjspoVV3kF3EF3,74ibkiorSf8xkyVZD7ewhbL3H7upqevjoQCDATxwpump,3.52e-06,0.15,0.0,21.84,3412.68,h1
2026-09-08T14:38:00+00:00,AGI/SOL,Artificial Giga Inu,solana,pumpswap,71i8LZZReUvN5ZSGHnEcVM33SP5pCReiqkqdY815Gn2b,FjhTgMeDgSE2bfo9nHsPtvZanJrDGtVye78a1garpump,0.0007925,10.82,0.1977978765237908,103873.35,83563.46,h1
2026-09-08T14:38:00+00:00,UTC/SOL,UTC,solana,pumpswap,CUCFjMtHpAuQGMj3qaYKVPb4H6yDAnTHqFKmDKZPqmLv,PHgCReUnUsk1jUTVzBZUV5SDSmCyTT4ZVDAEkQZgoa2,3.708e-06,-0.05,-0.3333333333333333,192.66,3386.08,h1
2026-09-08T14:38:00+00:00,HENTER/ETH,henter boden laptop,robinhood,uniswap,0x00d33cec2506c71a74a24c20f48d62dceb9653752998f1016c6474e814ca6839,0xDC1bebBE6699242e0fD33E5B8ce2D369e582466a,0.0001361,6.17,-0.1162790697674418,984.1,34000.03,h1
2026-09-08T14:38:00+00:00,ROBBY/USDG,Robby,robinhood,uniswap,0xe1ba4c2d42c6947d6a9b55413b9a1eb25640ab30059097bcec56f4c8445baf69,0xF28f00d39C6aa5fF851978a70B6dD7340891FD5f,0.0001977,-5.32,-1.0,488.22,36120.25,h1
2026-09-08T14:38:00+00:00,ONLYPUMP/SOL,OnlyPump,solana,pumpswap,DjUz9NnVHSxQ1ZsgTH47tXuGeEiaWa5DfAGQvQQCnkPo,8RDq8d3uD9mD5K75f1dEGyubN6jGArDMZaA8J4MNpump,2.237e-06,-1.4,-1.0,11.71,2589.08,h1
2026-09-08T14:38:00+00:00,GPU/NVDA,GPU,robinhood,uniswap,0x91470719c6298a6eff0f9bb05bf9326775b7870c06aa6351fb839ab6cd118d7c,0x082Fa7839ADbD3cceFeBdd7e618a7b8bAdA4F3f3,4.094e-06,-0.95,-1.0,13.32,5593.34,h1
2026-09-08T14:38:00+00:00,DUNALDU/SOL,Dunaldu Tremp,solana,pumpswap,8xVsj9aBzCEbwLTJjrqSVzKGQrsFnL3x7eMPMoL6wvC8,BtGSevmBAFr4Sfw1yCPnkCG2xjV6UFL5KAypaWiopump,2.31e-06,-0.23,-1.0,9.21,2545.25,h1
2026-09-08T14:43:00+00:00,AGENTSORA/ETH,Agent Sora,robinhood,uniswap,0xb7d7e607af763c1fa014b07af9d2c59219e6047b73128a14f7003ae4b7c6957d,0x84131db02C288F3e5A1c581FAeC1A38Fd83268ba,0.0002966,-18.91,0.2,33538.92,50209.67,h1
2026-09-08T14:43:00+00:00,PINK/ETH,Pink Sheets,robinhood,uniswap,0x6bb17e600f9cc09047dfa9261bc2f286f0cb8567a95493b4a82344f29d4deefc,0xBc9cc4b93A08B2dfBA87067a9C53E713DB3314Ce,0.0003528,-31.17,0.0133333333333333,38989.1,54767.67,h1
2026-09-08T14:43:00+00:00,BTC/WBTC,Buy The Cat,solana,raydium,2RmBs1KYzkDuaRR4F8zU9rPR6KT16eCgJ9YS1c8XXZgQ,E4Ap4icMLwKot8rkkTbq5JkS5kZxt5XCE3yfxbzYBjHx,0.002015,-8.49,0.6052631578947368,31162.93,189067.84,h1
2026-09-08T14:43:00+00:00,Data/WETH,Datarex,robinhood,uniswap,0xB8e56fCBF91210DE964F6BB2b080355179a17E72,0x3A38116302463a7B027d9bC5bc6137a52F213ea1,0.0001524,-20.43,-0.0625,2298.61,10631.43,h1
2026-09-08T14:43:00+00:00,STONKS/SPY,STONKS,robinhood,uniswap,0x295c0502c35afd9158a87ccb1054490322673468fe6f6342aebc4ae558513423,0x238239d8Fbec75ebC08acA988447bC1926F615e0,0.0004069,-5.22,0.2941176470588235,5811.82,52750.72,h1
2026-09-08T14:43:00+00:00,4WALL/ETH,Robinwall,robinhood,uniswap,0x43cc2d145b46d377935d11f05fc1929a8b3ee02cf93c1cfef684991ceac10c6f,0x8DfbFd3021E8b9c390a99C39747Ea4D295187BA0,0.0002127,8.58,0.803921568627451,3084.0,66901.26,h1
2026-09-08T14:43:00+00:00,VC/SOL,vc.fun,solana,pumpswap,FGyHFBLiLPb81JZxV9VBdMkKndyY1iFsn5tGYNq3q1w3,DRqXeQA5sKGeksnRTvhTGEwpaqNtHQo8bQqub7pjpump,0.001773,-11.55,0.1967213114754098,32370.19,115729.18,h1
2026-09-08T14:43:00+00:00,HABIBI/USO,Habibi,robinhood,uniswap,0x6575c060ef630d2dd5d4ddbcded0dac8d7031c5ec36a71c1e0584102ae477d81,0x79b5E43aA2e43eee21B9ddf1855a6dd2833Ac533,5.23e-05,-9.05,-0.1111111111111111,2913.64,21527.73,h1
2026-09-08T14:43:00+00:00,IF/WETH,What If,robinhood,uniswap,0x39A200271525E9641e799127bdAB299DAeF21953,0x232CDFc415D10b673845D83Dc02ba2eaBe7e30d1,0.009736,1.05,-0.1214953271028037,37600.1,429917.06,h1
2026-09-08T14:43:00+00:00,HUNTER/ETH,Hunter.exe,robinhood,uniswap,0xa66ada0341e896fb00e00b579ce60916276dc2fc692920c10437e1da463298cd,0x09eE7780c0287d29eeFED621318A7fFf8d26F4F1,5.366e-06,1.0,0.2,141.16,6752.5,h1
2026-09-08T14:43:00+00:00,FRENCHFRIES/SOL,New MCDONALDS,solana,pumpswap,HpJ9qLX76ypQdd69sywxFKigkJ4ExEDEH3TEhc614TM5,B3jpTbmkXbSrARGAjtJSCLQZQ4DZ1Vrb8r1ju5dfpump,2.254e-06,0.0,0.0,0.0,2529.66,h1
2026-09-08T14:43:00+00:00,CATIFY/SOL,CATIFY,solana,pumpswap,3JsgNeV6SKszbWoDZT5fVr9qAXXapDuFcoK6avzpSJDD,2dDDtevvn5V3sHCRQtMiSM3KoTDRfYdDkFrdigHNpump,2.297e-06,0.0,0.0,0.0,2695.02,h1
2026-09-08T14:43:00+00:00,ape/SOL,just ape,solana,pumpswap,DBN7inFLzsLUEQ4bbZF6fhLZTRWra8wjspoVV3kF3EF3,74ibkiorSf8xkyVZD7ewhbL3H7upqevjoQCDATxwpump,3.52e-06,-0.35,-0.2,20.83,3412.68,h1
2026-09-08T14:43:00+00:00,HENTER/ETH,henter boden laptop,robinhood,uniswap,0x00d33cec2506c71a74a24c20f48d62dceb9653752998f1016c6474e814ca6839,0xDC1bebBE6699242e0fD33E5B8ce2D369e582466a,0.0001354,6.78,-0.1219512195121951,1021.33,33921.23,h1
2026-09-08T14:43:00+00:00,UTC/SOL,UTC,solana,pumpswap,CUCFjMtHpAuQGMj3qaYKVPb4H6yDAnTHqFKmDKZPqmLv,PHgCReUnUsk1jUTVzBZUV5SDSmCyTT4ZVDAEkQZgoa2,3.707e-06,-0.59,-0.4666666666666667,193.73,3386.61,h1
2026-09-08T14:43:00+00:00,ROBBY/USDG,Robby,robinhood,uniswap,0xe1ba4c2d42c6947d6a9b55413b9a1eb25640ab30059097bcec56f4c8445baf69,0xF28f00d39C6aa5fF851978a70B6dD7340891FD5f,0.0001977,-5.32,-1.0,488.22,36120.25,h1
2026-09-08T14:43:00+00:00,AGI/SOL,Artificial Giga Inu,solana,pumpswap,71i8LZZReUvN5ZSGHnEcVM33SP5pCReiqkqdY815Gn2b,FjhTgMeDgSE2bfo9nHsPtvZanJrDGtVye78a1garpump,0.0008296,26.74,0.1631447170756134,102005.8,85588.88,h1
2026-09-08T14:43:00+00:00,ONLYPUMP/SOL,OnlyPump,solana,pumpswap,DjUz9NnVHSxQ1ZsgTH47tXuGeEiaWa5DfAGQvQQCnkPo,8RDq8d3uD9mD5K75f1dEGyubN6jGArDMZaA8J4MNpump,2.237e-06,-1.4,-1.0,11.71,2589.08,h1
2026-09-08T14:43:00+00:00,GPU/NVDA,GPU,robinhood,uniswap,0x91470719c6298a6eff0f9bb05bf9326775b7870c06aa6351fb839ab6cd118d7c,0x082Fa7839ADbD3cceFeBdd7e618a7b8bAdA4F3f3,4.094e-06,-0.95,-1.0,13.32,5593.34,h1
2026-09-08T14:43:00+00:00,DUNALDU/SOL,Dunaldu Tremp,solana,pumpswap,8xVsj9aBzCEbwLTJjrqSVzKGQrsFnL3x7eMPMoL6wvC8,BtGSevmBAFr4Sfw1yCPnkCG2xjV6UFL5KAypaWiopump,2.31e-06,-0.23,-1.0,9.21,2545.25,h1
2026-09-08T15:49:00+00:00,AGENTSORA/ETH,Agent Sora,robinhood,uniswap,0xb7d7e607af763c1fa014b07af9d2c59219e6047b73128a14f7003ae4b7c6957d,0x84131db02C288F3e5A1c581FAeC1A38Fd83268ba,0.0002383,-27.28,0.3403141361256545,35041.82,45146.77,h1
2026-09-08T15:49:00+00:00,AGI/SOL,Artificial Giga Inu,solana,pumpswap,71i8LZZReUvN5ZSGHnEcVM33SP5pCReiqkqdY815Gn2b,FjhTgMeDgSE2bfo9nHsPtvZanJrDGtVye78a1garpump,0.0006679,-19.52,0.2028588977609023,760941.44,78175.15,h1
2026-09-08T15:49:00+00:00,FRENCHFRIES/SOL,New MCDONALDS,solana,pumpswap,HpJ9qLX76ypQdd69sywxFKigkJ4ExEDEH3TEhc614TM5,B3jpTbmkXbSrARGAjtJSCLQZQ4DZ1Vrb8r1ju5dfpump,2.262e-06,0.33,1.0,4.84,2536.37,h1
2026-09-08T15:49:00+00:00,HABIBI/USO,Habibi,robinhood,uniswap,0x6575c060ef630d2dd5d4ddbcded0dac8d7031c5ec36a71c1e0584102ae477d81,0x79b5E43aA2e43eee21B9ddf1855a6dd2833Ac533,3.507e-05,-33.65,-0.28,3605.01,17670.6,h1
2026-09-08T15:49:00+00:00,PINK/ETH,Pink Sheets,robinhood,uniswap,0x6bb17e600f9cc09047dfa9261bc2f286f0cb8567a95493b4a82344f29d4deefc,0xBc9cc4b93A08B2dfBA87067a9C53E713DB3314Ce,0.0002557,-28.89,-0.0387596899224806,34213.47,46765.7,h1
2026-09-08T15:49:00+00:00,4WALL/ETH,Robinwall,robinhood,uniswap,0x43cc2d145b46d377935d11f05fc1929a8b3ee02cf93c1cfef684991ceac10c6f,0x8DfbFd3021E8b9c390a99C39747Ea4D295187BA0,0.0002292,6.96,0.76,2813.74,69873.89,h1
2026-09-08T15:49:00+00:00,Data/WETH,Datarex,robinhood,uniswap,0xB8e56fCBF91210DE964F6BB2b080355179a17E72,0x3A38116302463a7B027d9bC5bc6137a52F213ea1,0.0001287,-27.27,-0.3,1417.29,9804.06,h1
2026-09-08T15:49:00+00:00,VC/SOL,vc.fun,solana,pumpswap,FGyHFBLiLPb81JZxV9VBdMkKndyY1iFsn5tGYNq3q1w3,DRqXeQA5sKGeksnRTvhTGEwpaqNtHQo8bQqub7pjpump,0.001609,-9.35,0.1535836177474402,26360.21,110690.06,h1
2026-09-08T15:49:00+00:00,ASHIBA/NVDA,Artificial Shiba,robinhood,uniswap,0xa30e9ffea11b045fe04b5cbf3d5df8123f55ae855b4927bf366f00539ccfb642,0x25cd2901B6d16cB33185E7667F984dbc35BcF354,9.754e-05,32.16,0.1653944020356234,83112.11,27306.35,h1
2026-09-08T15:49:00+00:00,IF/WETH,What If,robinhood,uniswap,0x39A200271525E9641e799127bdAB299DAeF21953,0x232CDFc415D10b673845D83Dc02ba2eaBe7e30d1,0.009509,-3.06,-0.0612244897959183,31803.67,426556.72,h1
2026-09-08T15:49:00+00:00,HUNTER/ETH,Hunter.exe,robinhood,uniswap,0xa66ada0341e896fb00e00b579ce60916276dc2fc692920c10437e1da463298cd,0x09eE7780c0287d29eeFED621318A7fFf8d26F4F1,5.331e-06,-0.65,0.3333333333333333,21.49,6747.66,h1
2026-09-08T15:49:00+00:00,GPU/NVDA,GPU,robinhood,uniswap,0x91470719c6298a6eff0f9bb05bf9326775b7870c06aa6351fb839ab6cd118d7c,0x082Fa7839ADbD3cceFeBdd7e618a7b8bAdA4F3f3,4.088e-06,-0.13,0.3333333333333333,6.93,5589.57,h1
2026-09-08T15:49:00+00:00,BTC/WBTC,Buy The Cat,solana,raydium,2RmBs1KYzkDuaRR4F8zU9rPR6KT16eCgJ9YS1c8XXZgQ,E4Ap4icMLwKot8rkkTbq5JkS5kZxt5XCE3yfxbzYBjHx,0.002297,7.64,0.1612903225806451,36176.01,202761.0,h1
2026-09-08T15:49:00+00:00,STONKS/SPY,STONKS,robinhood,uniswap,0x295c0502c35afd9158a87ccb1054490322673468fe6f6342aebc4ae558513423,0x238239d8Fbec75ebC08acA988447bC1926F615e0,0.0004768,9.28,0.0,3895.49,57138.99,h1
2026-09-08T15:49:00+00:00,DUNALDU/SOL,Dunaldu Tremp,solana,pumpswap,8xVsj9aBzCEbwLTJjrqSVzKGQrsFnL3x7eMPMoL6wvC8,BtGSevmBAFr4Sfw1yCPnkCG2xjV6UFL5KAypaWiopump,2.31e-06,0.0,0.0,0.0,2545.25,h1
2026-09-08T15:49:00+00:00,ONLYPUMP/SOL,OnlyPump,solana,pumpswap,DjUz9NnVHSxQ1ZsgTH47tXuGeEiaWa5DfAGQvQQCnkPo,8RDq8d3uD9mD5K75f1dEGyubN6jGArDMZaA8J4MNpump,1.826e-06,-18.34,-0.6666666666666666,5.33,2195.65,h1
2026-09-08T15:49:00+00:00,UTC/SOL,UTC,solana,pumpswap,CUCFjMtHpAuQGMj3qaYKVPb4H6yDAnTHqFKmDKZPqmLv,PHgCReUnUsk1jUTVzBZUV5SDSmCyTT4ZVDAEkQZgoa2,3.647e-06,-1.62,-0.1428571428571428,33.67,3350.4,h1
2026-09-08T15:49:00+00:00,HENTER/ETH,henter boden laptop,robinhood,uniswap,0x00d33cec2506c71a74a24c20f48d62dceb9653752998f1016c6474e814ca6839,0xDC1bebBE6699242e0fD33E5B8ce2D369e582466a,0.0001261,-3.82,-0.6,386.17,32772.65,h1
2026-09-08T15:49:00+00:00,ape/SOL,just ape,solana,pumpswap,DBN7inFLzsLUEQ4bbZF6fhLZTRWra8wjspoVV3kF3EF3,74ibkiorSf8xkyVZD7ewhbL3H7upqevjoQCDATxwpump,3.423e-06,-1.88,-1.0,21.17,3342.91,h1
2026-09-08T15:49:00+00:00,CATIFY/SOL,CATIFY,solana,pumpswap,3JsgNeV6SKszbWoDZT5fVr9qAXXapDuFcoK6avzpSJDD,2dDDtevvn5V3sHCRQtMiSM3KoTDRfYdDkFrdigHNpump,2.299e-06,0.06,-1.0,10.03,2699.94,h1
2026-09-08T15:51:00+00:00,AGI/SOL,Artificial Giga Inu,solana,pumpswap,71i8LZZReUvN5ZSGHnEcVM33SP5pCReiqkqdY815Gn2b,FjhTgMeDgSE2bfo9nHsPtvZanJrDGtVye78a1garpump,0.0005918,-26.57,0.211358574610245,767843.96,73497.92,h1
2026-09-08T15:51:00+00:00,AGENTSORA/ETH,Agent Sora,robinhood,uniswap,0xb7d7e607af763c1fa014b07af9d2c59219e6047b73128a14f7003ae4b7c6957d,0x84131db02C288F3e5A1c581FAeC1A38Fd83268ba,0.000259,-25.81,0.3435897435897436,35503.84,47065.08,h1
2026-09-08T15:51:00+00:00,ASHIBA/NVDA,Artificial Shiba,robinhood,uniswap,0xa30e9ffea11b045fe04b5cbf3d5df8123f55ae855b4927bf366f00539ccfb642,0x25cd2901B6d16cB33185E7667F984dbc35BcF354,8.898e-05,12.99,0.1518324607329843,79884.06,26077.3,h1
2026-09-08T15:51:00+00:00,FRENCHFRIES/SOL,New MCDONALDS,solana,pumpswap,HpJ9qLX76ypQdd69sywxFKigkJ4ExEDEH3TEhc614TM5,B3jpTbmkXbSrARGAjtJSCLQZQ4DZ1Vrb8r1ju5dfpump,2.262e-06,0.33,1.0,4.84,2536.37,h1
2026-09-08T15:51:00+00:00,4WALL/ETH,Robinwall,robinhood,uniswap,0x43cc2d145b46d377935d11f05fc1929a8b3ee02cf93c1cfef684991ceac10c6f,0x8DfbFd3021E8b9c390a99C39747Ea4D295187BA0,0.0002293,6.99,0.76,2818.42,69901.69,h1
2026-09-08T15:51:00+00:00,PINK/ETH,Pink Sheets,robinhood,uniswap,0x6bb17e600f9cc09047dfa9261bc2f286f0cb8567a95493b4a82344f29d4deefc,0xBc9cc4b93A08B2dfBA87067a9C53E713DB3314Ce,0.000253,-32.91,-0.0687022900763358,34178.0,46513.41,h1
2026-09-08T15:51:00+00:00,HABIBI/USO,Habibi,robinhood,uniswap,0x6575c060ef630d2dd5d4ddbcded0dac8d7031c5ec36a71c1e0584102ae477d81,0x79b5E43aA2e43eee21B9ddf1855a6dd2833Ac533,3.504e-05,-33.89,-0.28,3595.52,17654.58,h1
2026-09-08T15:51:00+00:00,Data/WETH,Datarex,robinhood,uniswap,0xB8e56fCBF91210DE964F6BB2b080355179a17E72,0x3A38116302463a7B027d9bC5bc6137a52F213ea1,0.0001287,-27.27,-0.3,1417.29,9804.06,h1
2026-09-08T15:51:00+00:00,VC/SOL,vc.fun,solana,pumpswap,FGyHFBLiLPb81JZxV9VBdMkKndyY1iFsn5tGYNq3q1w3,DRqXeQA5sKGeksnRTvhTGEwpaqNtHQo8bQqub7pjpump,0.00159,-8.88,0.136986301369863,26015.87,110041.26,h1
2026-09-08T15:51:00+00:00,IF/WETH,What If,robinhood,uniswap,0x39A200271525E9641e799127bdAB299DAeF21953,0x232CDFc415D10b673845D83Dc02ba2eaBe7e30d1,0.009564,-2.11,-0.0679611650485436,31276.2,428043.35,h1
2026-09-08T15:51:00+00:00,GPU/NVDA,GPU,robinhood,uniswap,0x91470719c6298a6eff0f9bb05bf9326775b7870c06aa6351fb839ab6cd118d7c,0x082Fa7839ADbD3cceFeBdd7e618a7b8bAdA4F3f3,4.088e-06,-0.13,0.3333333333333333,6.93,5589.57,h1
2026-09-08T15:51:00+00:00,STONKS/SPY,STONKS,robinhood,uniswap,0x295c0502c35afd9158a87ccb1054490322673468fe6f6342aebc4ae558513423,0x238239d8Fbec75ebC08acA988447bC1926F615e0,0.0004653,7.48,0.0555555555555555,4151.84,56441.95,h1
2026-09-08T15:51:00+00:00,HUNTER/ETH,Hunter.exe,robinhood,uniswap,0xa66ada0341e896fb00e00b579ce60916276dc2fc692920c10437e1da463298cd,0x09eE7780c0287d29eeFED621318A7fFf8d26F4F1,5.252e-06,-2.11,0.0,48.42,6701.57,h1
2026-09-08T15:51:00+00:00,DUNALDU/SOL,Dunaldu Tremp,solana,pumpswap,8xVsj9aBzCEbwLTJjrqSVzKGQrsFnL3x7eMPMoL6wvC8,BtGSevmBAFr4Sfw1yCPnkCG2xjV6UFL5KAypaWiopump,2.31e-06,0.0,0.0,0.0,2545.25,h1
2026-09-08T15:51:00+00:00,ONLYPUMP/SOL,OnlyPump,solana,pumpswap,DjUz9NnVHSxQ1ZsgTH47tXuGeEiaWa5DfAGQvQQCnkPo,8RDq8d3uD9mD5K75f1dEGyubN6jGArDMZaA8J4MNpump,1.826e-06,-18.34,-0.6666666666666666,5.33,2195.65,h1
2026-09-08T15:51:00+00:00,UTC/SOL,UTC,solana,pumpswap,CUCFjMtHpAuQGMj3qaYKVPb4H6yDAnTHqFKmDKZPqmLv,PHgCReUnUsk1jUTVzBZUV5SDSmCyTT4ZVDAEkQZgoa2,3.625e-06,-2.21,-0.4,37.79,3335.33,h1
2026-09-08T15:51:00+00:00,HENTER/ETH,henter boden laptop,robinhood,uniswap,0x00d33cec2506c71a74a24c20f48d62dceb9653752998f1016c6474e814ca6839,0xDC1bebBE6699242e0fD33E5B8ce2D369e582466a,0.0001261,-2.94,-0.5714285714285714,310.4,32772.65,h1
2026-09-08T15:51:00+00:00,BTC/WBTC,Buy The Cat,solana,raydium,2RmBs1KYzkDuaRR4F8zU9rPR6KT16eCgJ9YS1c8XXZgQ,E4Ap4icMLwKot8rkkTbq5JkS5kZxt5XCE3yfxbzYBjHx,0.003177,48.04,0.0705882352941176,63373.25,238345.19,h1
2026-09-08T15:51:00+00:00,ape/SOL,just ape,solana,pumpswap,DBN7inFLzsLUEQ4bbZF6fhLZTRWra8wjspoVV3kF3EF3,74ibkiorSf8xkyVZD7ewhbL3H7upqevjoQCDATxwpump,3.423e-06,-1.88,-1.0,21.17,3342.91,h1
2026-09-08T15:51:00+00:00,CATIFY/SOL,CATIFY,solana,pumpswap,3JsgNeV6SKszbWoDZT5fVr9qAXXapDuFcoK6avzpSJDD,2dDDtevvn5V3sHCRQtMiSM3KoTDRfYdDkFrdigHNpump,2.299e-06,0.06,-1.0,10.03,2699.94,h1
2026-09-08T16:05:00+00:00,AGENTSORA/ETH,Agent Sora,robinhood,uniswap,0xb7d7e607af763c1fa014b07af9d2c59219e6047b73128a14f7003ae4b7c6957d,0x84131db02C288F3e5A1c581FAeC1A38Fd83268ba,0.0001714,-38.42,0.3265306122448979,35571.27,38312.84,h1
2026-09-08T16:05:00+00:00,AGI/SOL,Artificial Giga Inu,solana,pumpswap,71i8LZZReUvN5ZSGHnEcVM33SP5pCReiqkqdY815Gn2b,FjhTgMeDgSE2bfo9nHsPtvZanJrDGtVye78a1garpump,0.0005783,-31.49,0.1951123374063855,712134.3,72773.87,h1
2026-09-08T16:05:00+00:00,4WALL/ETH,Robinwall,robinhood,uniswap,0x43cc2d145b46d377935d11f05fc1929a8b3ee02cf93c1cfef684991ceac10c6f,0x8DfbFd3021E8b9c390a99C39747Ea4D295187BA0,0.0002337,6.83,0.7924528301886793,2666.63,70665.33,h1
2026-09-08T16:05:00+00:00,FRENCHFRIES/SOL,New MCDONALDS,solana,pumpswap,HpJ9qLX76ypQdd69sywxFKigkJ4ExEDEH3TEhc614TM5,B3jpTbmkXbSrARGAjtJSCLQZQ4DZ1Vrb8r1ju5dfpump,2.262e-06,0.33,1.0,4.84,2536.37,h1
2026-09-08T16:05:00+00:00,VC/SOL,vc.fun,solana,pumpswap,FGyHFBLiLPb81JZxV9VBdMkKndyY1iFsn5tGYNq3q1w3,DRqXeQA5sKGeksnRTvhTGEwpaqNtHQo8bQqub7pjpump,0.001404,-26.76,0.2829131652661064,33224.05,103460.19,h1
2026-09-08T16:05:00+00:00,STONKS/SPY,STONKS,robinhood,uniswap,0x295c0502c35afd9158a87ccb1054490322673468fe6f6342aebc4ae558513423,0x238239d8Fbec75ebC08acA988447bC1926F615e0,0.0004571,7.76,0.2,4317.77,55913.0,h1
2026-09-08T16:05:00+00:00,PINK/ETH,Pink Sheets,robinhood,uniswap,0x6bb17e600f9cc09047dfa9261bc2f286f0cb8567a95493b4a82344f29d4deefc,0xBc9cc4b93A08B2dfBA87067a9C53E713DB3314Ce,0.0002916,-21.88,0.0279720279720279,33940.83,49968.97,h1
2026-09-08T16:05:00+00:00,IF/WETH,What If,robinhood,uniswap,0x39A200271525E9641e799127bdAB299DAeF21953,0x232CDFc415D10b673845D83Dc02ba2eaBe7e30d1,0.009651,-2.25,-0.0545454545454545,32465.01,430351.8,h1
2026-09-08T16:05:00+00:00,HUNTER/ETH,Hunter.exe,robinhood,uniswap,0xa66ada0341e896fb00e00b579ce60916276dc2fc692920c10437e1da463298cd,0x09eE7780c0287d29eeFED621318A7fFf8d26F4F1,5.252e-06,-1.14,0.3333333333333333,27.95,6701.57,h1
2026-09-08T16:05:00+00:00,Data/WETH,Datarex,robinhood,uniswap,0xB8e56fCBF91210DE964F6BB2b080355179a17E72,0x3A38116302463a7B027d9bC5bc6137a52F213ea1,0.0001293,-18.29,-0.1111111111111111,1059.81,9838.5,h1
2026-09-08T16:05:00+00:00,HABIBI/USO,Habibi,robinhood,uniswap,0x6575c060ef630d2dd5d4ddbcded0dac8d7031c5ec36a71c1e0584102ae477d81,0x79b5E43aA2e43eee21B9ddf1855a6dd2833Ac533,3.352e-05,-14.27,-0.1739130434782608,2365.45,17237.22,h1
2026-09-08T16:05:00+00:00,DUNALDU/SOL,Dunaldu Tremp,solana,pumpswap,8xVsj9aBzCEbwLTJjrqSVzKGQrsFnL3x7eMPMoL6wvC8,BtGSevmBAFr4Sfw1yCPnkCG2xjV6UFL5KAypaWiopump,2.31e-06,0.0,0.0,0.0,2545.25,h1
2026-09-08T16:05:00+00:00,BTC/WBTC,Buy The Cat,solana,raydium,2RmBs1KYzkDuaRR4F8zU9rPR6KT16eCgJ9YS1c8XXZgQ,E4Ap4icMLwKot8rkkTbq5JkS5kZxt5XCE3yfxbzYBjHx,0.003297,34.21,0.1121495327102803,69106.18,242601.83,h1
2026-09-08T16:05:00+00:00,ape/SOL,just ape,solana,pumpswap,DBN7inFLzsLUEQ4bbZF6fhLZTRWra8wjspoVV3kF3EF3,74ibkiorSf8xkyVZD7ewhbL3H7upqevjoQCDATxwpump,3.524e-06,1.97,-0.1428571428571428,296.51,3424.01,h1
2026-09-08T16:05:00+00:00,UTC/SOL,UTC,solana,pumpswap,CUCFjMtHpAuQGMj3qaYKVPb4H6yDAnTHqFKmDKZPqmLv,PHgCReUnUsk1jUTVzBZUV5SDSmCyTT4ZVDAEkQZgoa2,3.569e-06,-3.86,-0.4545454545454545,64.13,3296.68,h1
2026-09-08T16:05:00+00:00,ASHIBA/NVDA,Artificial Shiba,robinhood,uniswap,0xa30e9ffea11b045fe04b5cbf3d5df8123f55ae855b4927bf366f00539ccfb642,0x25cd2901B6d16cB33185E7667F984dbc35BcF354,8.759e-05,120.0,0.2514619883040935,61481.08,25872.62,h1
2026-09-08T16:05:00+00:00,CATIFY/SOL,CATIFY,solana,pumpswap,3JsgNeV6SKszbWoDZT5fVr9qAXXapDuFcoK6avzpSJDD,2dDDtevvn5V3sHCRQtMiSM3KoTDRfYdDkFrdigHNpump,2.332e-06,1.51,-0.5,14.87,2733.65,h1
2026-09-08T16:05:00+00:00,HENTER/ETH,henter boden laptop,robinhood,uniswap,0x00d33cec2506c71a74a24c20f48d62dceb9653752998f1016c6474e814ca6839,0xDC1bebBE6699242e0fD33E5B8ce2D369e582466a,0.0001266,-0.4,-0.5714285714285714,126.69,32916.94,h1
2026-09-08T16:05:00+00:00,ONLYPUMP/SOL,OnlyPump,solana,pumpswap,DjUz9NnVHSxQ1ZsgTH47tXuGeEiaWa5DfAGQvQQCnkPo,8RDq8d3uD9mD5K75f1dEGyubN6jGArDMZaA8J4MNpump,1.826e-06,-20.16,-1.0,0.26,2195.65,h1
2026-09-08T16:05:00+00:00,GPU/NVDA,GPU,robinhood,uniswap,0x91470719c6298a6eff0f9bb05bf9326775b7870c06aa6351fb839ab6cd118d7c,0x082Fa7839ADbD3cceFeBdd7e618a7b8bAdA4F3f3,4.079e-06,-0.53,-1.0,7.38,5583.63,h1
2026-09-08T16:08:00+00:00,AGENTSORA/ETH,Agent Sora,robinhood,uniswap,0xb7d7e607af763c1fa014b07af9d2c59219e6047b73128a14f7003ae4b7c6957d,0x84131db02C288F3e5A1c581FAeC1A38Fd83268ba,0.0001787,-37.09,0.3165829145728643,36312.86,39112.02,h1
2026-09-08T16:08:00+00:00,AGI/SOL,Artificial Giga Inu,solana,pumpswap,71i8LZZReUvN5ZSGHnEcVM33SP5pCReiqkqdY815Gn2b,FjhTgMeDgSE2bfo9nHsPtvZanJrDGtVye78a1garpump,0.000615,-28.14,0.1997516042227282,711589.32,75116.07,h1
2026-09-08T16:08:00+00:00,4WALL/ETH,Robinwall,robinhood,uniswap,0x43cc2d145b46d377935d11f05fc1929a8b3ee02cf93c1cfef684991ceac10c6f,0x8DfbFd3021E8b9c390a99C39747Ea4D295187BA0,0.0002339,6.9,0.7777777777777778,2682.41,70696.13,h1
2026-09-08T16:08:00+00:00,FRENCHFRIES/SOL,New MCDONALDS,solana,pumpswap,HpJ9qLX76ypQdd69sywxFKigkJ4ExEDEH3TEhc614TM5,B3jpTbmkXbSrARGAjtJSCLQZQ4DZ1Vrb8r1ju5dfpump,2.262e-06,0.33,1.0,4.84,2536.37,h1
2026-09-08T16:08:00+00:00,VC/SOL,vc.fun,solana,pumpswap,FGyHFBLiLPb81JZxV9VBdMkKndyY1iFsn5tGYNq3q1w3,DRqXeQA5sKGeksnRTvhTGEwpaqNtHQo8bQqub7pjpump,0.00142,-23.07,0.3333333333333333,32311.84,104032.67,h1
2026-09-08T16:08:00+00:00,STONKS/SPY,STONKS,robinhood,uniswap,0x295c0502c35afd9158a87ccb1054490322673468fe6f6342aebc4ae558513423,0x238239d8Fbec75ebC08acA988447bC1926F615e0,0.0004522,6.61,0.1666666666666666,4466.58,55612.04,h1
2026-09-08T16:08:00+00:00,IF/WETH,What If,robinhood,uniswap,0x39A200271525E9641e799127bdAB299DAeF21953,0x232CDFc415D10b673845D83Dc02ba2eaBe7e30d1,0.009648,-2.42,-0.074074074074074,32160.01,430299.05,h1
2026-09-08T16:08:00+00:00,PINK/ETH,Pink Sheets,robinhood,uniswap,0x6bb17e600f9cc09047dfa9261bc2f286f0cb8567a95493b4a82344f29d4deefc,0xBc9cc4b93A08B2dfBA87067a9C53E713DB3314Ce,0.0002774,-17.85,0.0354609929078014,31254.06,48729.71,h1
2026-09-08T16:08:00+00:00,HUNTER/ETH,Hunter.exe,robinhood,uniswap,0xa66ada0341e896fb00e00b579ce60916276dc2fc692920c10437e1da463298cd,0x09eE7780c0287d29eeFED621318A7fFf8d26F4F1,5.252e-06,-1.14,0.3333333333333333,27.95,6701.57,h1
2026-09-08T16:08:00+00:00,Data/WETH,Datarex,robinhood,uniswap,0xB8e56fCBF91210DE964F6BB2b080355179a17E72,0x3A38116302463a7B027d9bC5bc6137a52F213ea1,0.0001293,-18.29,-0.1111111111111111,1059.81,9838.5,h1
2026-09-08T16:08:00+00:00,HABIBI/USO,Habibi,robinhood,uniswap,0x6575c060ef630d2dd5d4ddbcded0dac8d7031c5ec36a71c1e0584102ae477d81,0x79b5E43aA2e43eee21B9ddf1855a6dd2833Ac533,3.373e-05,-13.29,-0.1363636363636363,2366.27,17295.46,h1
2026-09-08T16:08:00+00:00,DUNALDU/SOL,Dunaldu Tremp,solana,pumpswap,8xVsj9aBzCEbwLTJjrqSVzKGQrsFnL3x7eMPMoL6wvC8,BtGSevmBAFr4Sfw1yCPnkCG2xjV6UFL5KAypaWiopump,2.31e-06,0.0,0.0,0.0,2545.25,h1
2026-09-08T16:08:00+00:00,BTC/WBTC,Buy The Cat,solana,raydium,2RmBs1KYzkDuaRR4F8zU9rPR6KT16eCgJ9YS1c8XXZgQ,E4Ap4icMLwKot8rkkTbq5JkS5kZxt5XCE3yfxbzYBjHx,0.003133,27.06,0.0442477876106194,72099.81,236708.66,h1
2026-09-08T16:08:00+00:00,ape/SOL,just ape,solana,pumpswap,DBN7inFLzsLUEQ4bbZF6fhLZTRWra8wjspoVV3kF3EF3,74ibkiorSf8xkyVZD7ewhbL3H7upqevjoQCDATxwpump,3.478e-06,0.63,-0.25,323.44,3389.31,h1
2026-09-08T16:08:00+00:00,UTC/SOL,UTC,solana,pumpswap,CUCFjMtHpAuQGMj3qaYKVPb4H6yDAnTHqFKmDKZPqmLv,PHgCReUnUsk1jUTVzBZUV5SDSmCyTT4ZVDAEkQZgoa2,3.569e-06,-3.86,-0.4545454545454545,64.13,3296.68,h1
2026-09-08T16:08:00+00:00,ASHIBA/NVDA,Artificial Shiba,robinhood,uniswap,0xa30e9ffea11b045fe04b5cbf3d5df8123f55ae855b4927bf366f00539ccfb642,0x25cd2901B6d16cB33185E7667F984dbc35BcF354,9.117e-05,124.0,0.2577065351418002,59481.79,26398.37,h1
2026-09-08T16:08:00+00:00,CATIFY/SOL,CATIFY,solana,pumpswap,3JsgNeV6SKszbWoDZT5fVr9qAXXapDuFcoK6avzpSJDD,2dDDtevvn5V3sHCRQtMiSM3KoTDRfYdDkFrdigHNpump,2.332e-06,1.51,-0.5,14.87,2733.65,h1
2026-09-08T16:08:00+00:00,HENTER/ETH,henter boden laptop,robinhood,uniswap,0x00d33cec2506c71a74a24c20f48d62dceb9653752998f1016c6474e814ca6839,0xDC1bebBE6699242e0fD33E5B8ce2D369e582466a,0.0001266,-0.48,-0.6363636363636364,119.23,32916.94,h1
2026-09-08T16:08:00+00:00,ONLYPUMP/SOL,OnlyPump,solana,pumpswap,DjUz9NnVHSxQ1ZsgTH47tXuGeEiaWa5DfAGQvQQCnkPo,8RDq8d3uD9mD5K75f1dEGyubN6jGArDMZaA8J4MNpump,1.826e-06,-20.16,-1.0,0.26,2195.65,h1
2026-09-08T16:08:00+00:00,GPU/NVDA,GPU,robinhood,uniswap,0x91470719c6298a6eff0f9bb05bf9326775b7870c06aa6351fb839ab6cd118d7c,0x082Fa7839ADbD3cceFeBdd7e618a7b8bAdA4F3f3,4.079e-06,-0.21,-1.0,2.97,5583.63,h1
2026-09-08T16:14:00+00:00,AGENTSORA/ETH,Agent Sora,robinhood,uniswap,0xb7d7e607af763c1fa014b07af9d2c59219e6047b73128a14f7003ae4b7c6957d,0x84131db02C288F3e5A1c581FAeC1A38Fd83268ba,0.0001913,-37.86,0.3298429319371728,35100.78,40425.42,h1
2026-09-08T16:14:00+00:00,AGI/SOL,Artificial Giga Inu,solana,pumpswap,71i8LZZReUvN5ZSGHnEcVM33SP5pCReiqkqdY815Gn2b,FjhTgMeDgSE2bfo9nHsPtvZanJrDGtVye78a1garpump,0.0006122,-28.14,0.2009755354012651,709571.95,74852.15,h1
2026-09-08T16:14:00+00:00,4WALL/ETH,Robinwall,robinhood,uniswap,0x43cc2d145b46d377935d11f05fc1929a8b3ee02cf93c1cfef684991ceac10c6f,0x8DfbFd3021E8b9c390a99C39747Ea4D295187BA0,0.0002328,5.66,0.719626168224299,2761.96,70446.04,h1
2026-09-08T16:14:00+00:00,FRENCHFRIES/SOL,New MCDONALDS,solana,pumpswap,HpJ9qLX76ypQdd69sywxFKigkJ4ExEDEH3TEhc614TM5,B3jpTbmkXbSrARGAjtJSCLQZQ4DZ1Vrb8r1ju5dfpump,2.262e-06,0.33,1.0,4.84,2536.37,h1
2026-09-08T16:14:00+00:00,VC/SOL,vc.fun,solana,pumpswap,FGyHFBLiLPb81JZxV9VBdMkKndyY1iFsn5tGYNq3q1w3,DRqXeQA5sKGeksnRTvhTGEwpaqNtHQo8bQqub7pjpump,0.001477,-19.97,0.2892561983471074,33759.77,106174.55,h1
2026-09-08T16:14:00+00:00,STONKS/SPY,STONKS,robinhood,uniswap,0x295c0502c35afd9158a87ccb1054490322673468fe6f6342aebc4ae558513423,0x238239d8Fbec75ebC08acA988447bC1926F615e0,0.0004474,6.21,0.1578947368421052,4558.69,55315.84,h1
2026-09-08T16:14:00+00:00,IF/WETH,What If,robinhood,uniswap,0x39A200271525E9641e799127bdAB299DAeF21953,0x232CDFc415D10b673845D83Dc02ba2eaBe7e30d1,0.009503,-3.68,-0.1153846153846153,34990.13,426883.81,h1
2026-09-08T16:14:00+00:00,PINK/ETH,Pink Sheets,robinhood,uniswap,0x6bb17e600f9cc09047dfa9261bc2f286f0cb8567a95493b4a82344f29d4deefc,0xBc9cc4b93A08B2dfBA87067a9C53E713DB3314Ce,0.0002887,-16.26,0.0533807829181494,33398.93,49657.56,h1
2026-09-08T16:14:00+00:00,HABIBI/USO,Habibi,robinhood,uniswap,0x6575c060ef630d2dd5d4ddbcded0dac8d7031c5ec36a71c1e0584102ae477d81,0x79b5E43aA2e43eee21B9ddf1855a6dd2833Ac533,3.319e-05,-15.54,-0.2,2419.98,17153.68,h1
2026-09-08T16:14:00+00:00,Data/WETH,Datarex,robinhood,uniswap,0xB8e56fCBF91210DE964F6BB2b080355179a17E72,0x3A38116302463a7B027d9bC5bc6137a52F213ea1,0.0001293,2.81,0.0909090909090909,427.24,9838.5,h1
2026-09-08T16:14:00+00:00,BTC/WBTC,Buy The Cat,solana,raydium,2RmBs1KYzkDuaRR4F8zU9rPR6KT16eCgJ9YS1c8XXZgQ,E4Ap4icMLwKot8rkkTbq5JkS5kZxt5XCE3yfxbzYBjHx,0.002893,27.41,0.0707964601769911,73809.21,227310.39,h1
2026-09-08T16:14:00+00:00,HUNTER/ETH,Hunter.exe,robinhood,uniswap,0xa66ada0341e896fb00e00b579ce60916276dc2fc692920c10437e1da463298cd,0x09eE7780c0287d29eeFED621318A7fFf8d26F4F1,5.252e-06,-1.26,0.0,27.45,6701.57,h1
2026-09-08T16:14:00+00:00,DUNALDU/SOL,Dunaldu Tremp,solana,pumpswap,8xVsj9aBzCEbwLTJjrqSVzKGQrsFnL3x7eMPMoL6wvC8,BtGSevmBAFr4Sfw1yCPnkCG2xjV6UFL5KAypaWiopump,2.31e-06,0.0,0.0,0.0,2545.25,h1
2026-09-08T16:14:00+00:00,CATIFY/SOL,CATIFY,solana,pumpswap,3JsgNeV6SKszbWoDZT5fVr9qAXXapDuFcoK6avzpSJDD,2dDDtevvn5V3sHCRQtMiSM3KoTDRfYdDkFrdigHNpump,2.34e-06,1.68,0.0,14.99,2741.88,h1
2026-09-08T16:14:00+00:00,ape/SOL,just ape,solana,pumpswap,DBN7inFLzsLUEQ4bbZF6fhLZTRWra8wjspoVV3kF3EF3,74ibkiorSf8xkyVZD7ewhbL3H7upqevjoQCDATxwpump,3.478e-06,0.63,-0.25,323.44,3389.31,h1
2026-09-08T16:14:00+00:00,UTC/SOL,UTC,solana,pumpswap,CUCFjMtHpAuQGMj3qaYKVPb4H6yDAnTHqFKmDKZPqmLv,PHgCReUnUsk1jUTVzBZUV5SDSmCyTT4ZVDAEkQZgoa2,3.556e-06,-3.86,-0.4545454545454545,58.22,3287.99,h1
2026-09-08T16:14:00+00:00,ASHIBA/NVDA,Artificial Shiba,robinhood,uniswap,0xa30e9ffea11b045fe04b5cbf3d5df8123f55ae855b4927bf366f00539ccfb642,0x25cd2901B6d16cB33185E7667F984dbc35BcF354,9.34e-05,147.0,0.3469945355191257,49947.93,26716.57,h1
2026-09-08T16:14:00+00:00,HENTER/ETH,henter boden laptop,robinhood,uniswap,0x00d33cec2506c71a74a24c20f48d62dceb9653752998f1016c6474e814ca6839,0xDC1bebBE6699242e0fD33E5B8ce2D369e582466a,0.0001615,27.2,-0.4285714285714285,3367.81,37188.09,h1
2026-09-08T16:14:00+00:00,ONLYPUMP/SOL,OnlyPump,solana,pumpswap,DjUz9NnVHSxQ1ZsgTH47tXuGeEiaWa5DfAGQvQQCnkPo,8RDq8d3uD9mD5K75f1dEGyubN6jGArDMZaA8J4MNpump,1.826e-06,-20.16,-1.0,0.26,2195.65,h1
2026-09-08T16:14:00+00:00,GPU/NVDA,GPU,robinhood,uniswap,0x91470719c6298a6eff0f9bb05bf9326775b7870c06aa6351fb839ab6cd118d7c,0x082Fa7839ADbD3cceFeBdd7e618a7b8bAdA4F3f3,3.63e-06,-11.21,-1.0,161.32,5266.92,h1
2026-09-08T16:20:00+00:00,AGI/SOL,Artificial Giga Inu,solana,pumpswap,71i8LZZReUvN5ZSGHnEcVM33SP5pCReiqkqdY815Gn2b,FjhTgMeDgSE2bfo9nHsPtvZanJrDGtVye78a1garpump,0.0006149,-31.59,0.2034992356038729,704305.17,74971.6,h1
2026-09-08T16:20:00+00:00,AGENTSORA/ETH,Agent Sora,robinhood,uniswap,0xb7d7e607af763c1fa014b07af9d2c59219e6047b73128a14f7003ae4b7c6957d,0x84131db02C288F3e5A1c581FAeC1A38Fd83268ba,0.0002378,-30.17,0.3298429319371728,34463.28,45041.72,h1
2026-09-08T16:20:00+00:00,4WALL/ETH,Robinwall,robinhood,uniswap,0x43cc2d145b46d377935d11f05fc1929a8b3ee02cf93c1cfef684991ceac10c6f,0x8DfbFd3021E8b9c390a99C39747Ea4D295187BA0,0.0002348,5.34,0.7333333333333333,2765.52,70727.29,h1
2026-09-08T16:20:00+00:00,FRENCHFRIES/SOL,New MCDONALDS,solana,pumpswap,HpJ9qLX76ypQdd69sywxFKigkJ4ExEDEH3TEhc614TM5,B3jpTbmkXbSrARGAjtJSCLQZQ4DZ1Vrb8r1ju5dfpump,2.262e-06,0.33,1.0,4.84,2536.37,h1
2026-09-08T16:20:00+00:00,VC/SOL,vc.fun,solana,pumpswap,FGyHFBLiLPb81JZxV9VBdMkKndyY1iFsn5tGYNq3q1w3,DRqXeQA5sKGeksnRTvhTGEwpaqNtHQo8bQqub7pjpump,0.001407,-23.97,0.2622950819672131,34112.3,103351.83,h1
2026-09-08T16:20:00+00:00,STONKS/SPY,STONKS,robinhood,uniswap,0x295c0502c35afd9158a87ccb1054490322673468fe6f6342aebc4ae558513423,0x238239d8Fbec75ebC08acA988447bC1926F615e0,0.0004506,4.16,0.1111111111111111,4295.8,55518.67,h1
2026-09-08T16:20:00+00:00,IF/WETH,What If,robinhood,uniswap,0x39A200271525E9641e799127bdAB299DAeF21953,0x232CDFc415D10b673845D83Dc02ba2eaBe7e30d1,0.009321,-5.72,-0.1588785046728972,36860.95,423522.18,h1
2026-09-08T16:20:00+00:00,PINK/ETH,Pink Sheets,robinhood,uniswap,0x6bb17e600f9cc09047dfa9261bc2f286f0cb8567a95493b4a82344f29d4deefc,0xBc9cc4b93A08B2dfBA87067a9C53E713DB3314Ce,0.0003014,-14.62,0.0857142857142857,34314.25,50707.74,h1
2026-09-08T16:20:00+00:00,CATIFY/SOL,CATIFY,solana,pumpswap,3JsgNeV6SKszbWoDZT5fVr9qAXXapDuFcoK6avzpSJDD,2dDDtevvn5V3sHCRQtMiSM3KoTDRfYdDkFrdigHNpump,2.34e-06,1.37,0.3333333333333333,11.11,2741.88,h1
2026-09-08T16:20:00+00:00,HABIBI/USO,Habibi,robinhood,uniswap,0x6575c060ef630d2dd5d4ddbcded0dac8d7031c5ec36a71c1e0584102ae477d81,0x79b5E43aA2e43eee21B9ddf1855a6dd2833Ac533,3.61e-05,-12.89,-0.1555555555555555,1912.75,17889.79,h1
2026-09-08T16:20:00+00:00,Data/WETH,Datarex,robinhood,uniswap,0xB8e56fCBF91210DE964F6BB2b080355179a17E72,0x3A38116302463a7B027d9bC5bc6137a52F213ea1,0.0001291,0.8,0.1111111111111111,195.62,9819.62,h1
2026-09-08T16:20:00+00:00,BTC/WBTC,Buy The Cat,solana,raydium,2RmBs1KYzkDuaRR4F8zU9rPR6KT16eCgJ9YS1c8XXZgQ,E4Ap4icMLwKot8rkkTbq5JkS5kZxt5XCE3yfxbzYBjHx,0.002719,14.96,-0.0224215246636771,76737.03,220056.79,h1
2026-09-08T16:20:00+00:00,ape/SOL,just ape,solana,pumpswap,DBN7inFLzsLUEQ4bbZF6fhLZTRWra8wjspoVV3kF3EF3,74ibkiorSf8xkyVZD7ewhbL3H7upqevjoQCDATxwpump,3.478e-06,0.71,-0.2,319.78,3389.31,h1
2026-09-08T16:20:00+00:00,UTC/SOL,UTC,solana,pumpswap,CUCFjMtHpAuQGMj3qaYKVPb4H6yDAnTHqFKmDKZPqmLv,PHgCReUnUsk1jUTVzBZUV5SDSmCyTT4ZVDAEkQZgoa2,3.556e-06,-3.2,-0.4,42.28,3287.99,h1
2026-09-08T16:20:00+00:00,ASHIBA/NVDA,Artificial Shiba,robinhood,uniswap,0xa30e9ffea11b045fe04b5cbf3d5df8123f55ae855b4927bf366f00539ccfb642,0x25cd2901B6d16cB33185E7667F984dbc35BcF354,0.0001143,115.0,0.3642384105960264,55301.56,29594.51,h1
2026-09-08T16:20:00+00:00,ONLYPUMP/SOL,OnlyPump,solana,pumpswap,DjUz9NnVHSxQ1ZsgTH47tXuGeEiaWa5DfAGQvQQCnkPo,8RDq8d3uD9mD5K75f1dEGyubN6jGArDMZaA8J4MNpump,1.826e-06,-20.16,-1.0,0.26,2195.65,h1
2026-09-08T16:20:00+00:00,GPU/NVDA,GPU,robinhood,uniswap,0x91470719c6298a6eff0f9bb05bf9326775b7870c06aa6351fb839ab6cd118d7c,0x082Fa7839ADbD3cceFeBdd7e618a7b8bAdA4F3f3,3.63e-06,-11.21,-1.0,161.32,5266.92,h1
2026-09-08T16:20:00+00:00,HENTER/ETH,henter boden laptop,robinhood,uniswap,0x00d33cec2506c71a74a24c20f48d62dceb9653752998f1016c6474e814ca6839,0xDC1bebBE6699242e0fD33E5B8ce2D369e582466a,0.0001608,26.55,-0.375,3398.96,37069.46,h1
2026-09-08T16:20:00+00:00,HUNTER/ETH,Hunter.exe,robinhood,uniswap,0xa66ada0341e896fb00e00b579ce60916276dc2fc692920c10437e1da463298cd,0x09eE7780c0287d29eeFED621318A7fFf8d26F4F1,5.252e-06,-1.47,-1.0,26.93,6701.57,h1
2026-09-08T16:20:00+00:00,DUNALDU/SOL,Dunaldu Tremp,solana,pumpswap,8xVsj9aBzCEbwLTJjrqSVzKGQrsFnL3x7eMPMoL6wvC8,BtGSevmBAFr4Sfw1yCPnkCG2xjV6UFL5KAypaWiopump,2.317e-06,0.29,-1.0,0.56,2554.42,h1
2026-09-08T16:29:00+00:00,AGI/SOL,Artificial Giga Inu,solana,pumpswap,71i8LZZReUvN5ZSGHnEcVM33SP5pCReiqkqdY815Gn2b,FjhTgMeDgSE2bfo9nHsPtvZanJrDGtVye78a1garpump,0.0006337,-30.87,0.2276983228727235,703773.39,76270.28,h1
2026-09-08T16:29:00+00:00,4WALL/ETH,Robinwall,robinhood,uniswap,0x43cc2d145b46d377935d11f05fc1929a8b3ee02cf93c1cfef684991ceac10c6f,0x8DfbFd3021E8b9c390a99C39747Ea4D295187BA0,0.0002337,3.72,0.7475728155339806,2879.4,70602.4,h1
2026-09-08T16:29:00+00:00,FRENCHFRIES/SOL,New MCDONALDS,solana,pumpswap,HpJ9qLX76ypQdd69sywxFKigkJ4ExEDEH3TEhc614TM5,B3jpTbmkXbSrARGAjtJSCLQZQ4DZ1Vrb8r1ju5dfpump,2.262e-06,0.33,1.0,4.84,2536.37,h1
2026-09-08T16:29:00+00:00,AGENTSORA/ETH,Agent Sora,robinhood,uniswap,0xb7d7e607af763c1fa014b07af9d2c59219e6047b73128a14f7003ae4b7c6957d,0x84131db02C288F3e5A1c581FAeC1A38Fd83268ba,0.000312,1.31,0.3762376237623762,34360.04,51644.48,h1
2026-09-08T16:29:00+00:00,PINK/ETH,Pink Sheets,robinhood,uniswap,0x6bb17e600f9cc09047dfa9261bc2f286f0cb8567a95493b4a82344f29d4deefc,0xBc9cc4b93A08B2dfBA87067a9C53E713DB3314Ce,0.000281,-19.33,0.1347517730496454,35338.86,49009.39,h1
2026-09-08T16:29:00+00:00,Data/WETH,Datarex,robinhood,uniswap,0xB8e56fCBF91210DE964F6BB2b080355179a17E72,0x3A38116302463a7B027d9bC5bc6137a52F213ea1,0.0001007,-18.52,0.0,722.02,8668.01,h1
2026-09-08T16:29:00+00:00,STONKS/SPY,STONKS,robinhood,uniswap,0x295c0502c35afd9158a87ccb1054490322673468fe6f6342aebc4ae558513423,0x238239d8Fbec75ebC08acA988447bC1926F615e0,0.0004513,4.17,0.1111111111111111,4134.41,55557.5,h1
2026-09-08T16:29:00+00:00,IF/WETH,What If,robinhood,uniswap,0x39A200271525E9641e799127bdAB299DAeF21953,0x232CDFc415D10b673845D83Dc02ba2eaBe7e30d1,0.0092,-0.75,-0.1192660550458715,29198.65,420692.53,h1
2026-09-08T16:29:00+00:00,CATIFY/SOL,CATIFY,solana,pumpswap,3JsgNeV6SKszbWoDZT5fVr9qAXXapDuFcoK6avzpSJDD,2dDDtevvn5V3sHCRQtMiSM3KoTDRfYdDkFrdigHNpump,2.34e-06,1.37,0.3333333333333333,11.11,2741.88,h1
2026-09-08T16:29:00+00:00,AMD/SOL,Ape Meme Degen,solana,pumpswap,G7Vw78Jd61yybAmvuzM4tYWT1JSTXTpJoKhZLC3eCFnN,7NJ9KEDASTQLNA7WbMeBdH5yNeBYdcU4v5cpbfELpump,2.092e-06,0.0,0.0,0.0,2268.81,h1
2026-09-08T16:29:00+00:00,MEOWGN/SOL,Meowgan Stanley,solana,pumpswap,Aen8qLsuAHiWjew2d246GhPuN4n2tGcv8AnTtn3rWpUB,D8thZLXaSCpYi4uCT9Sb38JThgxF8kPXjZKXraoGpump,2.292e-06,0.0,0.0,0.0,2643.88,h1
2026-09-08T16:29:00+00:00,ONLYPUMP/SOL,OnlyPump,solana,pumpswap,DjUz9NnVHSxQ1ZsgTH47tXuGeEiaWa5DfAGQvQQCnkPo,8RDq8d3uD9mD5K75f1dEGyubN6jGArDMZaA8J4MNpump,1.826e-06,0.0,0.0,0.0,2195.65,h1
2026-09-08T16:29:00+00:00,ape/SOL,just ape,solana,pumpswap,DBN7inFLzsLUEQ4bbZF6fhLZTRWra8wjspoVV3kF3EF3,74ibkiorSf8xkyVZD7ewhbL3H7upqevjoQCDATxwpump,3.478e-06,1.61,0.0,310.04,3389.31,h1
2026-09-08T16:29:00+00:00,HABIBI/USO,Habibi,robinhood,uniswap,0x6575c060ef630d2dd5d4ddbcded0dac8d7031c5ec36a71c1e0584102ae477d81,0x79b5E43aA2e43eee21B9ddf1855a6dd2833Ac533,3.87e-05,7.77,0.0416666666666666,1454.8,18496.66,h1
2026-09-08T16:29:00+00:00,ASHIBA/NVDA,Artificial Shiba,robinhood,uniswap,0xa30e9ffea11b045fe04b5cbf3d5df8123f55ae855b4927bf366f00539ccfb642,0x25cd2901B6d16cB33185E7667F984dbc35BcF354,0.0001094,83.23,0.3416149068322981,59146.07,28923.8,h1
2026-09-08T16:29:00+00:00,UTC/SOL,UTC,solana,pumpswap,CUCFjMtHpAuQGMj3qaYKVPb4H6yDAnTHqFKmDKZPqmLv,PHgCReUnUsk1jUTVzBZUV5SDSmCyTT4ZVDAEkQZgoa2,3.406e-06,-19.37,-1.0,98.08,3176.83,h1
2026-09-08T16:29:00+00:00,HUNTER/ETH,Hunter.exe,robinhood,uniswap,0xa66ada0341e896fb00e00b579ce60916276dc2fc692920c10437e1da463298cd,0x09eE7780c0287d29eeFED621318A7fFf8d26F4F1,4.565e-06,-14.36,-1.0,250.24,6242.05,h1
2026-09-08T16:29:00+00:00,GPU/NVDA,GPU,robinhood,uniswap,0x91470719c6298a6eff0f9bb05bf9326775b7870c06aa6351fb839ab6cd118d7c,0x082Fa7839ADbD3cceFeBdd7e618a7b8bAdA4F3f3,3.62e-06,-11.44,-1.0,164.68,5260.21,h1
2026-09-08T16:29:00+00:00,DUNALDU/SOL,Dunaldu Tremp,solana,pumpswap,8xVsj9aBzCEbwLTJjrqSVzKGQrsFnL3x7eMPMoL6wvC8,BtGSevmBAFr4Sfw1yCPnkCG2xjV6UFL5KAypaWiopump,2.317e-06,0.29,-1.0,0.56,2554.42,h1
2026-09-08T16:29:00+00:00,HENTER/ETH,henter boden laptop,robinhood,uniswap,0x00d33cec2506c71a74a24c20f48d62dceb9653752998f1016c6474e814ca6839,0xDC1bebBE6699242e0fD33E5B8ce2D369e582466a,0.0001899,49.6,-0.2571428571428571,6093.21,40293.01,h1
2026-09-08T16:56:00+00:00,AGENTSORA/ETH,Agent Sora,robinhood,uniswap,0xb7d7e607af763c1fa014b07af9d2c59219e6047b73128a14f7003ae4b7c6957d,0x84131db02C288F3e5A1c581FAeC1A38Fd83268ba,0.0001547,-33.08,0.3333333333333333,27841.47,36409.09,h1
2026-09-08T16:56:00+00:00,4WALL/ETH,Robinwall,robinhood,uniswap,0x43cc2d145b46d377935d11f05fc1929a8b3ee02cf93c1cfef684991ceac10c6f,0x8DfbFd3021E8b9c390a99C39747Ea4D295187BA0,0.0002359,1.79,0.7647058823529411,2098.92,71060.49,h1
2026-09-08T16:56:00+00:00,CATIFY/SOL,CATIFY,solana,pumpswap,3JsgNeV6SKszbWoDZT5fVr9qAXXapDuFcoK6avzpSJDD,2dDDtevvn5V3sHCRQtMiSM3KoTDRfYdDkFrdigHNpump,2.34e-06,0.34,1.0,0.22,2741.88,h1
2026-09-08T16:56:00+00:00,IF/WETH,What If,robinhood,uniswap,0x39A200271525E9641e799127bdAB299DAeF21953,0x232CDFc415D10b673845D83Dc02ba2eaBe7e30d1,0.009218,-3.88,0.136,33553.08,422049.19,h1
2026-09-08T16:56:00+00:00,STONKS/SPY,STONKS,robinhood,uniswap,0x295c0502c35afd9158a87ccb1054490322673468fe6f6342aebc4ae558513423,0x238239d8Fbec75ebC08acA988447bC1926F615e0,0.0003849,-17.92,-0.2093023255813953,6349.06,51269.54,h1
2026-09-08T16:56:00+00:00,Data/WETH,Datarex,robinhood,uniswap,0xB8e56fCBF91210DE964F6BB2b080355179a17E72,0x3A38116302463a7B027d9bC5bc6137a52F213ea1,7.406e-05,-42.62,-0.2,1471.69,7450.73,h1
2026-09-08T16:56:00+00:00,ape/SOL,just ape,solana,pumpswap,DBN7inFLzsLUEQ4bbZF6fhLZTRWra8wjspoVV3kF3EF3,74ibkiorSf8xkyVZD7ewhbL3H7upqevjoQCDATxwpump,3.479e-06,6.33,0.1111111111111111,241.45,3388.4,h1
2026-09-08T16:56:00+00:00,MEOWGN/SOL,Meowgan Stanley,solana,pumpswap,Aen8qLsuAHiWjew2d246GhPuN4n2tGcv8AnTtn3rWpUB,D8thZLXaSCpYi4uCT9Sb38JThgxF8kPXjZKXraoGpump,2.292e-06,0.0,0.0,0.0,2643.88,h1
2026-09-08T16:56:00+00:00,ONLYPUMP/SOL,OnlyPump,solana,pumpswap,DjUz9NnVHSxQ1ZsgTH47tXuGeEiaWa5DfAGQvQQCnkPo,8RDq8d3uD9mD5K75f1dEGyubN6jGArDMZaA8J4MNpump,1.826e-06,0.0,0.0,0.0,2195.65,h1
2026-09-08T16:56:00+00:00,AMD/SOL,Ape Meme Degen,solana,pumpswap,G7Vw78Jd61yybAmvuzM4tYWT1JSTXTpJoKhZLC3eCFnN,7NJ9KEDASTQLNA7WbMeBdH5yNeBYdcU4v5cpbfELpump,2.092e-06,0.0,0.0,0.0,2268.81,h1
2026-09-08T16:56:00+00:00,HABIBI/USO,Habibi,robinhood,uniswap,0x6575c060ef630d2dd5d4ddbcded0dac8d7031c5ec36a71c1e0584102ae477d81,0x79b5E43aA2e43eee21B9ddf1855a6dd2833Ac533,4.473e-05,32.91,0.3333333333333333,1691.11,19883.07,h1
2026-09-08T16:56:00+00:00,AGI/SOL,Artificial Giga Inu,solana,pumpswap,71i8LZZReUvN5ZSGHnEcVM33SP5pCReiqkqdY815Gn2b,FjhTgMeDgSE2bfo9nHsPtvZanJrDGtVye78a1garpump,0.000678,25.91,0.1480662983425414,71616.41,79169.54,h1
2026-09-08T16:56:00+00:00,PINK/ETH,Pink Sheets,robinhood,uniswap,0x6bb17e600f9cc09047dfa9261bc2f286f0cb8567a95493b4a82344f29d4deefc,0xBc9cc4b93A08B2dfBA87067a9C53E713DB3314Ce,0.0003137,16.6,0.0754716981132075,25907.46,51846.78,h1
2026-09-08T16:56:00+00:00,UTC/SOL,UTC,solana,pumpswap,CUCFjMtHpAuQGMj3qaYKVPb4H6yDAnTHqFKmDKZPqmLv,PHgCReUnUsk1jUTVzBZUV5SDSmCyTT4ZVDAEkQZgoa2,3.239e-06,-10.03,-0.6666666666666666,184.25,3053.97,h1
2026-09-08T16:56:00+00:00,ASHIBA/NVDA,Artificial Shiba,robinhood,uniswap,0xa30e9ffea11b045fe04b5cbf3d5df8123f55ae855b4927bf366f00539ccfb642,0x25cd2901B6d16cB33185E7667F984dbc35BcF354,0.0001843,148.0,0.2748538011695906,77704.45,37535.87,h1
2026-09-08T16:56:00+00:00,HUNTER/ETH,Hunter.exe,robinhood,uniswap,0xa66ada0341e896fb00e00b579ce60916276dc2fc692920c10437e1da463298cd,0x09eE7780c0287d29eeFED621318A7fFf8d26F4F1,4.565e-06,-13.08,-1.0,223.31,6242.05,h1
2026-09-08T16:56:00+00:00,GPU/NVDA,GPU,robinhood,uniswap,0x91470719c6298a6eff0f9bb05bf9326775b7870c06aa6351fb839ab6cd118d7c,0x082Fa7839ADbD3cceFeBdd7e618a7b8bAdA4F3f3,3.594e-06,-12.09,-1.0,174.31,5240.95,h1
2026-09-08T16:56:00+00:00,FAT/SOL,Le Chaton Fat,solana,pumpswap,HQLCmU3MqnVKuVPgB5UoxW8x9DFFpZogJ58QLh7atG8y,HCqfDFPMMwMzohuW7xXMnQuRTUgK5vmbAaRt7U7Ppump,2.12e-06,-1.59,-1.0,0.0,2307.09,h1
2026-09-08T16:56:00+00:00,HENTER/ETH,henter boden laptop,robinhood,uniswap,0x00d33cec2506c71a74a24c20f48d62dceb9653752998f1016c6474e814ca6839,0xDC1bebBE6699242e0fD33E5B8ce2D369e582466a,0.0002217,75.13,-0.1208791208791208,12073.17,43591.58,h1
2026-09-08T16:56:00+00:00,DUNALDU/SOL,Dunaldu Tremp,solana,pumpswap,8xVsj9aBzCEbwLTJjrqSVzKGQrsFnL3x7eMPMoL6wvC8,BtGSevmBAFr4Sfw1yCPnkCG2xjV6UFL5KAypaWiopump,2.317e-06,0.29,-1.0,0.56,2554.42,h1
2026-09-08T17:23:00+00:00,AGENTSORA/ETH,Agent Sora,robinhood,uniswap,0xb7d7e607af763c1fa014b07af9d2c59219e6047b73128a14f7003ae4b7c6957d,0x84131db02C288F3e5A1c581FAeC1A38Fd83268ba,0.0001367,-49.04,0.3836477987421384,28310.94,34206.62,h1
2026-09-08T17:23:00+00:00,4WALL/ETH,Robinwall,robinhood,uniswap,0x43cc2d145b46d377935d11f05fc1929a8b3ee02cf93c1cfef684991ceac10c6f,0x8DfbFd3021E8b9c390a99C39747Ea4D295187BA0,0.0002361,0.42,0.7701149425287356,4382.11,71003.18,h1
2026-09-08T17:23:00+00:00,DUNALDU/SOL,Dunaldu Tremp,solana,pumpswap,8xVsj9aBzCEbwLTJjrqSVzKGQrsFnL3x7eMPMoL6wvC8,BtGSevmBAFr4Sfw1yCPnkCG2xjV6UFL5KAypaWiopump,2.351e-06,1.48,1.0,0.44,2587.5,h1
2026-09-08T17:23:00+00:00,MEOWGN/SOL,Meowgan Stanley,solana,pumpswap,Aen8qLsuAHiWjew2d246GhPuN4n2tGcv8AnTtn3rWpUB,D8thZLXaSCpYi4uCT9Sb38JThgxF8kPXjZKXraoGpump,2.353e-06,2.66,1.0,1.48,2712.0,h1
2026-09-08T17:23:00+00:00,STONKS/SPY,STONKS,robinhood,uniswap,0x295c0502c35afd9158a87ccb1054490322673468fe6f6342aebc4ae558513423,0x238239d8Fbec75ebC08acA988447bC1926F615e0,0.0003307,-26.74,-0.3333333333333333,9694.78,47560.41,h1
2026-09-08T17:23:00+00:00,Data/WETH,Datarex,robinhood,uniswap,0xB8e56fCBF91210DE964F6BB2b080355179a17E72,0x3A38116302463a7B027d9bC5bc6137a52F213ea1,7.876e-05,-22.41,0.0,1140.97,7678.76,h1
2026-09-08T17:23:00+00:00,IF/WETH,What If,robinhood,uniswap,0x39A200271525E9641e799127bdAB299DAeF21953,0x232CDFc415D10b673845D83Dc02ba2eaBe7e30d1,0.009762,6.26,0.1180124223602484,42919.72,432633.11,h1
2026-09-08T17:23:00+00:00,ONLYPUMP/SOL,OnlyPump,solana,pumpswap,DjUz9NnVHSxQ1ZsgTH47tXuGeEiaWa5DfAGQvQQCnkPo,8RDq8d3uD9mD5K75f1dEGyubN6jGArDMZaA8J4MNpump,2.315e-06,26.75,1.0,0.98,2674.81,h1
2026-09-08T17:23:00+00:00,HUNTER/ETH,Hunter.exe,robinhood,uniswap,0xa66ada0341e896fb00e00b579ce60916276dc2fc692920c10437e1da463298cd,0x09eE7780c0287d29eeFED621318A7fFf8d26F4F1,4.694e-06,-10.42,0.0,264.32,6335.71,h1
2026-09-08T17:23:00+00:00,ASHIBA/NVDA,Artificial Shiba,robinhood,uniswap,0xa30e9ffea11b045fe04b5cbf3d5df8123f55ae855b4927bf366f00539ccfb642,0x25cd2901B6d16cB33185E7667F984dbc35BcF354,0.0002014,59.84,0.1425641025641025,96025.51,39244.78,h1
2026-09-08T17:23:00+00:00,AMD/SOL,Ape Meme Degen,solana,pumpswap,G7Vw78Jd61yybAmvuzM4tYWT1JSTXTpJoKhZLC3eCFnN,7NJ9KEDASTQLNA7WbMeBdH5yNeBYdcU4v5cpbfELpump,2.092e-06,0.0,0.0,0.0,2268.81,h1
2026-09-08T17:23:00+00:00,CATIFY/SOL,CATIFY,solana,pumpswap,3JsgNeV6SKszbWoDZT5fVr9qAXXapDuFcoK6avzpSJDD,2dDDtevvn5V3sHCRQtMiSM3KoTDRfYdDkFrdigHNpump,2.34e-06,0.0,0.0,0.0,2741.88,h1
2026-09-08T17:23:00+00:00,ape/SOL,just ape,solana,pumpswap,DBN7inFLzsLUEQ4bbZF6fhLZTRWra8wjspoVV3kF3EF3,74ibkiorSf8xkyVZD7ewhbL3H7upqevjoQCDATxwpump,3.489e-06,0.3,0.0,64.64,3396.59,h1
2026-09-08T17:23:00+00:00,AGI/SOL,Artificial Giga Inu,solana,pumpswap,71i8LZZReUvN5ZSGHnEcVM33SP5pCReiqkqdY815Gn2b,FjhTgMeDgSE2bfo9nHsPtvZanJrDGtVye78a1garpump,0.0007314,19.52,0.132995413951243,60566.37,82219.47,h1
2026-09-08T17:23:00+00:00,UTC/SOL,UTC,solana,pumpswap,CUCFjMtHpAuQGMj3qaYKVPb4H6yDAnTHqFKmDKZPqmLv,PHgCReUnUsk1jUTVzBZUV5SDSmCyTT4ZVDAEkQZgoa2,3.193e-06,-8.24,-0.4545454545454545,132.98,3018.92,h1
2026-09-08T17:23:00+00:00,HABIBI/USO,Habibi,robinhood,uniswap,0x6575c060ef630d2dd5d4ddbcded0dac8d7031c5ec36a71c1e0584102ae477d81,0x79b5E43aA2e43eee21B9ddf1855a6dd2833Ac533,4.746e-05,31.22,0.2941176470588235,2231.11,20479.98,h1
2026-09-08T17:23:00+00:00,PINK/ETH,Pink Sheets,robinhood,uniswap,0x6bb17e600f9cc09047dfa9261bc2f286f0cb8567a95493b4a82344f29d4deefc,0xBc9cc4b93A08B2dfBA87067a9C53E713DB3314Ce,0.0003384,19.33,-0.0153846153846153,30848.97,53781.6,h1
2026-09-08T17:23:00+00:00,GPU/NVDA,GPU,robinhood,uniswap,0x91470719c6298a6eff0f9bb05bf9326775b7870c06aa6351fb839ab6cd118d7c,0x082Fa7839ADbD3cceFeBdd7e618a7b8bAdA4F3f3,3.594e-06,-0.73,-0.5,12.11,5240.88,h1
2026-09-08T17:23:00+00:00,HENTER/ETH,henter boden laptop,robinhood,uniswap,0x00d33cec2506c71a74a24c20f48d62dceb9653752998f1016c6474e814ca6839,0xDC1bebBE6699242e0fD33E5B8ce2D369e582466a,0.0002213,37.29,-0.2115384615384615,11195.14,43517.86,h1
2026-09-08T17:23:00+00:00,FAT/SOL,Le Chaton Fat,solana,pumpswap,HQLCmU3MqnVKuVPgB5UoxW8x9DFFpZogJ58QLh7atG8y,HCqfDFPMMwMzohuW7xXMnQuRTUgK5vmbAaRt7U7Ppump,2.12e-06,-1.59,-1.0,0.0,2307.09,h1
2026-09-08T17:27:00+00:00,AGENTSORA/ETH,Agent Sora,robinhood,uniswap,0xb7d7e607af763c1fa014b07af9d2c59219e6047b73128a14f7003ae4b7c6957d,0x84131db02C288F3e5A1c581FAeC1A38Fd83268ba,0.0001199,-61.27,0.36,27423.22,32015.5,h1
2026-09-08T17:27:00+00:00,4WALL/ETH,Robinwall,robinhood,uniswap,0x43cc2d145b46d377935d11f05fc1929a8b3ee02cf93c1cfef684991ceac10c6f,0x8DfbFd3021E8b9c390a99C39747Ea4D295187BA0,0.0002372,1.73,0.8095238095238095,3748.32,71180.9,h1
2026-09-08T17:27:00+00:00,CATIFY/SOL,CATIFY,solana,pumpswap,3JsgNeV6SKszbWoDZT5fVr9qAXXapDuFcoK6avzpSJDD,2dDDtevvn5V3sHCRQtMiSM3KoTDRfYdDkFrdigHNpump,2.335e-06,-0.22,1.0,0.23,2735.76,h1
2026-09-08T17:27:00+00:00,DUNALDU/SOL,Dunaldu Tremp,solana,pumpswap,8xVsj9aBzCEbwLTJjrqSVzKGQrsFnL3x7eMPMoL6wvC8,BtGSevmBAFr4Sfw1yCPnkCG2xjV6UFL5KAypaWiopump,2.351e-06,1.48,1.0,0.44,2587.5,h1
2026-09-08T17:27:00+00:00,MEOWGN/SOL,Meowgan Stanley,solana,pumpswap,Aen8qLsuAHiWjew2d246GhPuN4n2tGcv8AnTtn3rWpUB,D8thZLXaSCpYi4uCT9Sb38JThgxF8kPXjZKXraoGpump,2.353e-06,2.66,1.0,1.48,2712.0,h1
2026-09-08T17:27:00+00:00,STONKS/SPY,STONKS,robinhood,uniswap,0x295c0502c35afd9158a87ccb1054490322673468fe6f6342aebc4ae558513423,0x238239d8Fbec75ebC08acA988447bC1926F615e0,0.0003494,-22.59,-0.2962962962962963,10514.78,48865.36,h1
2026-09-08T17:27:00+00:00,ONLYPUMP/SOL,OnlyPump,solana,pumpswap,DjUz9NnVHSxQ1ZsgTH47tXuGeEiaWa5DfAGQvQQCnkPo,8RDq8d3uD9mD5K75f1dEGyubN6jGArDMZaA8J4MNpump,2.315e-06,26.75,1.0,0.98,2674.81,h1
2026-09-08T17:27:00+00:00,IF/WETH,What If,robinhood,uniswap,0x39A200271525E9641e799127bdAB299DAeF21953,0x232CDFc415D10b673845D83Dc02ba2eaBe7e30d1,0.009727,5.73,0.1298701298701298,42570.11,431620.84,h1
2026-09-08T17:27:00+00:00,Data/WETH,Datarex,robinhood,uniswap,0xB8e56fCBF91210DE964F6BB2b080355179a17E72,0x3A38116302463a7B027d9bC5bc6137a52F213ea1,7.965e-05,-20.9,0.0,1146.71,7718.51,h1
2026-09-08T17:27:00+00:00,HUNTER/ETH,Hunter.exe,robinhood,uniswap,0xa66ada0341e896fb00e00b579ce60916276dc2fc692920c10437e1da463298cd,0x09eE7780c0287d29eeFED621318A7fFf8d26F4F1,4.694e-06,2.82,0.3333333333333333,41.52,6335.71,h1
2026-09-08T17:27:00+00:00,AGI/SOL,Artificial Giga Inu,solana,pumpswap,71i8LZZReUvN5ZSGHnEcVM33SP5pCReiqkqdY815Gn2b,FjhTgMeDgSE2bfo9nHsPtvZanJrDGtVye78a1garpump,0.0007276,10.21,0.1284381726859603,58776.18,81942.14,h1
2026-09-08T17:27:00+00:00,AMD/SOL,Ape Meme Degen,solana,pumpswap,G7Vw78Jd61yybAmvuzM4tYWT1JSTXTpJoKhZLC3eCFnN,7NJ9KEDASTQLNA7WbMeBdH5yNeBYdcU4v5cpbfELpump,2.092e-06,0.0,0.0,0.0,2268.81,h1
2026-09-08T17:27:00+00:00,ape/SOL,just ape,solana,pumpswap,DBN7inFLzsLUEQ4bbZF6fhLZTRWra8wjspoVV3kF3EF3,74ibkiorSf8xkyVZD7ewhbL3H7upqevjoQCDATxwpump,3.489e-06,0.3,0.0,64.64,3396.59,h1
2026-09-08T17:27:00+00:00,HABIBI/USO,Habibi,robinhood,uniswap,0x6575c060ef630d2dd5d4ddbcded0dac8d7031c5ec36a71c1e0584102ae477d81,0x79b5E43aA2e43eee21B9ddf1855a6dd2833Ac533,4.799e-05,31.12,0.2592592592592592,2260.67,20595.76,h1
2026-09-08T17:27:00+00:00,UTC/SOL,UTC,solana,pumpswap,CUCFjMtHpAuQGMj3qaYKVPb4H6yDAnTHqFKmDKZPqmLv,PHgCReUnUsk1jUTVzBZUV5SDSmCyTT4ZVDAEkQZgoa2,3.193e-06,-6.28,-0.3333333333333333,118.11,3018.92,h1
2026-09-08T17:27:00+00:00,PINK/ETH,Pink Sheets,robinhood,uniswap,0x6bb17e600f9cc09047dfa9261bc2f286f0cb8567a95493b4a82344f29d4deefc,0xBc9cc4b93A08B2dfBA87067a9C53E713DB3314Ce,0.0003205,15.59,-0.0105263157894736,30774.55,52343.58,h1
2026-09-08T17:27:00+00:00,HENTER/ETH,henter boden laptop,robinhood,uniswap,0x00d33cec2506c71a74a24c20f48d62dceb9653752998f1016c6474e814ca6839,0xDC1bebBE6699242e0fD33E5B8ce2D369e582466a,0.0002041,25.19,-0.2307692307692307,13123.52,41776.62,h1
2026-09-08T17:27:00+00:00,GPU/NVDA,GPU,robinhood,uniswap,0x91470719c6298a6eff0f9bb05bf9326775b7870c06aa6351fb839ab6cd118d7c,0x082Fa7839ADbD3cceFeBdd7e618a7b8bAdA4F3f3,3.572e-06,-1.33,-0.6,20.05,5225.01,h1
2026-09-08T17:27:00+00:00,ASHIBA/NVDA,Artificial Shiba,robinhood,uniswap,0xa30e9ffea11b045fe04b5cbf3d5df8123f55ae855b4927bf366f00539ccfb642,0x25cd2901B6d16cB33185E7667F984dbc35BcF354,0.0002079,127.0,0.1422594142259414,93056.77,39859.81,h1
2026-09-08T17:27:00+00:00,FAT/SOL,Le Chaton Fat,solana,pumpswap,HQLCmU3MqnVKuVPgB5UoxW8x9DFFpZogJ58QLh7atG8y,HCqfDFPMMwMzohuW7xXMnQuRTUgK5vmbAaRt7U7Ppump,2.12e-06,-1.59,-1.0,0.0,2307.09,h1
2026-09-08T17:36:00+00:00,AGENTSORA/ETH,Agent Sora,robinhood,uniswap,0xb7d7e607af763c1fa014b07af9d2c59219e6047b73128a14f7003ae4b7c6957d,0x84131db02C288F3e5A1c581FAeC1A38Fd83268ba,0.0001353,-33.37,0.4305555555555556,21222.7,34007.94,h1
2026-09-08T17:36:00+00:00,4WALL/ETH,Robinwall,robinhood,uniswap,0x43cc2d145b46d377935d11f05fc1929a8b3ee02cf93c1cfef684991ceac10c6f,0x8DfbFd3021E8b9c390a99C39747Ea4D295187BA0,0.0002402,3.17,0.8313253012048193,3537.03,71666.48,h1
2026-09-08T17:36:00+00:00,CATIFY/SOL,CATIFY,solana,pumpswap,3JsgNeV6SKszbWoDZT5fVr9qAXXapDuFcoK6avzpSJDD,2dDDtevvn5V3sHCRQtMiSM3KoTDRfYdDkFrdigHNpump,2.335e-06,-0.22,1.0,0.23,2735.76,h1
2026-09-08T17:36:00+00:00,MEOWGN/SOL,Meowgan Stanley,solana,pumpswap,Aen8qLsuAHiWjew2d246GhPuN4n2tGcv8AnTtn3rWpUB,D8thZLXaSCpYi4uCT9Sb38JThgxF8kPXjZKXraoGpump,2.353e-06,2.66,1.0,1.48,2712.0,h1
2026-09-08T17:36:00+00:00,NYSEDOG/SOL,NYSEDOG,solana,pumpswap,CBPfZZUJpDPNwXrZ4U8hPinUmzetwcW2ju85vi6Az3P4,ALBMTj6ZL8AUVo1GTk9F2qeHm1qTfJKu8LMXFe7Cpump,0.0003884,26.42,0.1196451036217969,505865.76,54193.55,h1
2026-09-08T17:36:00+00:00,STONKS/SPY,STONKS,robinhood,uniswap,0x295c0502c35afd9158a87ccb1054490322673468fe6f6342aebc4ae558513423,0x238239d8Fbec75ebC08acA988447bC1926F615e0,0.0003476,-23.12,-0.3214285714285714,10564.04,48734.63,h1
2026-09-08T17:36:00+00:00,IF/WETH,What If,robinhood,uniswap,0x39A200271525E9641e799127bdAB299DAeF21953,0x232CDFc415D10b673845D83Dc02ba2eaBe7e30d1,0.00979,5.77,0.0222222222222222,40004.12,433017.79,h1
2026-09-08T17:36:00+00:00,HUNTER/ETH,Hunter.exe,robinhood,uniswap,0xa66ada0341e896fb00e00b579ce60916276dc2fc692920c10437e1da463298cd,0x09eE7780c0287d29eeFED621318A7fFf8d26F4F1,4.694e-06,2.82,0.3333333333333333,41.52,6335.71,h1
2026-09-08T17:36:00+00:00,Data/WETH,Datarex,robinhood,uniswap,0xB8e56fCBF91210DE964F6BB2b080355179a17E72,0x3A38116302463a7B027d9bC5bc6137a52F213ea1,8.022e-05,4.73,0.1052631578947368,423.95,7741.69,h1
2026-09-08T17:36:00+00:00,HABIBI/USO,Habibi,robinhood,uniswap,0x6575c060ef630d2dd5d4ddbcded0dac8d7031c5ec36a71c1e0584102ae477d81,0x79b5E43aA2e43eee21B9ddf1855a6dd2833Ac533,4.801e-05,12.89,0.2,1605.81,20561.96,h1
2026-09-08T17:36:00+00:00,DUNALDU/SOL,Dunaldu Tremp,solana,pumpswap,8xVsj9aBzCEbwLTJjrqSVzKGQrsFnL3x7eMPMoL6wvC8,BtGSevmBAFr4Sfw1yCPnkCG2xjV6UFL5KAypaWiopump,2.255e-06,-2.66,0.0,32.53,2495.71,h1
2026-09-08T17:36:00+00:00,ape/SOL,just ape,solana,pumpswap,DBN7inFLzsLUEQ4bbZF6fhLZTRWra8wjspoVV3kF3EF3,74ibkiorSf8xkyVZD7ewhbL3H7upqevjoQCDATxwpump,3.489e-06,0.03,0.0,25.41,3396.59,h1
2026-09-08T17:36:00+00:00,AMD/SOL,Ape Meme Degen,solana,pumpswap,G7Vw78Jd61yybAmvuzM4tYWT1JSTXTpJoKhZLC3eCFnN,7NJ9KEDASTQLNA7WbMeBdH5yNeBYdcU4v5cpbfELpump,2.092e-06,0.0,0.0,0.0,2268.81,h1
2026-09-08T17:36:00+00:00,PINK/ETH,Pink Sheets,robinhood,uniswap,0x6bb17e600f9cc09047dfa9261bc2f286f0cb8567a95493b4a82344f29d4deefc,0xBc9cc4b93A08B2dfBA87067a9C53E713DB3314Ce,0.0003237,1.96,-0.0457516339869281,23133.81,52592.62,h1
2026-09-08T17:36:00+00:00,AGI/SOL,Artificial Giga Inu,solana,pumpswap,71i8LZZReUvN5ZSGHnEcVM33SP5pCReiqkqdY815Gn2b,FjhTgMeDgSE2bfo9nHsPtvZanJrDGtVye78a1garpump,0.000806,32.86,0.1655477321106926,225302.69,86695.05,h1
2026-09-08T17:36:00+00:00,HENTER/ETH,henter boden laptop,robinhood,uniswap,0x00d33cec2506c71a74a24c20f48d62dceb9653752998f1016c6474e814ca6839,0xDC1bebBE6699242e0fD33E5B8ce2D369e582466a,0.0002041,2.76,-0.2608695652173913,9124.91,41759.69,h1
2026-09-08T17:36:00+00:00,GPU/NVDA,GPU,robinhood,uniswap,0x91470719c6298a6eff0f9bb05bf9326775b7870c06aa6351fb839ab6cd118d7c,0x082Fa7839ADbD3cceFeBdd7e618a7b8bAdA4F3f3,3.531e-06,-2.29,-0.4285714285714285,35.95,5194.77,h1
2026-09-08T17:36:00+00:00,ONLYPUMP/SOL,OnlyPump,solana,pumpswap,DjUz9NnVHSxQ1ZsgTH47tXuGeEiaWa5DfAGQvQQCnkPo,8RDq8d3uD9mD5K75f1dEGyubN6jGArDMZaA8J4MNpump,2.275e-06,24.54,0.0,1.89,2633.55,h1
2026-09-08T17:36:00+00:00,ASHIBA/NVDA,Artificial Shiba,robinhood,uniswap,0xa30e9ffea11b045fe04b5cbf3d5df8123f55ae855b4927bf366f00539ccfb642,0x25cd2901B6d16cB33185E7667F984dbc35BcF354,0.0002495,102.0,0.1363163371488033,94722.65,43668.68,h1
2026-09-08T17:36:00+00:00,UTC/SOL,UTC,solana,pumpswap,CUCFjMtHpAuQGMj3qaYKVPb4H6yDAnTHqFKmDKZPqmLv,PHgCReUnUsk1jUTVzBZUV5SDSmCyTT4ZVDAEkQZgoa2,3.181e-06,-5.08,-0.6666666666666666,55.17,3008.84,h1
2026-09-08T17:38:00+00:00,AGENTSORA/ETH,Agent Sora,robinhood,uniswap,0xb7d7e607af763c1fa014b07af9d2c59219e6047b73128a14f7003ae4b7c6957d,0x84131db02C288F3e5A1c581FAeC1A38Fd83268ba,0.0001353,-34.12,0.4492753623188406,21043.32,34007.94,h1
2026-09-08T17:38:00+00:00,4WALL/ETH,Robinwall,robinhood,uniswap,0x43cc2d145b46d377935d11f05fc1929a8b3ee02cf93c1cfef684991ceac10c6f,0x8DfbFd3021E8b9c390a99C39747Ea4D295187BA0,0.0002404,2.99,0.8313253012048193,3535.42,71689.5,h1
2026-09-08T17:38:00+00:00,CATIFY/SOL,CATIFY,solana,pumpswap,3JsgNeV6SKszbWoDZT5fVr9qAXXapDuFcoK6avzpSJDD,2dDDtevvn5V3sHCRQtMiSM3KoTDRfYdDkFrdigHNpump,2.335e-06,-0.22,1.0,0.23,2735.76,h1
2026-09-08T17:38:00+00:00,MEOWGN/SOL,Meowgan Stanley,solana,pumpswap,Aen8qLsuAHiWjew2d246GhPuN4n2tGcv8AnTtn3rWpUB,D8thZLXaSCpYi4uCT9Sb38JThgxF8kPXjZKXraoGpump,2.353e-06,2.66,1.0,1.48,2712.0,h1
2026-09-08T17:38:00+00:00,NYSEDOG/SOL,NYSEDOG,solana,pumpswap,CBPfZZUJpDPNwXrZ4U8hPinUmzetwcW2ju85vi6Az3P4,ALBMTj6ZL8AUVo1GTk9F2qeHm1qTfJKu8LMXFe7Cpump,0.0003753,25.88,0.1200424459477384,509057.7,53272.03,h1
2026-09-08T17:38:00+00:00,STONKS/SPY,STONKS,robinhood,uniswap,0x295c0502c35afd9158a87ccb1054490322673468fe6f6342aebc4ae558513423,0x238239d8Fbec75ebC08acA988447bC1926F615e0,0.0003476,-21.92,-0.2830188679245283,10361.19,48734.63,h1
2026-09-08T17:38:00+00:00,HUNTER/ETH,Hunter.exe,robinhood,uniswap,0xa66ada0341e896fb00e00b579ce60916276dc2fc692920c10437e1da463298cd,0x09eE7780c0287d29eeFED621318A7fFf8d26F4F1,4.694e-06,2.82,0.3333333333333333,41.52,6335.71,h1
2026-09-08T17:38:00+00:00,IF/WETH,What If,robinhood,uniswap,0x39A200271525E9641e799127bdAB299DAeF21953,0x232CDFc415D10b673845D83Dc02ba2eaBe7e30d1,0.00979,5.28,0.0077519379844961,39382.92,433017.79,h1
2026-09-08T17:38:00+00:00,HABIBI/USO,Habibi,robinhood,uniswap,0x6575c060ef630d2dd5d4ddbcded0dac8d7031c5ec36a71c1e0584102ae477d81,0x79b5E43aA2e43eee21B9ddf1855a6dd2833Ac533,5.044e-05,18.63,0.2608695652173913,1873.22,21076.51,h1
2026-09-08T17:38:00+00:00,Data/WETH,Datarex,robinhood,uniswap,0xB8e56fCBF91210DE964F6BB2b080355179a17E72,0x3A38116302463a7B027d9bC5bc6137a52F213ea1,8.094e-05,7.24,0.1052631578947368,401.46,7779.27,h1
2026-09-08T17:38:00+00:00,DUNALDU/SOL,Dunaldu Tremp,solana,pumpswap,8xVsj9aBzCEbwLTJjrqSVzKGQrsFnL3x7eMPMoL6wvC8,BtGSevmBAFr4Sfw1yCPnkCG2xjV6UFL5KAypaWiopump,2.255e-06,-2.66,0.0,32.53,2495.71,h1
2026-09-08T17:38:00+00:00,AMD/SOL,Ape Meme Degen,solana,pumpswap,G7Vw78Jd61yybAmvuzM4tYWT1JSTXTpJoKhZLC3eCFnN,7NJ9KEDASTQLNA7WbMeBdH5yNeBYdcU4v5cpbfELpump,2.092e-06,0.0,0.0,0.0,2268.81,h1
2026-09-08T17:38:00+00:00,ape/SOL,just ape,solana,pumpswap,DBN7inFLzsLUEQ4bbZF6fhLZTRWra8wjspoVV3kF3EF3,74ibkiorSf8xkyVZD7ewhbL3H7upqevjoQCDATxwpump,3.489e-06,0.28,0.0,11.71,3396.59,h1
2026-09-08T17:38:00+00:00,PINK/ETH,Pink Sheets,robinhood,uniswap,0x6bb17e600f9cc09047dfa9261bc2f286f0cb8567a95493b4a82344f29d4deefc,0xBc9cc4b93A08B2dfBA87067a9C53E713DB3314Ce,0.0003225,-1.0,-0.0728476821192053,22277.87,52497.36,h1
2026-09-08T17:38:00+00:00,UTC/SOL,UTC,solana,pumpswap,CUCFjMtHpAuQGMj3qaYKVPb4H6yDAnTHqFKmDKZPqmLv,PHgCReUnUsk1jUTVzBZUV5SDSmCyTT4ZVDAEkQZgoa2,3.268e-06,-0.64,-0.2,78.76,3074.6,h1
2026-09-08T17:38:00+00:00,HENTER/ETH,henter boden laptop,robinhood,uniswap,0x00d33cec2506c71a74a24c20f48d62dceb9653752998f1016c6474e814ca6839,0xDC1bebBE6699242e0fD33E5B8ce2D369e582466a,0.000204,2.72,-0.2631578947368421,9179.22,41753.15,h1
2026-09-08T17:38:00+00:00,ONLYPUMP/SOL,OnlyPump,solana,pumpswap,DjUz9NnVHSxQ1ZsgTH47tXuGeEiaWa5DfAGQvQQCnkPo,8RDq8d3uD9mD5K75f1dEGyubN6jGArDMZaA8J4MNpump,2.275e-06,24.54,0.0,1.89,2633.55,h1
2026-09-08T17:38:00+00:00,AGI/SOL,Artificial Giga Inu,solana,pumpswap,71i8LZZReUvN5ZSGHnEcVM33SP5pCReiqkqdY815Gn2b,FjhTgMeDgSE2bfo9nHsPtvZanJrDGtVye78a1garpump,0.001068,73.09,0.1618683901292597,328559.67,100317.43,h1
2026-09-08T17:38:00+00:00,GPU/NVDA,GPU,robinhood,uniswap,0x91470719c6298a6eff0f9bb05bf9326775b7870c06aa6351fb839ab6cd118d7c,0x082Fa7839ADbD3cceFeBdd7e618a7b8bAdA4F3f3,3.531e-06,-2.29,-0.4285714285714285,35.95,5194.77,h1
2026-09-08T17:38:00+00:00,ASHIBA/NVDA,Artificial Shiba,robinhood,uniswap,0xa30e9ffea11b045fe04b5cbf3d5df8123f55ae855b4927bf366f00539ccfb642,0x25cd2901B6d16cB33185E7667F984dbc35BcF354,0.0002495,122.0,0.1257861635220125,94726.47,43670.62,h1
2026-09-08T17:41:00+00:00,4WALL/ETH,Robinwall,robinhood,uniswap,0x43cc2d145b46d377935d11f05fc1929a8b3ee02cf93c1cfef684991ceac10c6f,0x8DfbFd3021E8b9c390a99C39747Ea4D295187BA0,0.0002407,3.02,0.8313253012048193,3532.97,71752.06,h1
2026-09-08T17:41:00+00:00,CATIFY/SOL,CATIFY,solana,pumpswap,3JsgNeV6SKszbWoDZT5fVr9qAXXapDuFcoK6avzpSJDD,2dDDtevvn5V3sHCRQtMiSM3KoTDRfYdDkFrdigHNpump,2.335e-06,-0.22,1.0,0.23,2735.76,h1
2026-09-08T17:41:00+00:00,MEOWGN/SOL,Meowgan Stanley,solana,pumpswap,Aen8qLsuAHiWjew2d246GhPuN4n2tGcv8AnTtn3rWpUB,D8thZLXaSCpYi4uCT9Sb38JThgxF8kPXjZKXraoGpump,2.353e-06,2.66,1.0,1.48,2712.0,h1
2026-09-08T17:41:00+00:00,NYSEDOG/SOL,NYSEDOG,solana,pumpswap,CBPfZZUJpDPNwXrZ4U8hPinUmzetwcW2ju85vi6Az3P4,ALBMTj6ZL8AUVo1GTk9F2qeHm1qTfJKu8LMXFe7Cpump,0.0003333,25.85,0.1245561139028475,486861.38,50157.63,h1
2026-09-08T17:41:00+00:00,STONKS/SPY,STONKS,robinhood,uniswap,0x295c0502c35afd9158a87ccb1054490322673468fe6f6342aebc4ae558513423,0x238239d8Fbec75ebC08acA988447bC1926F615e0,0.0003705,-12.44,-0.1764705882352941,10610.15,50328.12,h1
2026-09-08T17:41:00+00:00,AGENTSORA/ETH,Agent Sora,robinhood,uniswap,0xb7d7e607af763c1fa014b07af9d2c59219e6047b73128a14f7003ae4b7c6957d,0x84131db02C288F3e5A1c581FAeC1A38Fd83268ba,0.0001579,19.03,0.5362318840579711,17881.31,36744.39,h1
2026-09-08T17:41:00+00:00,IF/WETH,What If,robinhood,uniswap,0x39A200271525E9641e799127bdAB299DAeF21953,0x232CDFc415D10b673845D83Dc02ba2eaBe7e30d1,0.009865,5.87,-0.0153846153846153,41360.41,434596.83,h1
2026-09-08T17:41:00+00:00,HUNTER/ETH,Hunter.exe,robinhood,uniswap,0xa66ada0341e896fb00e00b579ce60916276dc2fc692920c10437e1da463298cd,0x09eE7780c0287d29eeFED621318A7fFf8d26F4F1,4.694e-06,2.82,0.3333333333333333,41.52,6335.71,h1
2026-09-08T17:41:00+00:00,HABIBI/USO,Habibi,robinhood,uniswap,0x6575c060ef630d2dd5d4ddbcded0dac8d7031c5ec36a71c1e0584102ae477d81,0x79b5E43aA2e43eee21B9ddf1855a6dd2833Ac533,5.197e-05,19.42,0.2765957446808511,1913.28,21406.99,h1
2026-09-08T17:41:00+00:00,DUNALDU/SOL,Dunaldu Tremp,solana,pumpswap,8xVsj9aBzCEbwLTJjrqSVzKGQrsFnL3x7eMPMoL6wvC8,BtGSevmBAFr4Sfw1yCPnkCG2xjV6UFL5KAypaWiopump,2.255e-06,-2.66,0.0,32.53,2495.71,h1
2026-09-08T17:41:00+00:00,Data/WETH,Datarex,robinhood,uniswap,0xB8e56fCBF91210DE964F6BB2b080355179a17E72,0x3A38116302463a7B027d9bC5bc6137a52F213ea1,7.911e-05,4.72,0.027027027027027,444.72,7692.42,h1
2026-09-08T17:41:00+00:00,AMD/SOL,Ape Meme Degen,solana,pumpswap,G7Vw78Jd61yybAmvuzM4tYWT1JSTXTpJoKhZLC3eCFnN,7NJ9KEDASTQLNA7WbMeBdH5yNeBYdcU4v5cpbfELpump,2.092e-06,0.0,0.0,0.0,2268.81,h1
2026-09-08T17:41:00+00:00,PINK/ETH,Pink Sheets,robinhood,uniswap,0x6bb17e600f9cc09047dfa9261bc2f286f0cb8567a95493b4a82344f29d4deefc,0xBc9cc4b93A08B2dfBA87067a9C53E713DB3314Ce,0.0003255,0.6,-0.0738255033557047,21958.45,52750.27,h1
2026-09-08T17:41:00+00:00,HENTER/ETH,henter boden laptop,robinhood,uniswap,0x00d33cec2506c71a74a24c20f48d62dceb9653752998f1016c6474e814ca6839,0xDC1bebBE6699242e0fD33E5B8ce2D369e582466a,0.0002045,-6.68,-0.325,6513.58,41810.63,h1
2026-09-08T17:41:00+00:00,UTC/SOL,UTC,solana,pumpswap,CUCFjMtHpAuQGMj3qaYKVPb4H6yDAnTHqFKmDKZPqmLv,PHgCReUnUsk1jUTVzBZUV5SDSmCyTT4ZVDAEkQZgoa2,3.268e-06,-0.64,-0.2,78.76,3074.6,h1
2026-09-08T17:41:00+00:00,ape/SOL,just ape,solana,pumpswap,DBN7inFLzsLUEQ4bbZF6fhLZTRWra8wjspoVV3kF3EF3,74ibkiorSf8xkyVZD7ewhbL3H7upqevjoQCDATxwpump,3.451e-06,-0.79,-0.3333333333333333,11.73,3367.93,h1
2026-09-08T17:41:00+00:00,ONLYPUMP/SOL,OnlyPump,solana,pumpswap,DjUz9NnVHSxQ1ZsgTH47tXuGeEiaWa5DfAGQvQQCnkPo,8RDq8d3uD9mD5K75f1dEGyubN6jGArDMZaA8J4MNpump,2.275e-06,24.54,0.0,1.89,2633.55,h1
2026-09-08T17:41:00+00:00,ASHIBA/NVDA,Artificial Shiba,robinhood,uniswap,0xa30e9ffea11b045fe04b5cbf3d5df8123f55ae855b4927bf366f00539ccfb642,0x25cd2901B6d16cB33185E7667F984dbc35BcF354,0.0002589,130.0,0.1242362525458248,97439.71,44482.32,h1
2026-09-08T17:41:00+00:00,AGI/SOL,Artificial Giga Inu,solana,pumpswap,71i8LZZReUvN5ZSGHnEcVM33SP5pCReiqkqdY815Gn2b,FjhTgMeDgSE2bfo9nHsPtvZanJrDGtVye78a1garpump,0.001228,101.0,0.1800310398344542,504160.15,108112.23,h1
2026-09-08T17:41:00+00:00,FAT/SOL,Le Chaton Fat,solana,pumpswap,HQLCmU3MqnVKuVPgB5UoxW8x9DFFpZogJ58QLh7atG8y,HCqfDFPMMwMzohuW7xXMnQuRTUgK5vmbAaRt7U7Ppump,2.114e-06,-0.26,-1.0,0.31,2301.05,h1
2026-09-08T17:49:00+00:00,4WALL/ETH,Robinwall,robinhood,uniswap,0x43cc2d145b46d377935d11f05fc1929a8b3ee02cf93c1cfef684991ceac10c6f,0x8DfbFd3021E8b9c390a99C39747Ea4D295187BA0,0.000243,3.42,0.8313253012048193,3611.57,72090.5,h1
2026-09-08T17:49:00+00:00,NYSEDOG/SOL,NYSEDOG,solana,pumpswap,CBPfZZUJpDPNwXrZ4U8hPinUmzetwcW2ju85vi6Az3P4,ALBMTj6ZL8AUVo1GTk9F2qeHm1qTfJKu8LMXFe7Cpump,0.0003121,8.27,0.1782048632637597,426737.21,48515.57,h1
2026-09-08T17:49:00+00:00,CATIFY/SOL,CATIFY,solana,pumpswap,3JsgNeV6SKszbWoDZT5fVr9qAXXapDuFcoK6avzpSJDD,2dDDtevvn5V3sHCRQtMiSM3KoTDRfYdDkFrdigHNpump,2.335e-06,-0.22,1.0,0.23,2735.76,h1
2026-09-08T17:49:00+00:00,ASHIBA/NVDA,Artificial Shiba,robinhood,uniswap,0xa30e9ffea11b045fe04b5cbf3d5df8123f55ae855b4927bf366f00539ccfb642,0x25cd2901B6d16cB33185E7667F984dbc35BcF354,0.0001831,12.11,0.1317829457364341,106748.22,37411.39,h1
2026-09-08T17:49:00+00:00,AGENTSORA/ETH,Agent Sora,robinhood,uniswap,0xb7d7e607af763c1fa014b07af9d2c59219e6047b73128a14f7003ae4b7c6957d,0x84131db02C288F3e5A1c581FAeC1A38Fd83268ba,0.0001879,28.05,0.574468085106383,19101.8,40058.6,h1
2026-09-08T17:49:00+00:00,STONKS/SPY,STONKS,robinhood,uniswap,0x295c0502c35afd9158a87ccb1054490322673468fe6f6342aebc4ae558513423,0x238239d8Fbec75ebC08acA988447bC1926F615e0,0.0003705,-10.88,-0.282051282051282,8135.11,50328.12,h1
2026-09-08T17:49:00+00:00,HUNTER/ETH,Hunter.exe,robinhood,uniswap,0xa66ada0341e896fb00e00b579ce60916276dc2fc692920c10437e1da463298cd,0x09eE7780c0287d29eeFED621318A7fFf8d26F4F1,4.694e-06,2.82,0.3333333333333333,41.52,6335.71,h1
2026-09-08T17:49:00+00:00,IF/WETH,What If,robinhood,uniswap,0x39A200271525E9641e799127bdAB299DAeF21953,0x232CDFc415D10b673845D83Dc02ba2eaBe7e30d1,0.009925,9.78,0.0,42039.4,434700.47,h1
2026-09-08T17:49:00+00:00,PINK/ETH,Pink Sheets,robinhood,uniswap,0x6bb17e600f9cc09047dfa9261bc2f286f0cb8567a95493b4a82344f29d4deefc,0xBc9cc4b93A08B2dfBA87067a9C53E713DB3314Ce,0.0002889,-10.61,0.0379746835443038,25079.68,49669.96,h1
2026-09-08T17:49:00+00:00,HABIBI/USO,Habibi,robinhood,uniswap,0x6575c060ef630d2dd5d4ddbcded0dac8d7031c5ec36a71c1e0584102ae477d81,0x79b5E43aA2e43eee21B9ddf1855a6dd2833Ac533,4.761e-05,8.36,0.0689655172413793,3027.19,20474.69,h1
2026-09-08T17:49:00+00:00,Data/WETH,Datarex,robinhood,uniswap,0xB8e56fCBF91210DE964F6BB2b080355179a17E72,0x3A38116302463a7B027d9bC5bc6137a52F213ea1,7.914e-05,5.39,0.0857142857142857,429.85,7694.15,h1
2026-09-08T17:49:00+00:00,UTC/SOL,UTC,solana,pumpswap,CUCFjMtHpAuQGMj3qaYKVPb4H6yDAnTHqFKmDKZPqmLv,PHgCReUnUsk1jUTVzBZUV5SDSmCyTT4ZVDAEkQZgoa2,3.392e-06,4.74,0.1111111111111111,125.6,3167.0,h1
2026-09-08T17:49:00+00:00,DUNALDU/SOL,Dunaldu Tremp,solana,pumpswap,8xVsj9aBzCEbwLTJjrqSVzKGQrsFnL3x7eMPMoL6wvC8,BtGSevmBAFr4Sfw1yCPnkCG2xjV6UFL5KAypaWiopump,2.255e-06,-2.66,0.0,32.53,2495.71,h1
2026-09-08T17:49:00+00:00,AMD/SOL,Ape Meme Degen,solana,pumpswap,G7Vw78Jd61yybAmvuzM4tYWT1JSTXTpJoKhZLC3eCFnN,7NJ9KEDASTQLNA7WbMeBdH5yNeBYdcU4v5cpbfELpump,2.092e-06,0.0,0.0,0.0,2268.81,h1
2026-09-08T17:49:00+00:00,MEOWGN/SOL,Meowgan Stanley,solana,pumpswap,Aen8qLsuAHiWjew2d246GhPuN4n2tGcv8AnTtn3rWpUB,D8thZLXaSCpYi4uCT9Sb38JThgxF8kPXjZKXraoGpump,2.322e-06,1.31,0.0,1.53,2681.74,h1
2026-09-08T17:49:00+00:00,HENTER/ETH,henter boden laptop,robinhood,uniswap,0x00d33cec2506c71a74a24c20f48d62dceb9653752998f1016c6474e814ca6839,0xDC1bebBE6699242e0fD33E5B8ce2D369e582466a,0.0002027,-7.83,-0.3424657534246575,6385.76,41600.24,h1
2026-09-08T17:49:00+00:00,ONLYPUMP/SOL,OnlyPump,solana,pumpswap,DjUz9NnVHSxQ1ZsgTH47tXuGeEiaWa5DfAGQvQQCnkPo,8RDq8d3uD9mD5K75f1dEGyubN6jGArDMZaA8J4MNpump,2.275e-06,24.54,0.0,1.89,2633.55,h1
2026-09-08T17:49:00+00:00,ape/SOL,just ape,solana,pumpswap,DBN7inFLzsLUEQ4bbZF6fhLZTRWra8wjspoVV3kF3EF3,74ibkiorSf8xkyVZD7ewhbL3H7upqevjoQCDATxwpump,3.27e-06,-5.99,-0.6666666666666666,88.68,3229.38,h1
2026-09-08T17:49:00+00:00,FAT/SOL,Le Chaton Fat,solana,pumpswap,HQLCmU3MqnVKuVPgB5UoxW8x9DFFpZogJ58QLh7atG8y,HCqfDFPMMwMzohuW7xXMnQuRTUgK5vmbAaRt7U7Ppump,2.114e-06,-0.26,-1.0,0.31,2301.05,h1
2026-09-08T17:49:00+00:00,AGI/SOL,Artificial Giga Inu,solana,pumpswap,71i8LZZReUvN5ZSGHnEcVM33SP5pCReiqkqdY815Gn2b,FjhTgMeDgSE2bfo9nHsPtvZanJrDGtVye78a1garpump,0.001736,149.0,0.2266912103083295,1020539.22,129922.15,h1
2026-09-08T18:14:00+00:00,AGI/SOL,Artificial Giga Inu,solana,pumpswap,71i8LZZReUvN5ZSGHnEcVM33SP5pCReiqkqdY815Gn2b,FjhTgMeDgSE2bfo9nHsPtvZanJrDGtVye78a1garpump,0.0001816,-73.34,0.2704037176880627,1515001.13,41288.62,h1
2026-09-08T18:14:00+00:00,4WALL/ETH,Robinwall,robinhood,uniswap,0x43cc2d145b46d377935d11f05fc1929a8b3ee02cf93c1cfef684991ceac10c6f,0x8DfbFd3021E8b9c390a99C39747Ea4D295187BA0,0.000272,15.03,0.7777777777777778,6520.61,76743.1,h1
2026-09-08T18:14:00+00:00,NYSEDOG/SOL,NYSEDOG,solana,pumpswap,CBPfZZUJpDPNwXrZ4U8hPinUmzetwcW2ju85vi6Az3P4,ALBMTj6ZL8AUVo1GTk9F2qeHm1qTfJKu8LMXFe7Cpump,0.0003263,11.41,0.1776213933849401,399926.46,49807.39,h1
2026-09-08T18:14:00+00:00,CATIFY/SOL,CATIFY,solana,pumpswap,3JsgNeV6SKszbWoDZT5fVr9qAXXapDuFcoK6avzpSJDD,2dDDtevvn5V3sHCRQtMiSM3KoTDRfYdDkFrdigHNpump,2.341e-06,0.06,1.0,2.82,2742.74,h1
2026-09-08T18:14:00+00:00,ASHIBA/NVDA,Artificial Shiba,robinhood,uniswap,0xa30e9ffea11b045fe04b5cbf3d5df8123f55ae855b4927bf366f00539ccfb642,0x25cd2901B6d16cB33185E7667F984dbc35BcF354,0.0002297,20.38,0.138401559454191,112610.67,41921.48,h1
2026-09-08T18:14:00+00:00,AGENTSORA/ETH,Agent Sora,robinhood,uniswap,0xb7d7e607af763c1fa014b07af9d2c59219e6047b73128a14f7003ae4b7c6957d,0x84131db02C288F3e5A1c581FAeC1A38Fd83268ba,0.0001434,31.16,0.5460992907801419,22261.37,35016.01,h1
2026-09-08T18:14:00+00:00,IF/WETH,What If,robinhood,uniswap,0x39A200271525E9641e799127bdAB299DAeF21953,0x232CDFc415D10b673845D83Dc02ba2eaBe7e30d1,0.01078,10.36,0.0566037735849056,36566.82,454735.66,h1
2026-09-08T18:14:00+00:00,UTC/SOL,UTC,solana,pumpswap,CUCFjMtHpAuQGMj3qaYKVPb4H6yDAnTHqFKmDKZPqmLv,PHgCReUnUsk1jUTVzBZUV5SDSmCyTT4ZVDAEkQZgoa2,3.521e-06,8.71,0.3846153846153846,169.28,3260.23,h1
2026-09-08T18:14:00+00:00,DUNALDU/SOL,Dunaldu Tremp,solana,pumpswap,8xVsj9aBzCEbwLTJjrqSVzKGQrsFnL3x7eMPMoL6wvC8,BtGSevmBAFr4Sfw1yCPnkCG2xjV6UFL5KAypaWiopump,2.284e-06,-1.41,0.2,32.91,2523.12,h1
2026-09-08T18:14:00+00:00,PINK/ETH,Pink Sheets,robinhood,uniswap,0x6bb17e600f9cc09047dfa9261bc2f286f0cb8567a95493b4a82344f29d4deefc,0xBc9cc4b93A08B2dfBA87067a9C53E713DB3314Ce,0.0003021,3.0,0.2026143790849673,21649.15,50862.98,h1
2026-09-08T18:14:00+00:00,STONKS/SPY,STONKS,robinhood,uniswap,0x295c0502c35afd9158a87ccb1054490322673468fe6f6342aebc4ae558513423,0x238239d8Fbec75ebC08acA988447bC1926F615e0,0.0005364,51.96,0.0588235294117647,9793.77,60562.72,h1
2026-09-08T18:14:00+00:00,Data/WETH,Datarex,robinhood,uniswap,0xB8e56fCBF91210DE964F6BB2b080355179a17E72,0x3A38116302463a7B027d9bC5bc6137a52F213ea1,7.875e-05,-3.24,0.037037037037037,229.15,7682.39,h1
2026-09-08T18:14:00+00:00,HABIBI/USO,Habibi,robinhood,uniswap,0x6575c060ef630d2dd5d4ddbcded0dac8d7031c5ec36a71c1e0584102ae477d81,0x79b5E43aA2e43eee21B9ddf1855a6dd2833Ac533,4.766e-05,8.47,-0.0196078431372549,2553.46,20519.45,h1
2026-09-08T18:14:00+00:00,AMD/SOL,Ape Meme Degen,solana,pumpswap,G7Vw78Jd61yybAmvuzM4tYWT1JSTXTpJoKhZLC3eCFnN,7NJ9KEDASTQLNA7WbMeBdH5yNeBYdcU4v5cpbfELpump,2.092e-06,0.0,0.0,0.0,2268.81,h1
2026-09-08T18:14:00+00:00,HUNTER/ETH,Hunter.exe,robinhood,uniswap,0xa66ada0341e896fb00e00b579ce60916276dc2fc692920c10437e1da463298cd,0x09eE7780c0287d29eeFED621318A7fFf8d26F4F1,4.671e-06,0.16,0.0,19.95,6316.44,h1
2026-09-08T18:14:00+00:00,MEOWGN/SOL,Meowgan Stanley,solana,pumpswap,Aen8qLsuAHiWjew2d246GhPuN4n2tGcv8AnTtn3rWpUB,D8thZLXaSCpYi4uCT9Sb38JThgxF8kPXjZKXraoGpump,2.322e-06,1.31,0.0,1.53,2681.74,h1
2026-09-08T18:14:00+00:00,HENTER/ETH,henter boden laptop,robinhood,uniswap,0x00d33cec2506c71a74a24c20f48d62dceb9653752998f1016c6474e814ca6839,0xDC1bebBE6699242e0fD33E5B8ce2D369e582466a,0.0001965,-9.2,-0.4285714285714285,3982.46,41023.99,h1
2026-09-08T18:14:00+00:00,HOODINU/ETH,HOODINU,robinhood,uniswap,0x862b483a5f18bbb3adcf52c355843e365e8f29146e6d53da0424dcb8b2c58710,0xcf5A2d4562162D06c19770a23e7a28cEeFEccB57,0.0001659,208.0,-0.0796812749003984,532059.09,37702.49,h1
2026-09-08T18:14:00+00:00,ape/SOL,just ape,solana,pumpswap,DBN7inFLzsLUEQ4bbZF6fhLZTRWra8wjspoVV3kF3EF3,74ibkiorSf8xkyVZD7ewhbL3H7upqevjoQCDATxwpump,3.244e-06,-5.89,-0.6666666666666666,85.29,3208.53,h1
2026-09-08T18:14:00+00:00,ONLYPUMP/SOL,OnlyPump,solana,pumpswap,DjUz9NnVHSxQ1ZsgTH47tXuGeEiaWa5DfAGQvQQCnkPo,8RDq8d3uD9mD5K75f1dEGyubN6jGArDMZaA8J4MNpump,2.276e-06,-1.68,-1.0,1.02,2635.3,h1
2026-09-08T23:40:00+00:00,GI/GLD,Golden Inu,robinhood,uniswap,0xc844f72079afb36a756c03a602b78021c348d616aed3200aa3089c3ae0b07338,0x97C59c0a7eAe72592EE5Ae13fd2057C7BAd7F0D9,5.934e-05,-37.42,0.2332039414750671,542635.97,22150.67,h1
2026-09-08T23:40:00+00:00,4WALL/ETH,Robinwall,robinhood,uniswap,0x43cc2d145b46d377935d11f05fc1929a8b3ee02cf93c1cfef684991ceac10c6f,0x8DfbFd3021E8b9c390a99C39747Ea4D295187BA0,0.0002879,5.5,0.8666666666666667,2040.14,78925.74,h1
2026-09-08T23:40:00+00:00,ONLYPUMP/SOL,OnlyPump,solana,pumpswap,DjUz9NnVHSxQ1ZsgTH47tXuGeEiaWa5DfAGQvQQCnkPo,8RDq8d3uD9mD5K75f1dEGyubN6jGArDMZaA8J4MNpump,2.398e-06,2.12,1.0,7.39,2750.88,h1
2026-09-08T23:40:00+00:00,DOWBONES/SOL,Dow Bones,solana,pumpswap,7r6pSAKVgyU2rA9EN3V4Udu6fM7dx1RuznubCuRSvnDy,9nQ19kEKYcmtSHZA9hEgxXBkEAGAotgXQFJFBFgUpump,2.252e-06,-98.46,-0.2075833014170816,130315.82,2617.32,h1
2026-09-08T23:40:00+00:00,STONKLESS/SOL,Useless Stonk,solana,pumpswap,9525ige2FAfDCmv71pe5v3dL11fDHiFoczQpevVJsHNk,8epBCVHVZHdiAYweM9vAF57ngKtGVLC9k7oRTh2pump,0.0006157,-30.09,-0.0250932033266418,498240.04,72510.0,h1
2026-09-08T23:40:00+00:00,HAPPYCAT/SOL,HAPPY CAT,solana,pumpswap,5XzeHr4a6se71mseBDSoZRmHH5SHnUJpbN2A6a9jS5oA,HtqYi2DcSbmCRu2UUAZUuhERimKoWRqUfqA8j8Popump,0.001154,13.35,0.2922006011707008,443247.7,100552.31,h1
2026-09-08T23:40:00+00:00,PENGUIN/ETH,Nietzschean Penguin,robinhood,uniswap,0x20c872d235b6daaa5fc65dba4346a7e08b75d5cbe3d779f65ab90000ecf42398,0xe2Ec718DbBB81D0a50bDf0D21342e34162B11415,0.0003392,-28.71,-0.0634920634920634,19438.68,53759.61,h1
2026-09-08T23:40:00+00:00,NYSEDOG/SOL,NYSEDOG,solana,pumpswap,CBPfZZUJpDPNwXrZ4U8hPinUmzetwcW2ju85vi6Az3P4,ALBMTj6ZL8AUVo1GTk9F2qeHm1qTfJKu8LMXFe7Cpump,0.000301,6.96,0.2116630669546436,148117.29,49123.93,h1
2026-09-08T23:40:00+00:00,HABIBI/USO,Habibi,robinhood,uniswap,0x6575c060ef630d2dd5d4ddbcded0dac8d7031c5ec36a71c1e0584102ae477d81,0x79b5E43aA2e43eee21B9ddf1855a6dd2833Ac533,7.245e-05,-17.91,0.0612244897959183,10136.32,25452.64,h1
2026-09-08T23:40:00+00:00,AICAT /SOL,Artificial Cat,solana,pumpswap,6VGrVZyDdMa7KSpTD53W1H74EgBCnAXrTjLjXD1mRzB7,FCLgsb8utgpPivdhrfHBpkqsns3ki9e9nhXbtEbEpump,9.327e-05,112.0,0.0461114934618031,203113.88,24679.45,h1
2026-09-08T23:40:00+00:00,BAG/ETH,Sir Bag,robinhood,uniswap,0x0435dd57a49eae26af5aa7bc37ea6d9c038371ec5b4b2fc3162e98f1b370f260,0x792ff19204EF6C756b4D8Efe2441D050F5eCe818,0.0005362,-21.12,-0.1583710407239819,46897.35,67590.37,h1
2026-09-08T23:40:00+00:00,AGENTSORA/ETH,Agent Sora,robinhood,uniswap,0xb7d7e607af763c1fa014b07af9d2c59219e6047b73128a14f7003ae4b7c6957d,0x84131db02C288F3e5A1c581FAeC1A38Fd83268ba,0.0001338,3.3,0.2463768115942029,1920.26,33771.58,h1
2026-09-08T23:40:00+00:00,ASHIBA/NVDA,Artificial Shiba,robinhood,uniswap,0xa30e9ffea11b045fe04b5cbf3d5df8123f55ae855b4927bf366f00539ccfb642,0x25cd2901B6d16cB33185E7667F984dbc35BcF354,0.000407,69.18,0.3483709273182957,50648.1,55770.25,h1
2026-09-08T23:40:00+00:00,UTC/SOL,UTC,solana,pumpswap,CUCFjMtHpAuQGMj3qaYKVPb4H6yDAnTHqFKmDKZPqmLv,PHgCReUnUsk1jUTVzBZUV5SDSmCyTT4ZVDAEkQZgoa2,3.458e-06,-7.97,0.0,191.72,3212.45,h1
2026-09-08T23:40:00+00:00,HOODINU/ETH,HOODINU,robinhood,uniswap,0x862b483a5f18bbb3adcf52c355843e365e8f29146e6d53da0424dcb8b2c58710,0xcf5A2d4562162D06c19770a23e7a28cEeFEccB57,2.144e-05,29.81,0.2857142857142857,1595.68,13514.46,h1
2026-09-08T23:40:00+00:00,AGI/SOL,Artificial Giga Inu,solana,pumpswap,71i8LZZReUvN5ZSGHnEcVM33SP5pCReiqkqdY815Gn2b,FjhTgMeDgSE2bfo9nHsPtvZanJrDGtVye78a1garpump,6.827e-06,-0.17,0.0666666666666666,90.65,6544.91,h1
2026-09-08T23:40:00+00:00,AMD/SOL,Ape Meme Degen,solana,pumpswap,G7Vw78Jd61yybAmvuzM4tYWT1JSTXTpJoKhZLC3eCFnN,7NJ9KEDASTQLNA7WbMeBdH5yNeBYdcU4v5cpbfELpump,2.092e-06,0.0,0.0,0.0,2268.81,h1
2026-09-08T23:40:00+00:00,TRADOOR/ETH,THE TRADOOR,robinhood,uniswap,0x1f530519f99592beaa1683fd25d8c558964115b9a3b2020513e8f46cfec17447,0xb47efCc461d3CD6b270dAf15388A77a3fAe64AD1,0.0002882,0.02,-0.2152466367713004,18859.69,49550.81,h1
2026-09-08T23:40:00+00:00,MSFT/SOL,Meme Solana Feline Token,solana,pumpswap,C3hbHDcL3RWkjSc1DMFZ4d3Tcvg7zmwQNtgUftWsemP7,28ZHuzqJwtg97KhJzuUwypC82vMCKuZa629FaCmrpump,0.002536,135.0,0.3330252618607517,255870.8,142123.15,h1
2026-09-08T23:40:00+00:00,INTC/SOL,Intel Cat,solana,pumpswap,2WRwVq46rzppjYiVKwNPdeuo38PjtetaYrmhVRQLqLzU,5cNaeFkSqLGVE3BJufKVAzJtxkH2zHhKu3Ao7PCipump,2.165e-06,-1.12,-1.0,0.08,2442.83,h1
2026-09-08T23:51:00+00:00,4WALL/ETH,Robinwall,robinhood,uniswap,0x43cc2d145b46d377935d11f05fc1929a8b3ee02cf93c1cfef684991ceac10c6f,0x8DfbFd3021E8b9c390a99C39747Ea4D295187BA0,0.0002899,6.95,0.918918918918919,1804.36,79224.3,h1
2026-09-08T23:51:00+00:00,GI/GLD,Golden Inu,robinhood,uniswap,0xc844f72079afb36a756c03a602b78021c348d616aed3200aa3089c3ae0b07338,0x97C59c0a7eAe72592EE5Ae13fd2057C7BAd7F0D9,0.0001185,66.53,0.238095238095238,612371.79,31162.37,h1
2026-09-08T23:51:00+00:00,MSFT/SOL,Meme Solana Feline Token,solana,pumpswap,C3hbHDcL3RWkjSc1DMFZ4d3Tcvg7zmwQNtgUftWsemP7,28ZHuzqJwtg97KhJzuUwypC82vMCKuZa629FaCmrpump,0.001733,18.76,0.3398402839396628,279476.42,117266.76,h1
2026-09-08T23:51:00+00:00,ONLYPUMP/SOL,OnlyPump,solana,pumpswap,DjUz9NnVHSxQ1ZsgTH47tXuGeEiaWa5DfAGQvQQCnkPo,8RDq8d3uD9mD5K75f1dEGyubN6jGArDMZaA8J4MNpump,2.364e-06,0.71,0.7142857142857143,8.93,2718.98,h1
2026-09-08T23:51:00+00:00,PENGUIN/ETH,Nietzschean Penguin,robinhood,uniswap,0x20c872d235b6daaa5fc65dba4346a7e08b75d5cbe3d779f65ab90000ecf42398,0xe2Ec718DbBB81D0a50bDf0D21342e34162B11415,0.0003346,-26.04,0.02803738317757,16971.82,53395.92,h1
2026-09-08T23:51:00+00:00,NYSEDOG/SOL,NYSEDOG,solana,pumpswap,CBPfZZUJpDPNwXrZ4U8hPinUmzetwcW2ju85vi6Az3P4,ALBMTj6ZL8AUVo1GTk9F2qeHm1qTfJKu8LMXFe7Cpump,0.0002856,-10.11,0.2065886699507389,141194.57,47816.08,h1
2026-09-08T23:51:00+00:00,STONKLESS/SOL,Useless Stonk,solana,pumpswap,9525ige2FAfDCmv71pe5v3dL11fDHiFoczQpevVJsHNk,8epBCVHVZHdiAYweM9vAF57ngKtGVLC9k7oRTh2pump,0.0005974,-14.99,-0.1018593371059013,435348.94,71452.03,h1
2026-09-08T23:51:00+00:00,HAPPYCAT/SOL,HAPPY CAT,solana,pumpswap,5XzeHr4a6se71mseBDSoZRmHH5SHnUJpbN2A6a9jS5oA,HtqYi2DcSbmCRu2UUAZUuhERimKoWRqUfqA8j8Popump,0.001397,47.59,0.2474646531941668,575028.26,111061.92,h1
2026-09-08T23:51:00+00:00,DOWBONES/SOL,Dow Bones,solana,pumpswap,7r6pSAKVgyU2rA9EN3V4Udu6fM7dx1RuznubCuRSvnDy,9nQ19kEKYcmtSHZA9hEgxXBkEAGAotgXQFJFBFgUpump,2.252e-06,-99.07,-0.509607993850884,67399.82,2617.32,h1
2026-09-08T23:51:00+00:00,HABIBI/USO,Habibi,robinhood,uniswap,0x6575c060ef630d2dd5d4ddbcded0dac8d7031c5ec36a71c1e0584102ae477d81,0x79b5E43aA2e43eee21B9ddf1855a6dd2833Ac533,6.593e-05,-19.95,0.0192307692307692,9976.49,24285.27,h1
2026-09-08T23:51:00+00:00,ASHIBA/NVDA,Artificial Shiba,robinhood,uniswap,0xa30e9ffea11b045fe04b5cbf3d5df8123f55ae855b4927bf366f00539ccfb642,0x25cd2901B6d16cB33185E7667F984dbc35BcF354,0.0003762,28.91,0.2935323383084577,51266.17,53618.18,h1
2026-09-08T23:51:00+00:00,BAG/ETH,Sir Bag,robinhood,uniswap,0x0435dd57a49eae26af5aa7bc37ea6d9c038371ec5b4b2fc3162e98f1b370f260,0x792ff19204EF6C756b4D8Efe2441D050F5eCe818,0.0005661,-31.75,-0.188034188034188,47808.15,69453.9,h1
2026-09-08T23:51:00+00:00,AGENTSORA/ETH,Agent Sora,robinhood,uniswap,0xb7d7e607af763c1fa014b07af9d2c59219e6047b73128a14f7003ae4b7c6957d,0x84131db02C288F3e5A1c581FAeC1A38Fd83268ba,0.0001366,3.32,0.1733333333333333,1968.34,34124.84,h1
2026-09-08T23:51:00+00:00,HOODINU/ETH,HOODINU,robinhood,uniswap,0x862b483a5f18bbb3adcf52c355843e365e8f29146e6d53da0424dcb8b2c58710,0xcf5A2d4562162D06c19770a23e7a28cEeFEccB57,2.418e-05,48.14,0.4468085106382978,1965.49,14356.79,h1
2026-09-08T23:51:00+00:00,UTC/SOL,UTC,solana,pumpswap,CUCFjMtHpAuQGMj3qaYKVPb4H6yDAnTHqFKmDKZPqmLv,PHgCReUnUsk1jUTVzBZUV5SDSmCyTT4ZVDAEkQZgoa2,3.146e-06,-8.75,0.0,183.3,2980.12,h1
2026-09-08T23:51:00+00:00,AGI/SOL,Artificial Giga Inu,solana,pumpswap,71i8LZZReUvN5ZSGHnEcVM33SP5pCReiqkqdY815Gn2b,FjhTgMeDgSE2bfo9nHsPtvZanJrDGtVye78a1garpump,6.827e-06,-0.17,0.0666666666666666,90.65,6544.91,h1
2026-09-08T23:51:00+00:00,AMD/SOL,Ape Meme Degen,solana,pumpswap,G7Vw78Jd61yybAmvuzM4tYWT1JSTXTpJoKhZLC3eCFnN,7NJ9KEDASTQLNA7WbMeBdH5yNeBYdcU4v5cpbfELpump,2.092e-06,0.0,0.0,0.0,2268.81,h1
2026-09-08T23:51:00+00:00,AICAT /SOL,Artificial Cat,solana,pumpswap,6VGrVZyDdMa7KSpTD53W1H74EgBCnAXrTjLjXD1mRzB7,FCLgsb8utgpPivdhrfHBpkqsns3ki9e9nhXbtEbEpump,0.0001269,189.0,0.0317316409791477,210027.79,29099.64,h1
2026-09-08T23:51:00+00:00,TRADOOR/ETH,THE TRADOOR,robinhood,uniswap,0x1f530519f99592beaa1683fd25d8c558964115b9a3b2020513e8f46cfec17447,0xb47efCc461d3CD6b270dAf15388A77a3fAe64AD1,0.0002797,-1.22,-0.2192771084337349,18144.01,48828.17,h1
2026-09-08T23:51:00+00:00,INTC/SOL,Intel Cat,solana,pumpswap,2WRwVq46rzppjYiVKwNPdeuo38PjtetaYrmhVRQLqLzU,5cNaeFkSqLGVE3BJufKVAzJtxkH2zHhKu3Ao7PCipump,2.165e-06,-1.12,-1.0,0.08,2442.83,h1
2026-09-09T10:17:00+00:00,AICAT /SOL,Artificial Cat,solana,pumpswap,6VGrVZyDdMa7KSpTD53W1H74EgBCnAXrTjLjXD1mRzB7,FCLgsb8utgpPivdhrfHBpkqsns3ki9e9nhXbtEbEpump,5.787e-05,-19.25,0.0298117154811715,7488.49,19260.61,h1
2026-09-09T10:17:00+00:00,INTC/SOL,Intel Cat,solana,pumpswap,2WRwVq46rzppjYiVKwNPdeuo38PjtetaYrmhVRQLqLzU,5cNaeFkSqLGVE3BJufKVAzJtxkH2zHhKu3Ao7PCipump,2.208e-06,-0.35,1.0,7.9,2486.29,h1
2026-09-09T10:17:00+00:00,NYSEDOG/SOL,NYSEDOG,solana,pumpswap,CBPfZZUJpDPNwXrZ4U8hPinUmzetwcW2ju85vi6Az3P4,ALBMTj6ZL8AUVo1GTk9F2qeHm1qTfJKu8LMXFe7Cpump,2.327e-06,-0.33,1.0,4.84,2712.0,h1
2026-09-09T10:17:00+00:00,ASHIBA/NVDA,Artificial Shiba,robinhood,uniswap,0xa30e9ffea11b045fe04b5cbf3d5df8123f55ae855b4927bf366f00539ccfb642,0x25cd2901B6d16cB33185E7667F984dbc35BcF354,0.0005593,-12.52,0.2300884955752212,22183.78,65380.78,h1
2026-09-09T10:17:00+00:00,HAPPYCAT/SOL,HAPPY CAT,solana,pumpswap,5XzeHr4a6se71mseBDSoZRmHH5SHnUJpbN2A6a9jS5oA,HtqYi2DcSbmCRu2UUAZUuhERimKoWRqUfqA8j8Popump,3.871e-06,1.15,1.0,16.93,4285.98,h1
2026-09-09T10:17:00+00:00,TRADOOR/ETH,THE TRADOOR,robinhood,uniswap,0x1f530519f99592beaa1683fd25d8c558964115b9a3b2020513e8f46cfec17447,0xb47efCc461d3CD6b270dAf15388A77a3fAe64AD1,0.0001411,-23.25,-0.2697368421052631,12208.35,34719.17,h1
2026-09-09T10:17:00+00:00,STONKSZN/SOL,Stonk Season,solana,pumpswap,FETxroCPWbKJNiuS4F3xCzy33jxHRYV8zE8kzf74RWUR,HQSXsxD2BhpA8v21TwTjv6Tbkr8yYH3B8RkGS1Bspump,0.000538,1.32,0.2025553131816765,93916.15,64050.66,h1
2026-09-09T10:17:00+00:00,RECEIPT/ETH,RECEIPT,robinhood,uniswap,0xab43aa8870ba31a89d744dc53136fc6835eb0f2dd319995bcefcd2fe2463b6c0,0xb97D9e5Ad6244d27588Fe0A624A8C78E512934eE,0.001294,-8.46,0.0599078341013824,46073.97,105138.48,h1
2026-09-09T10:17:00+00:00,MEMELESS/SOL,memes are useless,solana,pumpswap,3PoVk6PJCj1xDZBVcYLpbDUJx5aGeE6T54jhUdtqxVG9,3hyoQKfyQyg1HpxFkvqn5q1Sqt7LqmihF7c4UNBdpump,2.312e-06,-0.61,0.2,48.63,2502.59,h1
2026-09-09T10:17:00+00:00,CRUMBS/ETH,Crumbs,robinhood,uniswap,0x25e53c08633b9474f3491e4c6abeb6fa6210f8d5c122931679aa498aeab0ed09,0x80bAa4b3bfAC6f4978700dF824B1B3d98e889136,0.001254,-2.35,0.0573770491803278,44735.44,103500.43,h1
2026-09-09T10:17:00+00:00,STONKLESS/SOL,Useless Stonk,solana,pumpswap,9525ige2FAfDCmv71pe5v3dL11fDHiFoczQpevVJsHNk,8epBCVHVZHdiAYweM9vAF57ngKtGVLC9k7oRTh2pump,2.401e-06,-1.79,0.0,1.31,2875.05,h1
2026-09-09T10:17:00+00:00,ZMOLE/SOL,Anonymous Mole,solana,pumpswap,HacLsF6U4xze6v9G3xWGbNUrkYn4LVSbSBb9MNZTKVbc,G3ekAiYvD3KKyKK2JuWhp9vCQHPRGeHpRjVbMfrnpump,2.116e-06,0.0,0.0,0.0,2294.21,h1
2026-09-09T10:17:00+00:00,MSFT/SOL,Meme Solana Feline Token,solana,pumpswap,C3hbHDcL3RWkjSc1DMFZ4d3Tcvg7zmwQNtgUftWsemP7,28ZHuzqJwtg97KhJzuUwypC82vMCKuZa629FaCmrpump,2.753e-06,0.0,0.0,0.0,3021.08,h1
2026-09-09T10:17:00+00:00,HOODINU/ETH,HOODINU,robinhood,uniswap,0x862b483a5f18bbb3adcf52c355843e365e8f29146e6d53da0424dcb8b2c58710,0xcf5A2d4562162D06c19770a23e7a28cEeFEccB57,1.266e-05,-7.85,-0.4545454545454545,236.62,10403.55,h1
2026-09-09T10:17:00+00:00,GI/GLD,Golden Inu,robinhood,uniswap,0xc844f72079afb36a756c03a602b78021c348d616aed3200aa3089c3ae0b07338,0x97C59c0a7eAe72592EE5Ae13fd2057C7BAd7F0D9,6.897e-06,5.12,-0.1111111111111111,133.32,7546.97,h1
2026-09-09T10:17:00+00:00,🖖/ETH,Live Long and Prosper,robinhood,uniswap,0x7984c52395b29e7c3274c5b032463c64dbba4252983dc6d6f1aa5b16b72d3887,0x1B2f48fcecAA15e56D335d185BEdCfEa2321cC89,3.222e-06,-4.53,-1.0,48.71,5250.36,h1
2026-09-09T10:17:00+00:00,DOWBONES/SOL,Dow Bones,solana,pumpswap,7r6pSAKVgyU2rA9EN3V4Udu6fM7dx1RuznubCuRSvnDy,9nQ19kEKYcmtSHZA9hEgxXBkEAGAotgXQFJFBFgUpump,4.847e-06,-1.87,-1.0,0.09,4689.69,h1
2026-09-09T10:17:00+00:00,StockPad/SOL,StockPad,solana,pumpswap,waRESUMW1ouD9tWpqGmA95FAdhCsaunySm58jhsXUNd,uKGvgmqwwRbtMVu4WmwDNYGuXnYdfScNZ8FUVvXpump,2.428e-06,-1.15,-1.0,0.6,2614.54,h1
2026-09-09T10:17:00+00:00,Nascat/SOL,Nascat,solana,pumpswap,CbnZjJNVRifbhoACMxmpVX5jzBSkt1kD3Kc9xyADrSaC,9e2g754kYeUjNuLkPuZUbUxyYwNhCr9iaKDPJbphpump,2.275e-06,0.76,-1.0,5.9,2435.27,h1
2026-09-09T10:17:00+00:00,MAD/ETH,MAD,robinhood,uniswap,0x9fdf3390bcc0edab9f215e990412556d10343f7e248c86c5e65f2b7d9a99c66c,0xB818ddFA44aAd2157B0F7058AEbcb52D4733d4c4,7.977e-05,51.01,0.1337579617834395,14974.43,26104.63,h1
2026-09-09T10:24:00+00:00,ASHIBA/NVDA,Artificial Shiba,robinhood,uniswap,0xa30e9ffea11b045fe04b5cbf3d5df8123f55ae855b4927bf366f00539ccfb642,0x25cd2901B6d16cB33185E7667F984dbc35BcF354,0.0005292,-15.53,0.2897196261682243,21912.49,63596.79,h1
2026-09-09T10:24:00+00:00,AICAT /SOL,Artificial Cat,solana,pumpswap,6VGrVZyDdMa7KSpTD53W1H74EgBCnAXrTjLjXD1mRzB7,FCLgsb8utgpPivdhrfHBpkqsns3ki9e9nhXbtEbEpump,5.727e-05,-17.51,0.0300339514233481,7540.78,19151.95,h1
2026-09-09T10:24:00+00:00,INTC/SOL,Intel Cat,solana,pumpswap,2WRwVq46rzppjYiVKwNPdeuo38PjtetaYrmhVRQLqLzU,5cNaeFkSqLGVE3BJufKVAzJtxkH2zHhKu3Ao7PCipump,2.208e-06,-0.35,1.0,7.9,2486.29,h1
2026-09-09T10:24:00+00:00,NYSEDOG/SOL,NYSEDOG,solana,pumpswap,CBPfZZUJpDPNwXrZ4U8hPinUmzetwcW2ju85vi6Az3P4,ALBMTj6ZL8AUVo1GTk9F2qeHm1qTfJKu8LMXFe7Cpump,2.327e-06,-0.33,1.0,4.84,2712.0,h1
2026-09-09T10:24:00+00:00,HAPPYCAT/SOL,HAPPY CAT,solana,pumpswap,5XzeHr4a6se71mseBDSoZRmHH5SHnUJpbN2A6a9jS5oA,HtqYi2DcSbmCRu2UUAZUuhERimKoWRqUfqA8j8Popump,3.908e-06,2.1,1.0,36.29,4315.31,h1
2026-09-09T10:24:00+00:00,RECEIPT/ETH,RECEIPT,robinhood,uniswap,0xab43aa8870ba31a89d744dc53136fc6835eb0f2dd319995bcefcd2fe2463b6c0,0xb97D9e5Ad6244d27588Fe0A624A8C78E512934eE,0.001267,-12.89,0.0678733031674208,46357.41,104065.04,h1
2026-09-09T10:24:00+00:00,TRADOOR/ETH,THE TRADOOR,robinhood,uniswap,0x1f530519f99592beaa1683fd25d8c558964115b9a3b2020513e8f46cfec17447,0xb47efCc461d3CD6b270dAf15388A77a3fAe64AD1,0.0001583,-15.71,-0.2811387900355871,14318.95,36776.6,h1
2026-09-09T10:24:00+00:00,STONKSZN/SOL,Stonk Season,solana,pumpswap,FETxroCPWbKJNiuS4F3xCzy33jxHRYV8zE8kzf74RWUR,HQSXsxD2BhpA8v21TwTjv6Tbkr8yYH3B8RkGS1Bspump,0.0005585,7.08,0.1972832096035381,94277.14,65322.64,h1
2026-09-09T10:24:00+00:00,CRUMBS/ETH,Crumbs,robinhood,uniswap,0x25e53c08633b9474f3491e4c6abeb6fa6210f8d5c122931679aa498aeab0ed09,0x80bAa4b3bfAC6f4978700dF824B1B3d98e889136,0.001204,-7.05,0.0194552529182879,43695.47,101440.78,h1
2026-09-09T10:24:00+00:00,MEMELESS/SOL,memes are useless,solana,pumpswap,3PoVk6PJCj1xDZBVcYLpbDUJx5aGeE6T54jhUdtqxVG9,3hyoQKfyQyg1HpxFkvqn5q1Sqt7LqmihF7c4UNBdpump,2.312e-06,-1.9,0.1111111111111111,44.88,2502.59,h1
2026-09-09T10:24:00+00:00,HOODINU/ETH,HOODINU,robinhood,uniswap,0x862b483a5f18bbb3adcf52c355843e365e8f29146e6d53da0424dcb8b2c58710,0xcf5A2d4562162D06c19770a23e7a28cEeFEccB57,1.234e-05,-5.69,-0.0909090909090909,205.44,10263.63,h1
2026-09-09T10:24:00+00:00,STONKLESS/SOL,Useless Stonk,solana,pumpswap,9525ige2FAfDCmv71pe5v3dL11fDHiFoczQpevVJsHNk,8epBCVHVZHdiAYweM9vAF57ngKtGVLC9k7oRTh2pump,2.401e-06,-1.79,0.0,1.31,2875.05,h1
2026-09-09T10:24:00+00:00,Nascat/SOL,Nascat,solana,pumpswap,CbnZjJNVRifbhoACMxmpVX5jzBSkt1kD3Kc9xyADrSaC,9e2g754kYeUjNuLkPuZUbUxyYwNhCr9iaKDPJbphpump,2.275e-06,0.0,0.0,0.0,2435.27,h1
2026-09-09T10:24:00+00:00,MSFT/SOL,Meme Solana Feline Token,solana,pumpswap,C3hbHDcL3RWkjSc1DMFZ4d3Tcvg7zmwQNtgUftWsemP7,28ZHuzqJwtg97KhJzuUwypC82vMCKuZa629FaCmrpump,2.753e-06,0.0,0.0,0.0,3021.08,h1
2026-09-09T10:24:00+00:00,ZMOLE/SOL,Anonymous Mole,solana,pumpswap,HacLsF6U4xze6v9G3xWGbNUrkYn4LVSbSBb9MNZTKVbc,G3ekAiYvD3KKyKK2JuWhp9vCQHPRGeHpRjVbMfrnpump,2.116e-06,0.0,0.0,0.0,2294.21,h1
2026-09-09T10:24:00+00:00,GI/GLD,Golden Inu,robinhood,uniswap,0xc844f72079afb36a756c03a602b78021c348d616aed3200aa3089c3ae0b07338,0x97C59c0a7eAe72592EE5Ae13fd2057C7BAd7F0D9,6.897e-06,5.12,-0.1111111111111111,133.32,7546.97,h1
2026-09-09T10:24:00+00:00,🖖/ETH,Live Long and Prosper,robinhood,uniswap,0x7984c52395b29e7c3274c5b032463c64dbba4252983dc6d6f1aa5b16b72d3887,0x1B2f48fcecAA15e56D335d185BEdCfEa2321cC89,3.222e-06,-4.53,-1.0,48.71,5250.36,h1
2026-09-09T10:24:00+00:00,DOWBONES/SOL,Dow Bones,solana,pumpswap,7r6pSAKVgyU2rA9EN3V4Udu6fM7dx1RuznubCuRSvnDy,9nQ19kEKYcmtSHZA9hEgxXBkEAGAotgXQFJFBFgUpump,4.847e-06,-1.87,-1.0,0.09,4689.69,h1
2026-09-09T10:24:00+00:00,StockPad/SOL,StockPad,solana,pumpswap,waRESUMW1ouD9tWpqGmA95FAdhCsaunySm58jhsXUNd,uKGvgmqwwRbtMVu4WmwDNYGuXnYdfScNZ8FUVvXpump,2.428e-06,-0.72,-1.0,1.3,2614.85,h1
2026-09-09T10:24:00+00:00,MAD/ETH,MAD,robinhood,uniswap,0x9fdf3390bcc0edab9f215e990412556d10343f7e248c86c5e65f2b7d9a99c66c,0xB818ddFA44aAd2157B0F7058AEbcb52D4733d4c4,8.347e-05,47.88,0.1341463414634146,15343.2,26706.0,h1
2026-09-18T14:13:00+00:00,AD/ETH,Artificial Doge,robinhood,uniswap,0x2a4e49b6f4026be2d9c4cc273f389d986256e27b18950a8967d1daa095b27978,0x63FFd4aA844f4BEFCee1B4606E467D1D209A926B,0.001165,-29.05,0.0578158458244111,121428.72,84458.13,h1
2026-09-18T14:13:00+00:00,Tilcayo/ETH,Leopardus tilcayo,robinhood,uniswap,0x4fe598d61dd0fbb87d5f428b46c95d4573db1436f5380339b264932e5f1877d9,0xFEBd45E28932514Ee9658b21a443004f49d6526A,3.076e-06,0.41,1.0,0.99,5144.19,h1
2026-09-18T14:13:00+00:00,niggacat/SOL,Nigga Cat,solana,pumpswap,2smWBvdQhevyeYBG2A9uabGSgG5TVPsZKKAtfmTdZ8ec,6BkJT2Dq8FwqwZmwzSLnADoaKaFKjBad25795nGBpump,9.106e-05,-7.16,0.1585760517799352,28889.43,25202.11,h1
2026-09-18T14:13:00+00:00,PERK/SOL,perk.money,solana,pumpswap,Bt3X28mcx4EAYwiRNdepCdUg42LF7fa1SQMrgkPVivMu,7qVyANei9jYf173z4FBKcmKp3nXDDBKiXAWh7aT2perk,0.0008507,-13.43,0.2909090909090909,106126.81,93487.09,h1
2026-09-18T14:13:00+00:00,PAIDCAT/SOL,PAIDCAT,solana,pumpswap,83X1pyFkuh2QEaKzeYeaKW5nhJiSkFfVqVUTgeQE2iAd,9n8rBV1L917EUSVDa9KTX2uMxvPfKZxLLtwKnYs8pump,5.573e-05,-13.93,0.2142857142857142,9931.3,20737.3,h1
2026-09-18T14:13:00+00:00,ANT/WBTC,ANTMINER,solana,raydium,EeEpwco5SmoqorYeoxcYuhLR9bWo3HovH1FzfEq8UZjN,5EpyCB2dhxpBtm4B7Ff51FguE14WEzPrFTuXbRh86ssD,0.0003165,16.57,0.2621359223300971,7890.15,48847.82,h1
2026-09-18T14:13:00+00:00,MONX/ETH,MonX,robinhood,uniswap,0x51c98ad80350006b51f471526252f2365920414538a7bcdfbc99c3fe0a4ce6e3,0x32Ae3A4C771Ba87A4960F934FFD34de250481E9b,5.246e-06,-28.03,-0.3703703703703703,1061.3,6789.72,h1
2026-09-18T14:13:00+00:00,CATEZ/SOL,Cateonymous,solana,pumpfun,6vCeymfFyiZZ5ug87F4Utjg17VrMJJSzsE8QAMde1bmc,N1S5qDM5sEdXbg4afRvVQcXPxffLsQGRW1xhM8byqQe,3.017e-05,13.29,0.2242990654205607,6576.38,0.0,h1
2026-09-18T14:13:00+00:00,WORM/PLTR,Agent Wormhole,robinhood,uniswap,0xf49ee5b66c4e7163026e5d25e6a1f93cff46dca4d3752f712d181d9392c1d567,0x3bA500F1AbabbCF0F0247D06D1c56Fd7E6C4c09D,0.00593,-4.7,-0.0818505338078291,51172.8,199124.85,h1
2026-09-18T14:13:00+00:00,SKELLY/ETH,Skelly,robinhood,uniswap,0x8fcfdac854715b6c49e18ec73a84c4b3d63e834cb2aa784d8626db27f1155446,0x87022254d364f2B2b8e1974232b6B4Ee605d770E,5.117e-05,-14.06,-0.0958904109589041,2434.41,21205.65,h1
2026-09-18T14:13:00+00:00,DPONS/ETH,Diamond Pons,robinhood,uniswap,0xb6def6d637789005292efddbf739a2c39b522f95b12279bbe68317f140c551e9,0x0E6D1eBb33F3b8f2D09Bacf3b1A1d5C581110C33,0.0002367,4.26,0.0377358490566037,17659.69,36029.58,h1
2026-09-18T14:13:00+00:00,HOPIUM/USDC,Hopium,arc,uniswap,0x4b24b65253e16886fedf4f2c4c70a18b37b58d3ae41a69fe970f7d674cb81bb0,0x9328D6EB99158551400F2AfE402836e1D6fd6120,0.0002189,23.06,0.3333333333333333,6880.59,46420.82,h1
2026-09-18T14:13:00+00:00,GNOME/GP,Gnome Child,solana,raydium,7HeQ9A8DcT5jBsx1rCeT7VZhLEgNaqKYevnxR5iLdjgR,GCjgZ2X4XmSrLX7SVuiAVkA3c1ptXdtWiVQN4u1P9GeR,0.0003906,8.22,0.1351351351351351,5981.54,69248.76,h1
2026-09-18T14:13:00+00:00,VOLT/WETH,Volt Inu,robinhood,uniswap,0x02d356AcD227E12A9573F0499f133c6e3B0AF1C9,0x5d102d1E69E77591D486aa4f663B3645151BBdf6,0.003097,2.6,0.0526315789473684,880.44,171038.39,h1
2026-09-18T14:13:00+00:00,TRENDS/SOL,Trends,solana,meteora,HBHCoPE5qM7JjVppXsdRejZtqg8YDw1PMZRypiQgJkY7,3W3K5i4T2vARM1UzJHh48dw4uNhjtg3Wk8GS2inmNUZV,0.0006628,-7.48,-0.25,14523.78,71973.26,h1
2026-09-18T14:13:00+00:00,TCAT/TAO,Artificial Cat,solana,raydium,BtKFCWBQ3T16saR8pN4hkEuhLV2s7Vo65oBqvF7eEZSz,BifUDWQFpbTrSxYXBnqCpAVYgcyQGzHzJk2MDmeM2Gyv,0.0007738,30.37,0.2037037037037037,3030.65,91295.97,h1
2026-09-18T14:13:00+00:00,MOONSHOT/SOL,MOONSHOT,solana,pumpswap,8rLmob9fFkTb3UDDieVqPpvdUdWJ5JpL52nQd6yBjeEk,73nBoTeEAJAWaNP8ayTDUZbx6ag3JcHm4CPxGi8Tpump,3.521e-06,56.38,1.0,510.48,3620.51,h1
2026-09-18T14:13:00+00:00,CHUMP/WETH,Chump Coin,robinhood,uniswap,0x714442e9A611f8561A7dF108D6d925132937cFb8,0x0E0d2C89a5a019FE1cF762e5e33187631DACC21B,0.03193,19.39,-0.3333333333333333,158097.11,1087281.72,h1
2026-09-18T14:13:00+00:00,PCAT/SOL,Phantom Cat,solana,pumpswap,GVjvA5pTgSpHLYk3H6dGjV5uxSK8GZKqccpUatqq3ZJ5,8BBNS7hURKU4whJ9L7BpjnAR8n9bKFiPA4ZKcYs76qHu,4.567e-06,0.04,-0.625,88.48,4224.51,h1
2026-09-18T14:13:00+00:00,catwifout/SOL,catwifout,solana,pumpswap,GF5KiRvxGZ9ermv4A8cMaeHr1cCW6HwhSux8WN1Eyv4i,5cT9mMKGwJP42xdgwSxu9zsYCScCXqwpq49GfQoXpump,2.63e-06,0.21,-1.0,16.1,3135.53,h1
2026-09-18T14:15:00+00:00,PAIDCAT/SOL,PAIDCAT,solana,pumpswap,83X1pyFkuh2QEaKzeYeaKW5nhJiSkFfVqVUTgeQE2iAd,9n8rBV1L917EUSVDa9KTX2uMxvPfKZxLLtwKnYs8pump,2.179e-05,-66.39,0.2013888888888889,10265.46,13971.26,h1
2026-09-18T14:15:00+00:00,AD/ETH,Artificial Doge,robinhood,uniswap,0x2a4e49b6f4026be2d9c4cc273f389d986256e27b18950a8967d1daa095b27978,0x63FFd4aA844f4BEFCee1B4606E467D1D209A926B,0.001187,-25.35,0.0575692963752665,118167.43,85175.45,h1
2026-09-18T14:15:00+00:00,Tilcayo/ETH,Leopardus tilcayo,robinhood,uniswap,0x4fe598d61dd0fbb87d5f428b46c95d4573db1436f5380339b264932e5f1877d9,0xFEBd45E28932514Ee9658b21a443004f49d6526A,3.076e-06,0.41,1.0,0.99,5144.19,h1
2026-09-18T14:15:00+00:00,niggacat/SOL,Nigga Cat,solana,pumpswap,2smWBvdQhevyeYBG2A9uabGSgG5TVPsZKKAtfmTdZ8ec,6BkJT2Dq8FwqwZmwzSLnADoaKaFKjBad25795nGBpump,9.013e-05,-6.49,0.1674796747967479,28726.97,25063.38,h1
2026-09-18T14:15:00+00:00,PERK/SOL,perk.money,solana,pumpswap,Bt3X28mcx4EAYwiRNdepCdUg42LF7fa1SQMrgkPVivMu,7qVyANei9jYf173z4FBKcmKp3nXDDBKiXAWh7aT2perk,0.0008564,-15.47,0.3010664479081214,104945.96,94057.38,h1
2026-09-18T14:15:00+00:00,ANT/WBTC,ANTMINER,solana,raydium,EeEpwco5SmoqorYeoxcYuhLR9bWo3HovH1FzfEq8UZjN,5EpyCB2dhxpBtm4B7Ff51FguE14WEzPrFTuXbRh86ssD,0.0003144,15.81,0.2869565217391304,8066.49,48685.74,h1
2026-09-18T14:15:00+00:00,CATEZ/SOL,Cateonymous,solana,pumpfun,6vCeymfFyiZZ5ug87F4Utjg17VrMJJSzsE8QAMde1bmc,N1S5qDM5sEdXbg4afRvVQcXPxffLsQGRW1xhM8byqQe,2.977e-05,11.53,0.1963470319634703,6671.76,0.0,h1
2026-09-18T14:15:00+00:00,HOPIUM/USDC,Hopium,arc,uniswap,0x4b24b65253e16886fedf4f2c4c70a18b37b58d3ae41a69fe970f7d674cb81bb0,0x9328D6EB99158551400F2AfE402836e1D6fd6120,0.0002189,23.06,0.3333333333333333,6880.59,46420.82,h1
2026-09-18T14:15:00+00:00,SKELLY/ETH,Skelly,robinhood,uniswap,0x8fcfdac854715b6c49e18ec73a84c4b3d63e834cb2aa784d8626db27f1155446,0x87022254d364f2B2b8e1974232b6B4Ee605d770E,5.117e-05,-13.76,-0.0704225352112676,2419.47,21205.65,h1
2026-09-18T14:15:00+00:00,MONX/ETH,MonX,robinhood,uniswap,0x51c98ad80350006b51f471526252f2365920414538a7bcdfbc99c3fe0a4ce6e3,0x32Ae3A4C771Ba87A4960F934FFD34de250481E9b,5.236e-06,-27.6,-0.3725490196078431,1037.99,6783.45,h1
2026-09-18T14:15:00+00:00,GNOME/GP,Gnome Child,solana,raydium,7HeQ9A8DcT5jBsx1rCeT7VZhLEgNaqKYevnxR5iLdjgR,GCjgZ2X4XmSrLX7SVuiAVkA3c1ptXdtWiVQN4u1P9GeR,0.0003906,7.08,0.1111111111111111,5976.6,69248.76,h1
2026-09-18T14:15:00+00:00,VOLT/WETH,Volt Inu,robinhood,uniswap,0x02d356AcD227E12A9573F0499f133c6e3B0AF1C9,0x5d102d1E69E77591D486aa4f663B3645151BBdf6,0.003097,2.6,0.0526315789473684,880.44,171038.39,h1
2026-09-18T14:15:00+00:00,WORM/PLTR,Agent Wormhole,robinhood,uniswap,0xf49ee5b66c4e7163026e5d25e6a1f93cff46dca4d3752f712d181d9392c1d567,0x3bA500F1AbabbCF0F0247D06D1c56Fd7E6C4c09D,0.005924,5.58,-0.1147540983606557,39478.94,199026.63,h1
2026-09-18T14:15:00+00:00,TRENDS/SOL,Trends,solana,meteora,HBHCoPE5qM7JjVppXsdRejZtqg8YDw1PMZRypiQgJkY7,3W3K5i4T2vARM1UzJHh48dw4uNhjtg3Wk8GS2inmNUZV,0.0006611,-7.5,-0.2203389830508474,14481.45,71943.17,h1
2026-09-18T14:15:00+00:00,DPONS/ETH,Diamond Pons,robinhood,uniswap,0xb6def6d637789005292efddbf739a2c39b522f95b12279bbe68317f140c551e9,0x0E6D1eBb33F3b8f2D09Bacf3b1A1d5C581110C33,0.0002477,16.23,0.0348623853211009,17457.97,36821.17,h1
2026-09-18T14:15:00+00:00,MOONSHOT/SOL,MOONSHOT,solana,pumpswap,8rLmob9fFkTb3UDDieVqPpvdUdWJ5JpL52nQd6yBjeEk,73nBoTeEAJAWaNP8ayTDUZbx6ag3JcHm4CPxGi8Tpump,3.521e-06,56.38,1.0,510.48,3620.51,h1
2026-09-18T14:15:00+00:00,TCAT/TAO,Artificial Cat,solana,raydium,BtKFCWBQ3T16saR8pN4hkEuhLV2s7Vo65oBqvF7eEZSz,BifUDWQFpbTrSxYXBnqCpAVYgcyQGzHzJk2MDmeM2Gyv,0.0007793,31.28,0.2252252252252252,3217.67,91622.74,h1
2026-09-18T14:15:00+00:00,CHUMP/WETH,Chump Coin,robinhood,uniswap,0x714442e9A611f8561A7dF108D6d925132937cFb8,0x0E0d2C89a5a019FE1cF762e5e33187631DACC21B,0.03188,16.27,-0.3413173652694611,148095.46,1085414.17,h1
2026-09-18T14:15:00+00:00,PCAT/SOL,Phantom Cat,solana,pumpswap,GVjvA5pTgSpHLYk3H6dGjV5uxSK8GZKqccpUatqq3ZJ5,8BBNS7hURKU4whJ9L7BpjnAR8n9bKFiPA4ZKcYs76qHu,4.567e-06,-0.1,-0.6,87.37,4224.51,h1
2026-09-18T14:15:00+00:00,catwifout/SOL,catwifout,solana,pumpswap,GF5KiRvxGZ9ermv4A8cMaeHr1cCW6HwhSux8WN1Eyv4i,5cT9mMKGwJP42xdgwSxu9zsYCScCXqwpq49GfQoXpump,2.63e-06,0.21,-1.0,16.1,3135.53,h1
2026-09-18T15:31:00+00:00,PERK/SOL,perk.money,solana,pumpswap,Bt3X28mcx4EAYwiRNdepCdUg42LF7fa1SQMrgkPVivMu,7qVyANei9jYf173z4FBKcmKp3nXDDBKiXAWh7aT2perk,0.0001284,-84.05,0.1844018506278916,261616.86,35803.01,h1
2026-09-18T15:31:00+00:00,GNOME/GP,Gnome Child,solana,raydium,7HeQ9A8DcT5jBsx1rCeT7VZhLEgNaqKYevnxR5iLdjgR,GCjgZ2X4XmSrLX7SVuiAVkA3c1ptXdtWiVQN4u1P9GeR,0.000357,-19.01,0.2903225806451613,11076.05,64188.74,h1
2026-09-18T15:31:00+00:00,MOONSHOT/SOL,MOONSHOT,solana,pumpswap,8rLmob9fFkTb3UDDieVqPpvdUdWJ5JpL52nQd6yBjeEk,73nBoTeEAJAWaNP8ayTDUZbx6ag3JcHm4CPxGi8Tpump,3.607e-06,-1.7,0.7647058823529411,311.38,3707.82,h1
2026-09-18T15:31:00+00:00,HOPIUM/USDC,Hopium,arc,uniswap,0x4b24b65253e16886fedf4f2c4c70a18b37b58d3ae41a69fe970f7d674cb81bb0,0x9328D6EB99158551400F2AfE402836e1D6fd6120,0.0002029,-13.08,0.1428571428571428,6577.72,44596.05,h1
2026-09-18T15:31:00+00:00,DPONS/ETH,Diamond Pons,robinhood,uniswap,0xb6def6d637789005292efddbf739a2c39b522f95b12279bbe68317f140c551e9,0x0E6D1eBb33F3b8f2D09Bacf3b1A1d5C581110C33,0.0002259,-19.89,0.0598290598290598,21201.3,35367.16,h1
2026-09-18T15:31:00+00:00,ANT/WBTC,ANTMINER,solana,raydium,EeEpwco5SmoqorYeoxcYuhLR9bWo3HovH1FzfEq8UZjN,5EpyCB2dhxpBtm4B7Ff51FguE14WEzPrFTuXbRh86ssD,0.000333,1.91,0.3793103448275862,2808.51,50313.61,h1
2026-09-18T15:31:00+00:00,niggacat/SOL,Nigga Cat,solana,pumpswap,2smWBvdQhevyeYBG2A9uabGSgG5TVPsZKKAtfmTdZ8ec,6BkJT2Dq8FwqwZmwzSLnADoaKaFKjBad25795nGBpump,0.000105,-3.34,0.2156862745098039,16265.78,27501.36,h1
2026-09-18T15:31:00+00:00,AD/ETH,Artificial Doge,robinhood,uniswap,0x2a4e49b6f4026be2d9c4cc273f389d986256e27b18950a8967d1daa095b27978,0x63FFd4aA844f4BEFCee1B4606E467D1D209A926B,0.0009013,1.44,0.1299093655589124,124801.57,74728.68,h1
2026-09-18T15:31:00+00:00,Tilcayo/ETH,Leopardus tilcayo,robinhood,uniswap,0x4fe598d61dd0fbb87d5f428b46c95d4573db1436f5380339b264932e5f1877d9,0xFEBd45E28932514Ee9658b21a443004f49d6526A,3.21e-06,-0.3,0.3333333333333333,7.58,5319.93,h1
2026-09-18T15:31:00+00:00,PAIDCAT/SOL,PAIDCAT,solana,pumpswap,83X1pyFkuh2QEaKzeYeaKW5nhJiSkFfVqVUTgeQE2iAd,9n8rBV1L917EUSVDa9KTX2uMxvPfKZxLLtwKnYs8pump,4.739e-05,-25.26,-0.1337579617834395,4607.16,19150.16,h1
2026-09-18T15:31:00+00:00,WORM/PLTR,Agent Wormhole,robinhood,uniswap,0xf49ee5b66c4e7163026e5d25e6a1f93cff46dca4d3752f712d181d9392c1d567,0x3bA500F1AbabbCF0F0247D06D1c56Fd7E6C4c09D,0.004547,1.33,0.0082304526748971,90048.17,174380.0,h1
2026-09-18T15:31:00+00:00,VOLT/WETH,Volt Inu,robinhood,uniswap,0x02d356AcD227E12A9573F0499f133c6e3B0AF1C9,0x5d102d1E69E77591D486aa4f663B3645151BBdf6,0.00324,0.51,0.2307692307692307,2153.81,175551.66,h1
2026-09-18T15:31:00+00:00,TCAT/TAO,Artificial Cat,solana,raydium,BtKFCWBQ3T16saR8pN4hkEuhLV2s7Vo65oBqvF7eEZSz,BifUDWQFpbTrSxYXBnqCpAVYgcyQGzHzJk2MDmeM2Gyv,0.0005239,2.3,0.0701754385964912,2781.63,62634.38,h1
2026-09-18T15:31:00+00:00,CATEZ/SOL,Cateonymous,solana,pumpfun,6vCeymfFyiZZ5ug87F4Utjg17VrMJJSzsE8QAMde1bmc,N1S5qDM5sEdXbg4afRvVQcXPxffLsQGRW1xhM8byqQe,3.047e-05,3.03,-0.056,8049.99,0.0,h1
2026-09-18T15:31:00+00:00,SKELLY/ETH,Skelly,robinhood,uniswap,0x8fcfdac854715b6c49e18ec73a84c4b3d63e834cb2aa784d8626db27f1155446,0x87022254d364f2B2b8e1974232b6B4Ee605d770E,4.434e-05,0.85,0.0689655172413793,2503.37,19833.92,h1
2026-09-18T15:31:00+00:00,TRENDS/SOL,Trends,solana,meteora,HBHCoPE5qM7JjVppXsdRejZtqg8YDw1PMZRypiQgJkY7,3W3K5i4T2vARM1UzJHh48dw4uNhjtg3Wk8GS2inmNUZV,0.0007305,18.31,0.1962616822429906,25922.5,76205.85,h1
2026-09-18T15:31:00+00:00,MONX/ETH,MonX,robinhood,uniswap,0x51c98ad80350006b51f471526252f2365920414538a7bcdfbc99c3fe0a4ce6e3,0x32Ae3A4C771Ba87A4960F934FFD34de250481E9b,5.583e-06,7.37,0.0,593.79,7027.7,h1
2026-09-18T15:31:00+00:00,PCAT/SOL,Phantom Cat,solana,pumpswap,GVjvA5pTgSpHLYk3H6dGjV5uxSK8GZKqccpUatqq3ZJ5,8BBNS7hURKU4whJ9L7BpjnAR8n9bKFiPA4ZKcYs76qHu,4.38e-06,-7.55,-0.4,179.03,4118.71,h1
2026-09-18T15:31:00+00:00,CHUMP/WETH,Chump Coin,robinhood,uniswap,0x714442e9A611f8561A7dF108D6d925132937cFb8,0x0E0d2C89a5a019FE1cF762e5e33187631DACC21B,0.03185,3.37,-0.4878048780487805,71981.56,1075030.87,h1
2026-09-18T15:31:00+00:00,catwifout/SOL,catwifout,solana,pumpswap,GF5KiRvxGZ9ermv4A8cMaeHr1cCW6HwhSux8WN1Eyv4i,5cT9mMKGwJP42xdgwSxu9zsYCScCXqwpq49GfQoXpump,2.656e-06,1.0,-1.0,0.03,3167.18,h1
2026-09-18T15:51:00+00:00,PERK/SOL,perk.money,solana,pumpswap,Bt3X28mcx4EAYwiRNdepCdUg42LF7fa1SQMrgkPVivMu,7qVyANei9jYf173z4FBKcmKp3nXDDBKiXAWh7aT2perk,0.0001497,-76.89,0.1804724409448818,258819.75,38965.86,h1
2026-09-18T15:51:00+00:00,MOONSHOT/SOL,MOONSHOT,solana,pumpswap,8rLmob9fFkTb3UDDieVqPpvdUdWJ5JpL52nQd6yBjeEk,73nBoTeEAJAWaNP8ayTDUZbx6ag3JcHm4CPxGi8Tpump,2.841e-06,-25.6,0.6842105263157895,768.77,3089.22,h1
2026-09-18T15:51:00+00:00,GNOME/GP,Gnome Child,solana,raydium,7HeQ9A8DcT5jBsx1rCeT7VZhLEgNaqKYevnxR5iLdjgR,GCjgZ2X4XmSrLX7SVuiAVkA3c1ptXdtWiVQN4u1P9GeR,0.0004514,-1.22,0.4455445544554455,19997.25,70327.81,h1
2026-09-18T15:51:00+00:00,VOLT/WETH,Volt Inu,robinhood,uniswap,0x02d356AcD227E12A9573F0499f133c6e3B0AF1C9,0x5d102d1E69E77591D486aa4f663B3645151BBdf6,0.003243,0.85,0.4285714285714285,2011.55,175542.16,h1
2026-09-18T15:51:00+00:00,DPONS/ETH,Diamond Pons,robinhood,uniswap,0xb6def6d637789005292efddbf739a2c39b522f95b12279bbe68317f140c551e9,0x0E6D1eBb33F3b8f2D09Bacf3b1A1d5C581110C33,0.0002413,-8.38,0.0443159922928709,22097.68,36473.74,h1
2026-09-18T15:51:00+00:00,CATEZ/SOL,Cateonymous,solana,pumpfun,6vCeymfFyiZZ5ug87F4Utjg17VrMJJSzsE8QAMde1bmc,N1S5qDM5sEdXbg4afRvVQcXPxffLsQGRW1xhM8byqQe,2.971e-05,-2.69,-0.0165289256198347,8413.26,0.0,h1
2026-09-18T15:51:00+00:00,TRENDS/SOL,Trends,solana,meteora,HBHCoPE5qM7JjVppXsdRejZtqg8YDw1PMZRypiQgJkY7,3W3K5i4T2vARM1UzJHh48dw4uNhjtg3Wk8GS2inmNUZV,0.0008148,4.37,0.2783505154639175,20062.78,80487.14,h1
2026-09-18T15:51:00+00:00,PAIDCAT/SOL,PAIDCAT,solana,pumpswap,83X1pyFkuh2QEaKzeYeaKW5nhJiSkFfVqVUTgeQE2iAd,9n8rBV1L917EUSVDa9KTX2uMxvPfKZxLLtwKnYs8pump,5.095e-05,-18.98,-0.0649350649350649,4516.88,19925.15,h1
2026-09-18T15:51:00+00:00,TCAT/TAO,Artificial Cat,solana,raydium,BtKFCWBQ3T16saR8pN4hkEuhLV2s7Vo65oBqvF7eEZSz,BifUDWQFpbTrSxYXBnqCpAVYgcyQGzHzJk2MDmeM2Gyv,0.0005252,-0.26,0.0,2734.05,62566.73,h1
2026-09-18T15:51:00+00:00,AD/ETH,Artificial Doge,robinhood,uniswap,0x2a4e49b6f4026be2d9c4cc273f389d986256e27b18950a8967d1daa095b27978,0x63FFd4aA844f4BEFCee1B4606E467D1D209A926B,0.0008391,24.14,0.1666666666666666,98528.66,72014.82,h1
2026-09-18T15:51:00+00:00,niggacat/SOL,Nigga Cat,solana,pumpswap,2smWBvdQhevyeYBG2A9uabGSgG5TVPsZKKAtfmTdZ8ec,6BkJT2Dq8FwqwZmwzSLnADoaKaFKjBad25795nGBpump,0.000116,28.12,0.2589073634204275,16083.66,29047.97,h1
2026-09-18T15:51:00+00:00,WORM/PLTR,Agent Wormhole,robinhood,uniswap,0xf49ee5b66c4e7163026e5d25e6a1f93cff46dca4d3752f712d181d9392c1d567,0x3bA500F1AbabbCF0F0247D06D1c56Fd7E6C4c09D,0.005517,15.78,0.0064516129032258,92305.24,192089.75,h1
2026-09-18T15:51:00+00:00,HOPIUM/USDC,Hopium,arc,uniswap,0x4b24b65253e16886fedf4f2c4c70a18b37b58d3ae41a69fe970f7d674cb81bb0,0x9328D6EB99158551400F2AfE402836e1D6fd6120,0.0002025,-24.6,-0.5294117647058824,4774.65,44548.69,h1
2026-09-18T15:51:00+00:00,Tilcayo/ETH,Leopardus tilcayo,robinhood,uniswap,0x4fe598d61dd0fbb87d5f428b46c95d4573db1436f5380339b264932e5f1877d9,0xFEBd45E28932514Ee9658b21a443004f49d6526A,3.16e-06,-1.86,0.0,37.08,5295.34,h1
2026-09-18T15:51:00+00:00,catwifout/SOL,catwifout,solana,pumpswap,GF5KiRvxGZ9ermv4A8cMaeHr1cCW6HwhSux8WN1Eyv4i,5cT9mMKGwJP42xdgwSxu9zsYCScCXqwpq49GfQoXpump,2.656e-06,0.0,0.0,0.0,3167.18,h1
2026-09-18T15:51:00+00:00,ANT/WBTC,ANTMINER,solana,raydium,EeEpwco5SmoqorYeoxcYuhLR9bWo3HovH1FzfEq8UZjN,5EpyCB2dhxpBtm4B7Ff51FguE14WEzPrFTuXbRh86ssD,0.0003262,-8.33,-0.4375,1923.63,49733.96,h1
2026-09-18T15:51:00+00:00,MONX/ETH,MonX,robinhood,uniswap,0x51c98ad80350006b51f471526252f2365920414538a7bcdfbc99c3fe0a4ce6e3,0x32Ae3A4C771Ba87A4960F934FFD34de250481E9b,5.836e-06,-1.87,-0.2413793103448276,753.66,7180.16,h1
2026-09-18T15:51:00+00:00,SKELLY/ETH,Skelly,robinhood,uniswap,0x8fcfdac854715b6c49e18ec73a84c4b3d63e834cb2aa784d8626db27f1155446,0x87022254d364f2B2b8e1974232b6B4Ee605d770E,5.012e-05,21.05,0.032258064516129,2944.51,21047.81,h1
2026-09-18T15:51:00+00:00,CHUMP/WETH,Chump Coin,robinhood,uniswap,0x714442e9A611f8561A7dF108D6d925132937cFb8,0x0E0d2C89a5a019FE1cF762e5e33187631DACC21B,0.03488,13.52,-0.3406593406593406,73213.18,1121398.53,h1
2026-09-18T15:51:00+00:00,PCAT/SOL,Phantom Cat,solana,pumpswap,GVjvA5pTgSpHLYk3H6dGjV5uxSK8GZKqccpUatqq3ZJ5,8BBNS7hURKU4whJ9L7BpjnAR8n9bKFiPA4ZKcYs76qHu,4.167e-06,-7.68,-0.5,141.25,3971.79,h1
2026-09-18T15:56:00+00:00,niggacat/SOL,Nigga Cat,solana,pumpswap,2smWBvdQhevyeYBG2A9uabGSgG5TVPsZKKAtfmTdZ8ec,6BkJT2Dq8FwqwZmwzSLnADoaKaFKjBad25795nGBpump,3.094e-06,-96.97,0.0,27603.98,3117.7,h1
2026-09-18T15:56:00+00:00,PERK/SOL,perk.money,solana,pumpswap,Bt3X28mcx4EAYwiRNdepCdUg42LF7fa1SQMrgkPVivMu,7qVyANei9jYf173z4FBKcmKp3nXDDBKiXAWh7aT2perk,0.0001429,-76.28,0.1808406647116324,244527.05,38014.49,h1
2026-09-18T15:56:00+00:00,MOONSHOT/SOL,MOONSHOT,solana,pumpswap,8rLmob9fFkTb3UDDieVqPpvdUdWJ5JpL52nQd6yBjeEk,73nBoTeEAJAWaNP8ayTDUZbx6ag3JcHm4CPxGi8Tpump,2.841e-06,-25.6,0.6842105263157895,768.77,3089.22,h1
2026-09-18T15:56:00+00:00,SANTACOIN/WETH,SANTAHOOD,robinhood,uniswap,0x3f281AD0B210F92eA5c1565fB6fB14C0936803eA,0x38bb87Cf3E7344A82be7CD671c191f015b97eEe6,0.0005383,-0.27,0.4375,2323.06,83847.85,h1
2026-09-18T15:56:00+00:00,GNOME/GP,Gnome Child,solana,raydium,7HeQ9A8DcT5jBsx1rCeT7VZhLEgNaqKYevnxR5iLdjgR,GCjgZ2X4XmSrLX7SVuiAVkA3c1ptXdtWiVQN4u1P9GeR,0.0004381,10.87,0.4845360824742268,17026.04,68851.23,h1
2026-09-18T15:56:00+00:00,DPONS/ETH,Diamond Pons,robinhood,uniswap,0xb6def6d637789005292efddbf739a2c39b522f95b12279bbe68317f140c551e9,0x0E6D1eBb33F3b8f2D09Bacf3b1A1d5C581110C33,0.0002319,-15.27,0.0488721804511278,22972.79,35800.23,h1
2026-09-18T15:56:00+00:00,VOLT/WETH,Volt Inu,robinhood,uniswap,0x02d356AcD227E12A9573F0499f133c6e3B0AF1C9,0x5d102d1E69E77591D486aa4f663B3645151BBdf6,0.003251,0.83,0.3333333333333333,1988.55,175940.61,h1
2026-09-18T15:56:00+00:00,TRENDS/SOL,Trends,solana,meteora,HBHCoPE5qM7JjVppXsdRejZtqg8YDw1PMZRypiQgJkY7,3W3K5i4T2vARM1UzJHh48dw4uNhjtg3Wk8GS2inmNUZV,0.0008153,8.93,0.34,17977.41,80638.7,h1
2026-09-18T15:56:00+00:00,CATEZ/SOL,Cateonymous,solana,pumpfun,6vCeymfFyiZZ5ug87F4Utjg17VrMJJSzsE8QAMde1bmc,N1S5qDM5sEdXbg4afRvVQcXPxffLsQGRW1xhM8byqQe,2.935e-05,-5.24,-0.054054054054054,7630.72,0.0,h1
2026-09-18T15:56:00+00:00,WORM/PLTR,Agent Wormhole,robinhood,uniswap,0xf49ee5b66c4e7163026e5d25e6a1f93cff46dca4d3752f712d181d9392c1d567,0x3bA500F1AbabbCF0F0247D06D1c56Fd7E6C4c09D,0.005745,19.14,0.0356394129979035,100096.02,196025.79,h1
2026-09-18T15:56:00+00:00,TCAT/TAO,Artificial Cat,solana,raydium,BtKFCWBQ3T16saR8pN4hkEuhLV2s7Vo65oBqvF7eEZSz,BifUDWQFpbTrSxYXBnqCpAVYgcyQGzHzJk2MDmeM2Gyv,0.0005231,2.06,-0.02,1467.82,62383.43,h1
2026-09-18T15:56:00+00:00,AD/ETH,Artificial Doge,robinhood,uniswap,0x2a4e49b6f4026be2d9c4cc273f389d986256e27b18950a8967d1daa095b27978,0x63FFd4aA844f4BEFCee1B4606E467D1D209A926B,0.0009219,37.82,0.1584699453551912,98776.92,75588.75,h1
2026-09-18T15:56:00+00:00,Tilcayo/ETH,Leopardus tilcayo,robinhood,uniswap,0x4fe598d61dd0fbb87d5f428b46c95d4573db1436f5380339b264932e5f1877d9,0xFEBd45E28932514Ee9658b21a443004f49d6526A,3.16e-06,-1.86,0.0,37.08,5295.34,h1
2026-09-18T15:56:00+00:00,PAIDCAT/SOL,PAIDCAT,solana,pumpswap,83X1pyFkuh2QEaKzeYeaKW5nhJiSkFfVqVUTgeQE2iAd,9n8rBV1L917EUSVDa9KTX2uMxvPfKZxLLtwKnYs8pump,5.674e-05,-8.55,-0.0896551724137931,5590.02,21154.67,h1
2026-09-18T15:56:00+00:00,catwifout/SOL,catwifout,solana,pumpswap,GF5KiRvxGZ9ermv4A8cMaeHr1cCW6HwhSux8WN1Eyv4i,5cT9mMKGwJP42xdgwSxu9zsYCScCXqwpq49GfQoXpump,2.656e-06,0.0,0.0,0.0,3167.18,h1
2026-09-18T15:56:00+00:00,SKELLY/ETH,Skelly,robinhood,uniswap,0x8fcfdac854715b6c49e18ec73a84c4b3d63e834cb2aa784d8626db27f1155446,0x87022254d364f2B2b8e1974232b6B4Ee605d770E,5.03e-05,21.36,0.0333333333333333,2937.28,21107.69,h1
2026-09-18T15:56:00+00:00,CHUMP/WETH,Chump Coin,robinhood,uniswap,0x714442e9A611f8561A7dF108D6d925132937cFb8,0x0E0d2C89a5a019FE1cF762e5e33187631DACC21B,0.03519,14.55,-0.2452830188679245,81683.41,1127675.05,h1
2026-09-18T15:56:00+00:00,MONX/ETH,MonX,robinhood,uniswap,0x51c98ad80350006b51f471526252f2365920414538a7bcdfbc99c3fe0a4ce6e3,0x32Ae3A4C771Ba87A4960F934FFD34de250481E9b,5.839e-06,-3.34,-0.2413793103448276,729.03,7181.93,h1
2026-09-18T15:56:00+00:00,ANT/WBTC,ANTMINER,solana,raydium,EeEpwco5SmoqorYeoxcYuhLR9bWo3HovH1FzfEq8UZjN,5EpyCB2dhxpBtm4B7Ff51FguE14WEzPrFTuXbRh86ssD,0.0003241,-8.68,-0.4193548387096774,1965.2,49571.29,h1
2026-09-18T15:56:00+00:00,PCAT/SOL,Phantom Cat,solana,pumpswap,GVjvA5pTgSpHLYk3H6dGjV5uxSK8GZKqccpUatqq3ZJ5,8BBNS7hURKU4whJ9L7BpjnAR8n9bKFiPA4ZKcYs76qHu,4.166e-06,-7.15,-0.3846153846153846,145.94,3971.41,h1
2026-09-18T15:59:00+00:00,niggacat/SOL,Nigga Cat,solana,pumpswap,2smWBvdQhevyeYBG2A9uabGSgG5TVPsZKKAtfmTdZ8ec,6BkJT2Dq8FwqwZmwzSLnADoaKaFKjBad25795nGBpump,3.048e-06,-97.1,-0.0367504835589942,27445.22,3079.7,h1
2026-09-18T15:59:00+00:00,PERK/SOL,perk.money,solana,pumpswap,Bt3X28mcx4EAYwiRNdepCdUg42LF7fa1SQMrgkPVivMu,7qVyANei9jYf173z4FBKcmKp3nXDDBKiXAWh7aT2perk,0.000144,-77.01,0.1758957654723127,242859.25,38168.77,h1
2026-09-18T15:59:00+00:00,MOONSHOT/SOL,MOONSHOT,solana,pumpswap,8rLmob9fFkTb3UDDieVqPpvdUdWJ5JpL52nQd6yBjeEk,73nBoTeEAJAWaNP8ayTDUZbx6ag3JcHm4CPxGi8Tpump,2.841e-06,-26.38,0.6470588235294118,766.59,3089.22,h1
2026-09-18T15:59:00+00:00,SANTACOIN/WETH,SANTAHOOD,robinhood,uniswap,0x3f281AD0B210F92eA5c1565fB6fB14C0936803eA,0x38bb87Cf3E7344A82be7CD671c191f015b97eEe6,0.0005383,-0.47,0.4285714285714285,2171.41,83847.85,h1
2026-09-18T15:59:00+00:00,GNOME/GP,Gnome Child,solana,raydium,7HeQ9A8DcT5jBsx1rCeT7VZhLEgNaqKYevnxR5iLdjgR,GCjgZ2X4XmSrLX7SVuiAVkA3c1ptXdtWiVQN4u1P9GeR,0.0004557,16.75,0.4489795918367347,17146.47,72129.48,h1
2026-09-18T15:59:00+00:00,VOLT/WETH,Volt Inu,robinhood,uniswap,0x02d356AcD227E12A9573F0499f133c6e3B0AF1C9,0x5d102d1E69E77591D486aa4f663B3645151BBdf6,0.003264,1.21,0.4545454545454545,2189.22,176194.08,h1
2026-09-18T15:59:00+00:00,DPONS/ETH,Diamond Pons,robinhood,uniswap,0xb6def6d637789005292efddbf739a2c39b522f95b12279bbe68317f140c551e9,0x0E6D1eBb33F3b8f2D09Bacf3b1A1d5C581110C33,0.00023,-14.9,0.0449438202247191,23387.64,35630.27,h1
2026-09-18T15:59:00+00:00,TRENDS/SOL,Trends,solana,meteora,HBHCoPE5qM7JjVppXsdRejZtqg8YDw1PMZRypiQgJkY7,3W3K5i4T2vARM1UzJHh48dw4uNhjtg3Wk8GS2inmNUZV,0.0007866,-1.08,0.3125,17385.48,79238.08,h1
2026-09-18T15:59:00+00:00,WORM/PLTR,Agent Wormhole,robinhood,uniswap,0xf49ee5b66c4e7163026e5d25e6a1f93cff46dca4d3752f712d181d9392c1d567,0x3bA500F1AbabbCF0F0247D06D1c56Fd7E6C4c09D,0.005393,9.86,0.0683229813664596,103206.05,189848.1,h1
2026-09-18T15:59:00+00:00,CATEZ/SOL,Cateonymous,solana,pumpfun,6vCeymfFyiZZ5ug87F4Utjg17VrMJJSzsE8QAMde1bmc,N1S5qDM5sEdXbg4afRvVQcXPxffLsQGRW1xhM8byqQe,2.92e-05,-2.04,-0.0331753554502369,6948.17,0.0,h1
2026-09-18T15:59:00+00:00,PAIDCAT/SOL,PAIDCAT,solana,pumpswap,83X1pyFkuh2QEaKzeYeaKW5nhJiSkFfVqVUTgeQE2iAd,9n8rBV1L917EUSVDa9KTX2uMxvPfKZxLLtwKnYs8pump,4.815e-05,-20.71,-0.1006711409395973,6730.8,19335.96,h1
2026-09-18T15:59:00+00:00,TCAT/TAO,Artificial Cat,solana,raydium,BtKFCWBQ3T16saR8pN4hkEuhLV2s7Vo65oBqvF7eEZSz,BifUDWQFpbTrSxYXBnqCpAVYgcyQGzHzJk2MDmeM2Gyv,0.000525,-0.64,-0.0101010101010101,989.14,62604.48,h1
2026-09-18T15:59:00+00:00,Tilcayo/ETH,Leopardus tilcayo,robinhood,uniswap,0x4fe598d61dd0fbb87d5f428b46c95d4573db1436f5380339b264932e5f1877d9,0xFEBd45E28932514Ee9658b21a443004f49d6526A,3.16e-06,-1.86,0.0,37.08,5295.34,h1
2026-09-18T15:59:00+00:00,catwifout/SOL,catwifout,solana,pumpswap,GF5KiRvxGZ9ermv4A8cMaeHr1cCW6HwhSux8WN1Eyv4i,5cT9mMKGwJP42xdgwSxu9zsYCScCXqwpq49GfQoXpump,2.656e-06,0.0,0.0,0.0,3167.18,h1
2026-09-18T15:59:00+00:00,AD/ETH,Artificial Doge,robinhood,uniswap,0x2a4e49b6f4026be2d9c4cc273f389d986256e27b18950a8967d1daa095b27978,0x63FFd4aA844f4BEFCee1B4606E467D1D209A926B,0.001017,46.99,0.1584699453551912,100516.72,79349.32,h1
2026-09-18T15:59:00+00:00,CHUMP/WETH,Chump Coin,robinhood,uniswap,0x714442e9A611f8561A7dF108D6d925132937cFb8,0x0E0d2C89a5a019FE1cF762e5e33187631DACC21B,0.03526,14.6,-0.2105263157894736,84602.42,1127928.47,h1
2026-09-18T15:59:00+00:00,SKELLY/ETH,Skelly,robinhood,uniswap,0x8fcfdac854715b6c49e18ec73a84c4b3d63e834cb2aa784d8626db27f1155446,0x87022254d364f2B2b8e1974232b6B4Ee605d770E,5.215e-05,20.17,0.0,2911.6,21490.87,h1
2026-09-18T15:59:00+00:00,MONX/ETH,MonX,robinhood,uniswap,0x51c98ad80350006b51f471526252f2365920414538a7bcdfbc99c3fe0a4ce6e3,0x32Ae3A4C771Ba87A4960F934FFD34de250481E9b,5.832e-06,-3.46,-0.2666666666666666,733.66,7182.24,h1
2026-09-18T15:59:00+00:00,ANT/WBTC,ANTMINER,solana,raydium,EeEpwco5SmoqorYeoxcYuhLR9bWo3HovH1FzfEq8UZjN,5EpyCB2dhxpBtm4B7Ff51FguE14WEzPrFTuXbRh86ssD,0.0003239,-4.82,-0.3846153846153846,1404.28,49540.63,h1
2026-09-18T15:59:00+00:00,PCAT/SOL,Phantom Cat,solana,pumpswap,GVjvA5pTgSpHLYk3H6dGjV5uxSK8GZKqccpUatqq3ZJ5,8BBNS7hURKU4whJ9L7BpjnAR8n9bKFiPA4ZKcYs76qHu,4.166e-06,-7.0,-0.3333333333333333,141.11,3971.41,h1
2026-09-19T07:37:00+00:00,DNUT/DNUT,donut fade,solana,pumpswap,FwojvrKLG8MAMaDA3CUANuFSYXyro3iFmxsMPCbisnxn,D8BNpRy9FSNXjXRMxX2qV5KJcdg9rVsirHj2bfUyPGoq,0.0001279,-40.21,0.119047619047619,11682.91,35356.52,h1
2026-09-19T07:37:00+00:00,Internet/SOL,Internet Culture,solana,pumpswap,7T5cgVfW4JXsaeVtMgENeSnrcJywSj73asJu21E7WfcS,GyrdGn9yrZDeAwXfaGqe3QRuFAd3duYQ5jAdHrPvpump,0.0003701,-2.26,0.983445421624418,3969.72,54763.18,h1
2026-09-19T07:37:00+00:00,DYOR/GOOGL,Do Your Own Research,robinhood,uniswap,0xf81894fa62e8411087e1de085d090d72d6ebfd39cc3542aabfbe4a5344a92b9b,0x757C6FCd09c4cBd8676e7B243038BD01EE5469D2,3.045e-06,0.28,1.0,3.23,4590.11,h1
2026-09-19T07:37:00+00:00,WYNN/SOL,Official Wynn,solana,meteora,5GkHNuKQXdchkjQJeYDdP2Ezf4NZVVWVCZ9ToTA3i6YT,27MR5EYbig1ihc4BoYURSRqEbWdfP9oyA3V7F5LmdUwu,3.714e-05,-19.43,0.1147540983606557,8502.94,17001.77,h1
2026-09-19T07:37:00+00:00,TIGRINO/SOL,Leopardus Tilcayo,solana,pumpswap,2fwy38cJcChCVySA9cd5SAFaEPtZQWN2ssFip43hnsHU,91ryaCo5yGpYZM3bs6GUPs97VWJQj7RozBmqPULgpump,0.002446,-24.68,0.1303754266211604,163907.64,172979.1,h1
2026-09-19T07:37:00+00:00,pogg/SOL,pogg,solana,pumpswap,Dp5Z52ArkeTKxzNLmW7Hv3QHBsTNjnA13S6mGb2MS64v,3T1h8HUain7m5TywjQUZapcd4iJBMsEA2Tx2zrNypump,8.883e-05,-1.81,0.431438127090301,12459.14,25039.75,h1
2026-09-19T07:37:00+00:00,DPONS/ETH,Diamond Pons,robinhood,uniswap,0xb6def6d637789005292efddbf739a2c39b522f95b12279bbe68317f140c551e9,0x0E6D1eBb33F3b8f2D09Bacf3b1A1d5C581110C33,0.0001881,-8.0,0.0071942446043165,20467.62,32516.82,h1
2026-09-19T07:37:00+00:00,AD/ETH,Artificial Doge,robinhood,uniswap,0x2a4e49b6f4026be2d9c4cc273f389d986256e27b18950a8967d1daa095b27978,0x63FFd4aA844f4BEFCee1B4606E467D1D209A926B,0.0005746,6.25,0.034274193548387,62415.74,60228.33,h1
2026-09-19T07:37:00+00:00,upcoin/SOL,upcoin,solana,pumpswap,GcEEWQQ91hpjcguppNNdmwVMFzserPXR4LcGRdjbPoy4,CJmk2CGKuzT2sJtnkhs7BVYwTb6dDXveFPSfYriVpump,9.062e-05,13.52,-0.1462829736211031,13604.46,25024.84,h1
2026-09-19T07:37:00+00:00,$牛马/BABAB,牛马,bsc,pancakeswap,0xebD8Dc168B7f401fC9A781683593CC88f9Af340b,0xB077ADa375B5e416F15E8B8f6827DadFa53a7777,0.00233,4.41,-0.1436950146627566,286898.62,152397.92,h1
2026-09-19T07:37:00+00:00,CASH/SOL,CASH OUT ,solana,pumpswap,HtbA22zHQRLkj7Xp3rJdJ9LByxaW4wEd4sdqRbrpVcaX,CdAjXmV2E4PRtwKaV8aCMmDdJVeY3iGARWvG6Zc8pump,0.0002266,51.23,0.083232810615199,122149.03,40990.59,h1
2026-09-19T07:37:00+00:00,BABYCATE/CATE,BabyCate,solana,pumpswap,uPzH2dgR1VSozVVbMNmE24jXitDWNPKm8SgUZcvLU4R,D3Z5RXPGWtvAc7UxFSeN4itLBPHyNVhVLRzXBMmUpump,0.0002148,2.11,0.037037037037037,840.92,66377.6,h1
2026-09-19T07:37:00+00:00,DOUBT/ETH,DOUBT,robinhood,uniswap,0x81b19950804fee687871a00edfb2d75b3d583c21e526691d03b5f6602b33d890,0x9d67011c5aB2Ce3B965A50900A340bB94da32d0C,2.897e-06,0.0,0.0,0.0,5097.19,h1
2026-09-19T07:37:00+00:00,GUMBUS/SOL,Gumbus The Cat,solana,pumpswap,AwTZzVcG6YwDJHDDwVqok6RgS6Dj8vZaTnAaPf2MYPLt,692MdH1nbX6gf2xYcULvJUqVDsVgi6cbQatrMqCxpump,2.449e-06,0.0,0.0,0.0,2838.37,h1
2026-09-19T07:37:00+00:00,hoverfly/SOL,hoverfly,solana,pumpswap,G4aZ3dTNY5sFPY9rQbv2p1pY5XXcdmTFYFx4tUR2uCgJ,G2DPFQW1gdjrYGXmr4q1eZjJUAAU1byv99TtUUm4pump,7.569e-05,23.04,-0.0265638389031705,59561.08,23946.7,h1
2026-09-19T07:37:00+00:00,GITCAT/SOL,Github Cat,solana,pumpswap,GRsJJtXGuAQetRpjVu1QYnTS6vGUXchQRCKvrgv7DCsS,57eBR7XfEEdWR44gTfL2cA2nhTpGbzXph4BHBzWjcCgi,7.21e-06,-2.8,-0.5238095238095238,410.6,6163.41,h1
2026-09-19T07:37:00+00:00,Meepcat/SOL,Meepcat,solana,pumpswap,57i44FQtgroKaR1qbtmKW1vnNYhSfkZwVj5PaRWCPr9Q,4ssDxLh4BpzVVC6WsZHfoSYAVDhR8hpWzekyoGzYpump,0.0002033,49.82,0.4481953672113485,98823.16,43456.81,h1
2026-09-19T07:37:00+00:00,CHARM/SOL,charm.fun,solana,pumpswap,85vU296pMjoMWZb6BERhWXMbKDswbzzBB6rwA9tFv1JK,XhA6oYjFSpe8HxhFJJopxxFAQKcQmEwHZXF6DRJpump,5.382e-06,-0.61,-0.6666666666666666,34.59,5205.32,h1
2026-09-19T07:37:00+00:00,VLAD/ETH,Vlad,robinhood,uniswap,0x512cb0b3f62a4afdd3cdb912cef927094f2177472aa150a5469768290e1a8b3d,0x0333aa41e5464491D941d84B96c4353C4bb1076c,3.363e-06,0.1,-1.0,5.98,5503.35,h1
2026-09-19T07:37:00+00:00,LTC/SOL,Long The Cat,solana,pumpswap,4rcZd6LP7kKyUvZHHapxjwkGhqSqRELbGRJ1Pxf13zbu,DeBEtV2ycUcZ7c4h7MnJAyjN2MCR4enmFbfDRZempump,2.368e-06,0.25,-1.0,1.48,2457.63,h1
2026-09-19T07:44:00+00:00,DNUT/DNUT,donut fade,solana,pumpswap,FwojvrKLG8MAMaDA3CUANuFSYXyro3iFmxsMPCbisnxn,D8BNpRy9FSNXjXRMxX2qV5KJcdg9rVsirHj2bfUyPGoq,0.0001342,-33.16,0.2422360248447205,12370.56,36280.8,h1
2026-09-19T07:44:00+00:00,WYNN/SOL,Official Wynn,solana,meteora,5GkHNuKQXdchkjQJeYDdP2Ezf4NZVVWVCZ9ToTA3i6YT,27MR5EYbig1ihc4BoYURSRqEbWdfP9oyA3V7F5LmdUwu,3.438e-05,-30.46,0.048780487804878,7554.06,16348.28,h1
2026-09-19T07:44:00+00:00,DYOR/GOOGL,Do Your Own Research,robinhood,uniswap,0xf81894fa62e8411087e1de085d090d72d6ebfd39cc3542aabfbe4a5344a92b9b,0x757C6FCd09c4cBd8676e7B243038BD01EE5469D2,3.045e-06,0.28,1.0,3.23,4590.11,h1
2026-09-19T07:44:00+00:00,Internet/SOL,Internet Culture,solana,pumpswap,7T5cgVfW4JXsaeVtMgENeSnrcJywSj73asJu21E7WfcS,GyrdGn9yrZDeAwXfaGqe3QRuFAd3duYQ5jAdHrPvpump,0.0003645,3.44,0.9854997410668048,4218.03,54281.11,h1
2026-09-19T07:44:00+00:00,pogg/SOL,pogg,solana,pumpswap,Dp5Z52ArkeTKxzNLmW7Hv3QHBsTNjnA13S6mGb2MS64v,3T1h8HUain7m5TywjQUZapcd4iJBMsEA2Tx2zrNypump,9.018e-05,-5.1,0.4323432343234323,12076.02,25228.14,h1
2026-09-19T07:44:00+00:00,TIGRINO/SOL,Leopardus Tilcayo,solana,pumpswap,2fwy38cJcChCVySA9cd5SAFaEPtZQWN2ssFip43hnsHU,91ryaCo5yGpYZM3bs6GUPs97VWJQj7RozBmqPULgpump,0.002637,-16.31,0.1424541607898448,158323.26,179542.73,h1
2026-09-19T07:44:00+00:00,DPONS/ETH,Diamond Pons,robinhood,uniswap,0xb6def6d637789005292efddbf739a2c39b522f95b12279bbe68317f140c551e9,0x0E6D1eBb33F3b8f2D09Bacf3b1A1d5C581110C33,0.0001916,-5.8,-0.0119331742243436,21086.96,32793.11,h1
2026-09-19T07:44:00+00:00,$牛马/BABAB,牛马,bsc,pancakeswap,0xebD8Dc168B7f401fC9A781683593CC88f9Af340b,0xB077ADa375B5e416F15E8B8f6827DadFa53a7777,0.0023,-0.63,-0.102402022756005,193860.78,151408.43,h1
2026-09-19T07:44:00+00:00,upcoin/SOL,upcoin,solana,pumpswap,GcEEWQQ91hpjcguppNNdmwVMFzserPXR4LcGRdjbPoy4,CJmk2CGKuzT2sJtnkhs7BVYwTb6dDXveFPSfYriVpump,8.999e-05,13.22,-0.1638954869358669,13345.19,24913.9,h1
2026-09-19T07:44:00+00:00,BABYCATE/CATE,BabyCate,solana,pumpswap,uPzH2dgR1VSozVVbMNmE24jXitDWNPKm8SgUZcvLU4R,D3Z5RXPGWtvAc7UxFSeN4itLBPHyNVhVLRzXBMmUpump,0.0002173,3.14,0.12,724.27,66839.75,h1
2026-09-19T07:44:00+00:00,Meepcat/SOL,Meepcat,solana,pumpswap,57i44FQtgroKaR1qbtmKW1vnNYhSfkZwVj5PaRWCPr9Q,4ssDxLh4BpzVVC6WsZHfoSYAVDhR8hpWzekyoGzYpump,0.0001916,23.52,0.3736465406496604,97136.38,42125.48,h1
2026-09-19T07:44:00+00:00,DOUBT/ETH,DOUBT,robinhood,uniswap,0x81b19950804fee687871a00edfb2d75b3d583c21e526691d03b5f6602b33d890,0x9d67011c5aB2Ce3B965A50900A340bB94da32d0C,2.897e-06,0.0,0.0,0.0,5097.19,h1
2026-09-19T07:44:00+00:00,GUMBUS/SOL,Gumbus The Cat,solana,pumpswap,AwTZzVcG6YwDJHDDwVqok6RgS6Dj8vZaTnAaPf2MYPLt,692MdH1nbX6gf2xYcULvJUqVDsVgi6cbQatrMqCxpump,2.449e-06,0.0,0.0,0.0,2838.37,h1
2026-09-19T07:44:00+00:00,hoverfly/SOL,hoverfly,solana,pumpswap,G4aZ3dTNY5sFPY9rQbv2p1pY5XXcdmTFYFx4tUR2uCgJ,G2DPFQW1gdjrYGXmr4q1eZjJUAAU1byv99TtUUm4pump,7.723e-05,24.49,-0.0205278592375366,70163.86,24212.32,h1
2026-09-19T07:44:00+00:00,CASH/SOL,CASH OUT ,solana,pumpswap,HtbA22zHQRLkj7Xp3rJdJ9LByxaW4wEd4sdqRbrpVcaX,CdAjXmV2E4PRtwKaV8aCMmDdJVeY3iGARWvG6Zc8pump,0.0002565,68.87,0.0830594562294592,120738.63,43735.13,h1
2026-09-19T07:44:00+00:00,AD/ETH,Artificial Doge,robinhood,uniswap,0x2a4e49b6f4026be2d9c4cc273f389d986256e27b18950a8967d1daa095b27978,0x63FFd4aA844f4BEFCee1B4606E467D1D209A926B,0.0006964,28.23,0.0,69660.93,66286.8,h1
2026-09-19T07:44:00+00:00,CHARM/SOL,charm.fun,solana,pumpswap,85vU296pMjoMWZb6BERhWXMbKDswbzzBB6rwA9tFv1JK,XhA6oYjFSpe8HxhFJJopxxFAQKcQmEwHZXF6DRJpump,5.381e-06,-0.63,-0.6923076923076923,34.59,5204.56,h1
2026-09-19T07:44:00+00:00,GITCAT/SOL,Github Cat,solana,pumpswap,GRsJJtXGuAQetRpjVu1QYnTS6vGUXchQRCKvrgv7DCsS,57eBR7XfEEdWR44gTfL2cA2nhTpGbzXph4BHBzWjcCgi,7.171e-06,-4.92,-1.0,99.18,6137.71,h1
2026-09-19T07:44:00+00:00,VLAD/ETH,Vlad,robinhood,uniswap,0x512cb0b3f62a4afdd3cdb912cef927094f2177472aa150a5469768290e1a8b3d,0x0333aa41e5464491D941d84B96c4353C4bb1076c,3.363e-06,0.1,-1.0,5.98,5503.35,h1
2026-09-19T07:44:00+00:00,LTC/SOL,Long The Cat,solana,pumpswap,4rcZd6LP7kKyUvZHHapxjwkGhqSqRELbGRJ1Pxf13zbu,DeBEtV2ycUcZ7c4h7MnJAyjN2MCR4enmFbfDRZempump,2.368e-06,0.25,-1.0,1.48,2457.63,h1
2026-09-19T07:49:00+00:00,DNUT/DNUT,donut fade,solana,pumpswap,FwojvrKLG8MAMaDA3CUANuFSYXyro3iFmxsMPCbisnxn,D8BNpRy9FSNXjXRMxX2qV5KJcdg9rVsirHj2bfUyPGoq,0.0001415,-26.18,0.3248407643312102,12659.42,37321.03,h1
2026-09-19T07:49:00+00:00,Internet/SOL,Internet Culture,solana,pumpswap,7T5cgVfW4JXsaeVtMgENeSnrcJywSj73asJu21E7WfcS,GyrdGn9yrZDeAwXfaGqe3QRuFAd3duYQ5jAdHrPvpump,0.0003518,-9.75,0.9859805094888016,3975.13,53292.99,h1
2026-09-19T07:49:00+00:00,WYNN/SOL,Official Wynn,solana,meteora,5GkHNuKQXdchkjQJeYDdP2Ezf4NZVVWVCZ9ToTA3i6YT,27MR5EYbig1ihc4BoYURSRqEbWdfP9oyA3V7F5LmdUwu,3.548e-05,-20.78,0.1052631578947368,7039.77,16612.16,h1
2026-09-19T07:49:00+00:00,DYOR/GOOGL,Do Your Own Research,robinhood,uniswap,0xf81894fa62e8411087e1de085d090d72d6ebfd39cc3542aabfbe4a5344a92b9b,0x757C6FCd09c4cBd8676e7B243038BD01EE5469D2,3.045e-06,0.28,1.0,3.23,4590.11,h1
2026-09-19T07:49:00+00:00,pogg/SOL,pogg,solana,pumpswap,Dp5Z52ArkeTKxzNLmW7Hv3QHBsTNjnA13S6mGb2MS64v,3T1h8HUain7m5TywjQUZapcd4iJBMsEA2Tx2zrNypump,9.047e-05,-2.37,0.4521452145214521,11337.51,25277.93,h1
2026-09-19T07:49:00+00:00,TIGRINO/SOL,Leopardus Tilcayo,solana,pumpswap,2fwy38cJcChCVySA9cd5SAFaEPtZQWN2ssFip43hnsHU,91ryaCo5yGpYZM3bs6GUPs97VWJQj7RozBmqPULgpump,0.002629,-12.79,0.1318911374738311,159366.94,179334.37,h1
2026-09-19T07:49:00+00:00,Meepcat/SOL,Meepcat,solana,pumpswap,57i44FQtgroKaR1qbtmKW1vnNYhSfkZwVj5PaRWCPr9Q,4ssDxLh4BpzVVC6WsZHfoSYAVDhR8hpWzekyoGzYpump,0.0001502,-2.91,0.3748308525033829,104128.43,37099.98,h1
2026-09-19T07:49:00+00:00,hoverfly/SOL,hoverfly,solana,pumpswap,G4aZ3dTNY5sFPY9rQbv2p1pY5XXcdmTFYFx4tUR2uCgJ,G2DPFQW1gdjrYGXmr4q1eZjJUAAU1byv99TtUUm4pump,7.633e-05,5.33,-0.0267306374228923,75640.95,24080.9,h1
2026-09-19T07:49:00+00:00,DPONS/ETH,Diamond Pons,robinhood,uniswap,0xb6def6d637789005292efddbf739a2c39b522f95b12279bbe68317f140c551e9,0x0E6D1eBb33F3b8f2D09Bacf3b1A1d5C581110C33,0.0002034,3.91,-0.0069284064665127,22253.06,33790.76,h1
2026-09-19T07:49:00+00:00,$牛马/BABAB,牛马,bsc,pancakeswap,0xebD8Dc168B7f401fC9A781683593CC88f9Af340b,0xB077ADa375B5e416F15E8B8f6827DadFa53a7777,0.002359,2.32,-0.0980891719745223,193764.98,153359.13,h1
2026-09-19T07:49:00+00:00,BABYCATE/CATE,BabyCate,solana,pumpswap,uPzH2dgR1VSozVVbMNmE24jXitDWNPKm8SgUZcvLU4R,D3Z5RXPGWtvAc7UxFSeN4itLBPHyNVhVLRzXBMmUpump,0.0002173,1.46,0.1304347826086956,656.78,66839.75,h1
2026-09-19T07:49:00+00:00,DOUBT/ETH,DOUBT,robinhood,uniswap,0x81b19950804fee687871a00edfb2d75b3d583c21e526691d03b5f6602b33d890,0x9d67011c5aB2Ce3B965A50900A340bB94da32d0C,2.897e-06,0.0,0.0,0.0,5097.19,h1
2026-09-19T07:49:00+00:00,GUMBUS/SOL,Gumbus The Cat,solana,pumpswap,AwTZzVcG6YwDJHDDwVqok6RgS6Dj8vZaTnAaPf2MYPLt,692MdH1nbX6gf2xYcULvJUqVDsVgi6cbQatrMqCxpump,2.449e-06,0.0,0.0,0.0,2838.37,h1
2026-09-19T07:49:00+00:00,upcoin/SOL,upcoin,solana,pumpswap,GcEEWQQ91hpjcguppNNdmwVMFzserPXR4LcGRdjbPoy4,CJmk2CGKuzT2sJtnkhs7BVYwTb6dDXveFPSfYriVpump,9.177e-05,12.75,-0.1543942992874109,12408.31,25185.12,h1
2026-09-19T07:49:00+00:00,CASH/SOL,CASH OUT ,solana,pumpswap,HtbA22zHQRLkj7Xp3rJdJ9LByxaW4wEd4sdqRbrpVcaX,CdAjXmV2E4PRtwKaV8aCMmDdJVeY3iGARWvG6Zc8pump,0.0002114,38.43,0.0841620899510167,128092.62,39557.36,h1
2026-09-19T07:49:00+00:00,AD/ETH,Artificial Doge,robinhood,uniswap,0x2a4e49b6f4026be2d9c4cc273f389d986256e27b18950a8967d1daa095b27978,0x63FFd4aA844f4BEFCee1B4606E467D1D209A926B,0.0006801,14.36,-0.0235183443085606,75042.18,65489.44,h1
2026-09-19T07:49:00+00:00,GITCAT/SOL,Github Cat,solana,pumpswap,GRsJJtXGuAQetRpjVu1QYnTS6vGUXchQRCKvrgv7DCsS,57eBR7XfEEdWR44gTfL2cA2nhTpGbzXph4BHBzWjcCgi,7.074e-06,-6.2,-1.0,140.88,6084.16,h1
2026-09-19T07:49:00+00:00,CHARM/SOL,charm.fun,solana,pumpswap,85vU296pMjoMWZb6BERhWXMbKDswbzzBB6rwA9tFv1JK,XhA6oYjFSpe8HxhFJJopxxFAQKcQmEwHZXF6DRJpump,5.376e-06,-2.27,-0.8461538461538461,25.12,5199.52,h1
2026-09-19T07:49:00+00:00,VLAD/ETH,Vlad,robinhood,uniswap,0x512cb0b3f62a4afdd3cdb912cef927094f2177472aa150a5469768290e1a8b3d,0x0333aa41e5464491D941d84B96c4353C4bb1076c,3.363e-06,0.1,-1.0,5.98,5503.35,h1
2026-09-19T07:49:00+00:00,LTC/SOL,Long The Cat,solana,pumpswap,4rcZd6LP7kKyUvZHHapxjwkGhqSqRELbGRJ1Pxf13zbu,DeBEtV2ycUcZ7c4h7MnJAyjN2MCR4enmFbfDRZempump,2.368e-06,0.25,-1.0,1.48,2457.63,h1
2026-09-19T08:19:00+00:00,CASH/SOL,CASH OUT ,solana,pumpswap,HtbA22zHQRLkj7Xp3rJdJ9LByxaW4wEd4sdqRbrpVcaX,CdAjXmV2E4PRtwKaV8aCMmDdJVeY3iGARWvG6Zc8pump,2.239e-06,-99.09,-0.1279826464208243,140627.81,2326.1,h1
2026-09-19T08:19:00+00:00,Meepcat/SOL,Meepcat,solana,pumpswap,57i44FQtgroKaR1qbtmKW1vnNYhSfkZwVj5PaRWCPr9Q,4ssDxLh4BpzVVC6WsZHfoSYAVDhR8hpWzekyoGzYpump,9.277e-05,-43.95,0.2332841172748365,104710.18,28851.05,h1
2026-09-19T08:19:00+00:00,Internet/SOL,Internet Culture,solana,pumpswap,7T5cgVfW4JXsaeVtMgENeSnrcJywSj73asJu21E7WfcS,GyrdGn9yrZDeAwXfaGqe3QRuFAd3duYQ5jAdHrPvpump,0.0003557,-6.63,0.9830742659758204,8440.31,53728.4,h1
2026-09-19T08:19:00+00:00,pogg/SOL,pogg,solana,pumpswap,Dp5Z52ArkeTKxzNLmW7Hv3QHBsTNjnA13S6mGb2MS64v,3T1h8HUain7m5TywjQUZapcd4iJBMsEA2Tx2zrNypump,9.417e-05,-0.83,0.391304347826087,14389.98,25870.62,h1
2026-09-19T08:19:00+00:00,WYNN/SOL,Official Wynn,solana,meteora,5GkHNuKQXdchkjQJeYDdP2Ezf4NZVVWVCZ9ToTA3i6YT,27MR5EYbig1ihc4BoYURSRqEbWdfP9oyA3V7F5LmdUwu,3.296e-05,-6.41,0.2903225806451613,3466.58,16026.55,h1
2026-09-19T08:19:00+00:00,DNUT/DNUT,donut fade,solana,pumpswap,FwojvrKLG8MAMaDA3CUANuFSYXyro3iFmxsMPCbisnxn,D8BNpRy9FSNXjXRMxX2qV5KJcdg9rVsirHj2bfUyPGoq,0.0001416,-5.34,0.0625,5189.83,37384.03,h1
2026-09-19T08:19:00+00:00,AD/ETH,Artificial Doge,robinhood,uniswap,0x2a4e49b6f4026be2d9c4cc273f389d986256e27b18950a8967d1daa095b27978,0x63FFd4aA844f4BEFCee1B4606E467D1D209A926B,0.0005917,-7.19,-0.0620437956204379,82682.89,61195.49,h1
2026-09-19T08:19:00+00:00,DPONS/ETH,Diamond Pons,robinhood,uniswap,0xb6def6d637789005292efddbf739a2c39b522f95b12279bbe68317f140c551e9,0x0E6D1eBb33F3b8f2D09Bacf3b1A1d5C581110C33,0.0001953,-0.62,-0.0125,23976.61,33179.75,h1
2026-09-19T08:19:00+00:00,$牛马/BABAB,牛马,bsc,pancakeswap,0xebD8Dc168B7f401fC9A781683593CC88f9Af340b,0xB077ADa375B5e416F15E8B8f6827DadFa53a7777,0.002125,-5.45,-0.0186608122941822,195975.37,145808.68,h1
2026-09-19T08:19:00+00:00,hoverfly/SOL,hoverfly,solana,pumpswap,G4aZ3dTNY5sFPY9rQbv2p1pY5XXcdmTFYFx4tUR2uCgJ,G2DPFQW1gdjrYGXmr4q1eZjJUAAU1byv99TtUUm4pump,8.211e-05,19.76,0.0137885751805646,61542.77,25125.73,h1
2026-09-19T08:19:00+00:00,BABYCATE/CATE,BabyCate,solana,pumpswap,uPzH2dgR1VSozVVbMNmE24jXitDWNPKm8SgUZcvLU4R,D3Z5RXPGWtvAc7UxFSeN4itLBPHyNVhVLRzXBMmUpump,0.0002,-2.76,0.0,1683.48,63581.75,h1
2026-09-19T08:19:00+00:00,GUMBUS/SOL,Gumbus The Cat,solana,pumpswap,AwTZzVcG6YwDJHDDwVqok6RgS6Dj8vZaTnAaPf2MYPLt,692MdH1nbX6gf2xYcULvJUqVDsVgi6cbQatrMqCxpump,2.449e-06,0.0,0.0,0.0,2838.37,h1
2026-09-19T08:19:00+00:00,DOUBT/ETH,DOUBT,robinhood,uniswap,0x81b19950804fee687871a00edfb2d75b3d583c21e526691d03b5f6602b33d890,0x9d67011c5aB2Ce3B965A50900A340bB94da32d0C,2.897e-06,0.0,0.0,0.0,5097.19,h1
2026-09-19T08:19:00+00:00,VLAD/ETH,Vlad,robinhood,uniswap,0x512cb0b3f62a4afdd3cdb912cef927094f2177472aa150a5469768290e1a8b3d,0x0333aa41e5464491D941d84B96c4353C4bb1076c,3.363e-06,0.0,0.0,0.0,5503.35,h1
2026-09-19T08:19:00+00:00,upcoin/SOL,upcoin,solana,pumpswap,GcEEWQQ91hpjcguppNNdmwVMFzserPXR4LcGRdjbPoy4,CJmk2CGKuzT2sJtnkhs7BVYwTb6dDXveFPSfYriVpump,0.000125,43.4,-0.0785185185185185,18685.65,29784.66,h1
2026-09-19T08:19:00+00:00,TIGRINO/SOL,Leopardus Tilcayo,solana,pumpswap,2fwy38cJcChCVySA9cd5SAFaEPtZQWN2ssFip43hnsHU,91ryaCo5yGpYZM3bs6GUPs97VWJQj7RozBmqPULgpump,0.002951,26.73,-0.0242424242424242,133520.04,190475.24,h1
2026-09-19T08:19:00+00:00,GITCAT/SOL,Github Cat,solana,pumpswap,GRsJJtXGuAQetRpjVu1QYnTS6vGUXchQRCKvrgv7DCsS,57eBR7XfEEdWR44gTfL2cA2nhTpGbzXph4BHBzWjcCgi,7.065e-06,-2.23,-0.8461538461538461,92.77,6083.17,h1
2026-09-19T08:19:00+00:00,DYOR/GOOGL,Do Your Own Research,robinhood,uniswap,0xf81894fa62e8411087e1de085d090d72d6ebfd39cc3542aabfbe4a5344a92b9b,0x757C6FCd09c4cBd8676e7B243038BD01EE5469D2,2.905e-06,-4.59,-1.0,53.34,4483.46,h1
2026-09-19T08:19:00+00:00,CHARM/SOL,charm.fun,solana,pumpswap,85vU296pMjoMWZb6BERhWXMbKDswbzzBB6rwA9tFv1JK,XhA6oYjFSpe8HxhFJJopxxFAQKcQmEwHZXF6DRJpump,5.365e-06,-0.86,-1.0,16.59,5193.46,h1
2026-09-19T08:19:00+00:00,LTC/SOL,Long The Cat,solana,pumpswap,4rcZd6LP7kKyUvZHHapxjwkGhqSqRELbGRJ1Pxf13zbu,DeBEtV2ycUcZ7c4h7MnJAyjN2MCR4enmFbfDRZempump,2.358e-06,-0.42,-1.0,0.38,2447.41,h1
2026-09-19T10:53:00+00:00,upcoin/SOL,upcoin,solana,pumpswap,GcEEWQQ91hpjcguppNNdmwVMFzserPXR4LcGRdjbPoy4,CJmk2CGKuzT2sJtnkhs7BVYwTb6dDXveFPSfYriVpump,7.118e-06,-92.63,-0.1187371310912834,57049.36,5648.38,h1
2026-09-19T10:53:00+00:00,Meepcat/SOL,Meepcat,solana,pumpswap,57i44FQtgroKaR1qbtmKW1vnNYhSfkZwVj5PaRWCPr9Q,4ssDxLh4BpzVVC6WsZHfoSYAVDhR8hpWzekyoGzYpump,0.0003441,-0.04,0.9010989010989012,290.71,252954.71,h1
2026-09-19T10:53:00+00:00,pogg/SOL,pogg,solana,pumpswap,Dp5Z52ArkeTKxzNLmW7Hv3QHBsTNjnA13S6mGb2MS64v,3T1h8HUain7m5TywjQUZapcd4iJBMsEA2Tx2zrNypump,9.878e-05,2.43,0.4690909090909091,10920.71,26599.41,h1
2026-09-19T10:53:00+00:00,WYNN/SOL,Official Wynn,solana,meteora,5GkHNuKQXdchkjQJeYDdP2Ezf4NZVVWVCZ9ToTA3i6YT,27MR5EYbig1ihc4BoYURSRqEbWdfP9oyA3V7F5LmdUwu,2.143e-05,-12.95,0.3118279569892473,4085.34,12927.99,h1
2026-09-19T10:53:00+00:00,DNUT/DNUT,donut fade,solana,pumpswap,FwojvrKLG8MAMaDA3CUANuFSYXyro3iFmxsMPCbisnxn,D8BNpRy9FSNXjXRMxX2qV5KJcdg9rVsirHj2bfUyPGoq,0.000108,-25.46,-0.0638297872340425,6090.96,32273.79,h1
2026-09-19T10:53:00+00:00,BABYCATE/CATE,BabyCate,solana,pumpswap,uPzH2dgR1VSozVVbMNmE24jXitDWNPKm8SgUZcvLU4R,D3Z5RXPGWtvAc7UxFSeN4itLBPHyNVhVLRzXBMmUpump,0.0001857,8.67,0.4857142857142857,825.35,62795.78,h1
2026-09-19T10:53:00+00:00,TIGRINO/SOL,Leopardus Tilcayo,solana,pumpswap,2fwy38cJcChCVySA9cd5SAFaEPtZQWN2ssFip43hnsHU,91ryaCo5yGpYZM3bs6GUPs97VWJQj7RozBmqPULgpump,0.002376,-7.58,0.091449814126394,137615.3,171346.7,h1
2026-09-19T10:53:00+00:00,Internet/SOL,Internet Culture,solana,pumpswap,7T5cgVfW4JXsaeVtMgENeSnrcJywSj73asJu21E7WfcS,GyrdGn9yrZDeAwXfaGqe3QRuFAd3duYQ5jAdHrPvpump,0.0002985,0.01,0.2542372881355932,2982.57,48988.15,h1
2026-09-19T10:53:00+00:00,$牛马/BABAB,牛马,bsc,pancakeswap,0xebD8Dc168B7f401fC9A781683593CC88f9Af340b,0xB077ADa375B5e416F15E8B8f6827DadFa53a7777,0.002129,-0.04,0.0256410256410256,211065.72,146953.52,h1
2026-09-19T10:53:00+00:00,DPONS/ETH,Diamond Pons,robinhood,uniswap,0xb6def6d637789005292efddbf739a2c39b522f95b12279bbe68317f140c551e9,0x0E6D1eBb33F3b8f2D09Bacf3b1A1d5C581110C33,0.0001638,1.18,-0.0048309178743961,19824.36,30436.04,h1
2026-09-19T10:53:00+00:00,AD/ETH,Artificial Doge,robinhood,uniswap,0x2a4e49b6f4026be2d9c4cc273f389d986256e27b18950a8967d1daa095b27978,0x63FFd4aA844f4BEFCee1B4606E467D1D209A926B,0.0006527,-3.72,-0.059371362048894,52364.56,64374.46,h1
2026-09-19T10:53:00+00:00,VLAD/ETH,Vlad,robinhood,uniswap,0x512cb0b3f62a4afdd3cdb912cef927094f2177472aa150a5469768290e1a8b3d,0x0333aa41e5464491D941d84B96c4353C4bb1076c,3.271e-06,-2.74,0.0,61.0,5444.97,h1
2026-09-19T10:53:00+00:00,hoverfly/SOL,hoverfly,solana,pumpswap,G4aZ3dTNY5sFPY9rQbv2p1pY5XXcdmTFYFx4tUR2uCgJ,G2DPFQW1gdjrYGXmr4q1eZjJUAAU1byv99TtUUm4pump,2.414e-06,0.0,0.0,0.0,2684.88,h1
2026-09-19T10:53:00+00:00,GUMBUS/SOL,Gumbus The Cat,solana,pumpswap,AwTZzVcG6YwDJHDDwVqok6RgS6Dj8vZaTnAaPf2MYPLt,692MdH1nbX6gf2xYcULvJUqVDsVgi6cbQatrMqCxpump,2.449e-06,0.0,0.0,0.0,2838.37,h1
2026-09-19T10:53:00+00:00,CASH/SOL,CASH OUT ,solana,pumpswap,HtbA22zHQRLkj7Xp3rJdJ9LByxaW4wEd4sdqRbrpVcaX,CdAjXmV2E4PRtwKaV8aCMmDdJVeY3iGARWvG6Zc8pump,2.242e-06,1.32,0.0,0.73,2329.03,h1
2026-09-19T10:53:00+00:00,GITCAT/SOL,Github Cat,solana,pumpswap,GRsJJtXGuAQetRpjVu1QYnTS6vGUXchQRCKvrgv7DCsS,57eBR7XfEEdWR44gTfL2cA2nhTpGbzXph4BHBzWjcCgi,6.161e-06,-0.53,-0.5,68.63,5549.63,h1
2026-09-19T10:53:00+00:00,PSA10/CARDS,PSA10 Coin,solana,raydium,7Ts6yxxA1YVe6fUeqCgnPD7GfoXZd975wp4DAxw7iEaT,DnJeAP7hWjVNTTk1NUaDJ5Aps9qDroSsEMcKBCpSTNK,0.0008161,97.75,0.1737323358270989,122655.31,84965.02,h1
2026-09-19T10:53:00+00:00,CHARM/SOL,charm.fun,solana,pumpswap,85vU296pMjoMWZb6BERhWXMbKDswbzzBB6rwA9tFv1JK,XhA6oYjFSpe8HxhFJJopxxFAQKcQmEwHZXF6DRJpump,5.171e-06,0.25,-0.75,8.63,5063.75,h1
2026-09-19T10:53:00+00:00,DOUBT/ETH,DOUBT,robinhood,uniswap,0x81b19950804fee687871a00edfb2d75b3d583c21e526691d03b5f6602b33d890,0x9d67011c5aB2Ce3B965A50900A340bB94da32d0C,2.922e-06,-3.54,-1.0,46.93,5143.12,h1
2026-09-19T10:53:00+00:00,LTC/SOL,Long The Cat,solana,pumpswap,4rcZd6LP7kKyUvZHHapxjwkGhqSqRELbGRJ1Pxf13zbu,DeBEtV2ycUcZ7c4h7MnJAyjN2MCR4enmFbfDRZempump,2.361e-06,-0.04,-1.0,0.93,2450.45,h1
2026-09-19T10:54:00+00:00,upcoin/SOL,upcoin,solana,pumpswap,GcEEWQQ91hpjcguppNNdmwVMFzserPXR4LcGRdjbPoy4,CJmk2CGKuzT2sJtnkhs7BVYwTb6dDXveFPSfYriVpump,7.118e-06,-92.63,-0.1187371310912834,57049.36,5648.38,h1
2026-09-19T10:54:00+00:00,Meepcat/SOL,Meepcat,solana,pumpswap,57i44FQtgroKaR1qbtmKW1vnNYhSfkZwVj5PaRWCPr9Q,4ssDxLh4BpzVVC6WsZHfoSYAVDhR8hpWzekyoGzYpump,0.0003441,-0.04,0.9010989010989012,290.71,252954.71,h1
2026-09-19T10:54:00+00:00,pogg/SOL,pogg,solana,pumpswap,Dp5Z52ArkeTKxzNLmW7Hv3QHBsTNjnA13S6mGb2MS64v,3T1h8HUain7m5TywjQUZapcd4iJBMsEA2Tx2zrNypump,9.878e-05,2.43,0.4690909090909091,10920.71,26599.41,h1
2026-09-19T10:54:00+00:00,WYNN/SOL,Official Wynn,solana,meteora,5GkHNuKQXdchkjQJeYDdP2Ezf4NZVVWVCZ9ToTA3i6YT,27MR5EYbig1ihc4BoYURSRqEbWdfP9oyA3V7F5LmdUwu,2.143e-05,-12.95,0.3118279569892473,4085.34,12927.99,h1
2026-09-19T10:54:00+00:00,DNUT/DNUT,donut fade,solana,pumpswap,FwojvrKLG8MAMaDA3CUANuFSYXyro3iFmxsMPCbisnxn,D8BNpRy9FSNXjXRMxX2qV5KJcdg9rVsirHj2bfUyPGoq,0.000108,-25.46,-0.0638297872340425,6090.96,32273.79,h1
2026-09-19T10:54:00+00:00,BABYCATE/CATE,BabyCate,solana,pumpswap,uPzH2dgR1VSozVVbMNmE24jXitDWNPKm8SgUZcvLU4R,D3Z5RXPGWtvAc7UxFSeN4itLBPHyNVhVLRzXBMmUpump,0.0001857,8.67,0.4857142857142857,825.35,62795.78,h1
2026-09-19T10:54:00+00:00,TIGRINO/SOL,Leopardus Tilcayo,solana,pumpswap,2fwy38cJcChCVySA9cd5SAFaEPtZQWN2ssFip43hnsHU,91ryaCo5yGpYZM3bs6GUPs97VWJQj7RozBmqPULgpump,0.002376,-7.58,0.091449814126394,137615.3,171346.7,h1
2026-09-19T10:54:00+00:00,Internet/SOL,Internet Culture,solana,pumpswap,7T5cgVfW4JXsaeVtMgENeSnrcJywSj73asJu21E7WfcS,GyrdGn9yrZDeAwXfaGqe3QRuFAd3duYQ5jAdHrPvpump,0.0002985,0.01,0.2542372881355932,2982.57,48988.15,h1
2026-09-19T10:54:00+00:00,$牛马/BABAB,牛马,bsc,pancakeswap,0xebD8Dc168B7f401fC9A781683593CC88f9Af340b,0xB077ADa375B5e416F15E8B8f6827DadFa53a7777,0.002129,-0.04,0.0256410256410256,211065.72,146953.52,h1
2026-09-19T10:54:00+00:00,DPONS/ETH,Diamond Pons,robinhood,uniswap,0xb6def6d637789005292efddbf739a2c39b522f95b12279bbe68317f140c551e9,0x0E6D1eBb33F3b8f2D09Bacf3b1A1d5C581110C33,0.0001638,1.18,-0.0048309178743961,19824.36,30436.04,h1
2026-09-19T10:54:00+00:00,AD/ETH,Artificial Doge,robinhood,uniswap,0x2a4e49b6f4026be2d9c4cc273f389d986256e27b18950a8967d1daa095b27978,0x63FFd4aA844f4BEFCee1B4606E467D1D209A926B,0.0006527,-3.72,-0.059371362048894,52364.56,64374.46,h1
2026-09-19T10:54:00+00:00,VLAD/ETH,Vlad,robinhood,uniswap,0x512cb0b3f62a4afdd3cdb912cef927094f2177472aa150a5469768290e1a8b3d,0x0333aa41e5464491D941d84B96c4353C4bb1076c,3.271e-06,-2.74,0.0,61.0,5444.97,h1
2026-09-19T10:54:00+00:00,hoverfly/SOL,hoverfly,solana,pumpswap,G4aZ3dTNY5sFPY9rQbv2p1pY5XXcdmTFYFx4tUR2uCgJ,G2DPFQW1gdjrYGXmr4q1eZjJUAAU1byv99TtUUm4pump,2.414e-06,0.0,0.0,0.0,2684.88,h1
2026-09-19T10:54:00+00:00,GUMBUS/SOL,Gumbus The Cat,solana,pumpswap,AwTZzVcG6YwDJHDDwVqok6RgS6Dj8vZaTnAaPf2MYPLt,692MdH1nbX6gf2xYcULvJUqVDsVgi6cbQatrMqCxpump,2.449e-06,0.0,0.0,0.0,2838.37,h1
2026-09-19T10:54:00+00:00,CASH/SOL,CASH OUT ,solana,pumpswap,HtbA22zHQRLkj7Xp3rJdJ9LByxaW4wEd4sdqRbrpVcaX,CdAjXmV2E4PRtwKaV8aCMmDdJVeY3iGARWvG6Zc8pump,2.242e-06,1.32,0.0,0.73,2329.03,h1
2026-09-19T10:54:00+00:00,GITCAT/SOL,Github Cat,solana,pumpswap,GRsJJtXGuAQetRpjVu1QYnTS6vGUXchQRCKvrgv7DCsS,57eBR7XfEEdWR44gTfL2cA2nhTpGbzXph4BHBzWjcCgi,6.161e-06,-0.53,-0.5,68.63,5549.63,h1
2026-09-19T10:54:00+00:00,PSA10/CARDS,PSA10 Coin,solana,raydium,7Ts6yxxA1YVe6fUeqCgnPD7GfoXZd975wp4DAxw7iEaT,DnJeAP7hWjVNTTk1NUaDJ5Aps9qDroSsEMcKBCpSTNK,0.0008161,97.75,0.1737323358270989,122655.31,84965.02,h1
2026-09-19T10:54:00+00:00,CHARM/SOL,charm.fun,solana,pumpswap,85vU296pMjoMWZb6BERhWXMbKDswbzzBB6rwA9tFv1JK,XhA6oYjFSpe8HxhFJJopxxFAQKcQmEwHZXF6DRJpump,5.171e-06,0.25,-0.75,8.63,5063.75,h1
2026-09-19T10:54:00+00:00,DOUBT/ETH,DOUBT,robinhood,uniswap,0x81b19950804fee687871a00edfb2d75b3d583c21e526691d03b5f6602b33d890,0x9d67011c5aB2Ce3B965A50900A340bB94da32d0C,2.922e-06,-3.54,-1.0,46.93,5143.12,h1
2026-09-19T10:54:00+00:00,LTC/SOL,Long The Cat,solana,pumpswap,4rcZd6LP7kKyUvZHHapxjwkGhqSqRELbGRJ1Pxf13zbu,DeBEtV2ycUcZ7c4h7MnJAyjN2MCR4enmFbfDRZempump,2.361e-06,-0.04,-1.0,0.93,2450.45,h1
2026-09-19T10:56:00+00:00,upcoin/SOL,upcoin,solana,pumpswap,GcEEWQQ91hpjcguppNNdmwVMFzserPXR4LcGRdjbPoy4,CJmk2CGKuzT2sJtnkhs7BVYwTb6dDXveFPSfYriVpump,6.519e-06,-93.48,-0.1350594821553534,56683.4,5320.81,h1
2026-09-19T10:56:00+00:00,Meepcat/SOL,Meepcat,solana,pumpswap,57i44FQtgroKaR1qbtmKW1vnNYhSfkZwVj5PaRWCPr9Q,4ssDxLh4BpzVVC6WsZHfoSYAVDhR8hpWzekyoGzYpump,0.0003441,0.02,0.912087912087912,291.62,252895.84,h1
2026-09-19T10:56:00+00:00,pogg/SOL,pogg,solana,pumpswap,Dp5Z52ArkeTKxzNLmW7Hv3QHBsTNjnA13S6mGb2MS64v,3T1h8HUain7m5TywjQUZapcd4iJBMsEA2Tx2zrNypump,9.769e-05,0.92,0.4623655913978494,10946.99,26443.27,h1
2026-09-19T10:56:00+00:00,WYNN/SOL,Official Wynn,solana,meteora,5GkHNuKQXdchkjQJeYDdP2Ezf4NZVVWVCZ9ToTA3i6YT,27MR5EYbig1ihc4BoYURSRqEbWdfP9oyA3V7F5LmdUwu,2.388e-05,-3.77,0.3404255319148936,4431.94,13638.84,h1
2026-09-19T10:56:00+00:00,DNUT/DNUT,donut fade,solana,pumpswap,FwojvrKLG8MAMaDA3CUANuFSYXyro3iFmxsMPCbisnxn,D8BNpRy9FSNXjXRMxX2qV5KJcdg9rVsirHj2bfUyPGoq,0.000108,-22.53,-0.0329670329670329,6047.94,32273.79,h1
2026-09-19T10:56:00+00:00,BABYCATE/CATE,BabyCate,solana,pumpswap,uPzH2dgR1VSozVVbMNmE24jXitDWNPKm8SgUZcvLU4R,D3Z5RXPGWtvAc7UxFSeN4itLBPHyNVhVLRzXBMmUpump,0.0001812,4.71,0.4117647058823529,819.72,61974.52,h1
2026-09-19T10:56:00+00:00,TIGRINO/SOL,Leopardus Tilcayo,solana,pumpswap,2fwy38cJcChCVySA9cd5SAFaEPtZQWN2ssFip43hnsHU,91ryaCo5yGpYZM3bs6GUPs97VWJQj7RozBmqPULgpump,0.002311,-10.5,0.0827067669172932,147033.3,169006.29,h1
2026-09-19T10:56:00+00:00,CASH/SOL,CASH OUT ,solana,pumpswap,HtbA22zHQRLkj7Xp3rJdJ9LByxaW4wEd4sdqRbrpVcaX,CdAjXmV2E4PRtwKaV8aCMmDdJVeY3iGARWvG6Zc8pump,2.249e-06,1.61,0.3333333333333333,6.21,2335.19,h1
2026-09-19T10:56:00+00:00,DPONS/ETH,Diamond Pons,robinhood,uniswap,0xb6def6d637789005292efddbf739a2c39b522f95b12279bbe68317f140c551e9,0x0E6D1eBb33F3b8f2D09Bacf3b1A1d5C581110C33,0.0001633,0.95,0.0024330900243309,20275.17,30368.14,h1
2026-09-19T10:56:00+00:00,AD/ETH,Artificial Doge,robinhood,uniswap,0x2a4e49b6f4026be2d9c4cc273f389d986256e27b18950a8967d1daa095b27978,0x63FFd4aA844f4BEFCee1B4606E467D1D209A926B,0.0006379,-7.47,-0.0669745958429561,52033.19,63606.49,h1
2026-09-19T10:56:00+00:00,Internet/SOL,Internet Culture,solana,pumpswap,7T5cgVfW4JXsaeVtMgENeSnrcJywSj73asJu21E7WfcS,GyrdGn9yrZDeAwXfaGqe3QRuFAd3duYQ5jAdHrPvpump,0.0002985,-0.01,0.2142857142857142,2967.6,48988.15,h1
2026-09-19T10:56:00+00:00,VLAD/ETH,Vlad,robinhood,uniswap,0x512cb0b3f62a4afdd3cdb912cef927094f2177472aa150a5469768290e1a8b3d,0x0333aa41e5464491D941d84B96c4353C4bb1076c,3.271e-06,-2.74,0.0,61.0,5444.97,h1
2026-09-19T10:56:00+00:00,hoverfly/SOL,hoverfly,solana,pumpswap,G4aZ3dTNY5sFPY9rQbv2p1pY5XXcdmTFYFx4tUR2uCgJ,G2DPFQW1gdjrYGXmr4q1eZjJUAAU1byv99TtUUm4pump,2.414e-06,0.0,0.0,0.0,2684.88,h1
2026-09-19T10:56:00+00:00,GUMBUS/SOL,Gumbus The Cat,solana,pumpswap,AwTZzVcG6YwDJHDDwVqok6RgS6Dj8vZaTnAaPf2MYPLt,692MdH1nbX6gf2xYcULvJUqVDsVgi6cbQatrMqCxpump,2.449e-06,0.0,0.0,0.0,2838.37,h1
2026-09-19T10:56:00+00:00,$牛马/BABAB,牛马,bsc,pancakeswap,0xebD8Dc168B7f401fC9A781683593CC88f9Af340b,0xB077ADa375B5e416F15E8B8f6827DadFa53a7777,0.002257,19.27,0.0198019801980198,216051.0,151248.61,h1
2026-09-19T10:56:00+00:00,GITCAT/SOL,Github Cat,solana,pumpswap,GRsJJtXGuAQetRpjVu1QYnTS6vGUXchQRCKvrgv7DCsS,57eBR7XfEEdWR44gTfL2cA2nhTpGbzXph4BHBzWjcCgi,6.161e-06,-0.65,-0.4,68.51,5549.63,h1
2026-09-19T10:56:00+00:00,PSA10/CARDS,PSA10 Coin,solana,raydium,7Ts6yxxA1YVe6fUeqCgnPD7GfoXZd975wp4DAxw7iEaT,DnJeAP7hWjVNTTk1NUaDJ5Aps9qDroSsEMcKBCpSTNK,0.0007005,92.54,0.1844197138314785,129092.53,78771.44,h1
2026-09-19T10:56:00+00:00,CHARM/SOL,charm.fun,solana,pumpswap,85vU296pMjoMWZb6BERhWXMbKDswbzzBB6rwA9tFv1JK,XhA6oYjFSpe8HxhFJJopxxFAQKcQmEwHZXF6DRJpump,5.17e-06,0.23,-0.7777777777777778,9.38,5063.16,h1
2026-09-19T10:56:00+00:00,DOUBT/ETH,DOUBT,robinhood,uniswap,0x81b19950804fee687871a00edfb2d75b3d583c21e526691d03b5f6602b33d890,0x9d67011c5aB2Ce3B965A50900A340bB94da32d0C,2.922e-06,-3.54,-1.0,46.93,5143.12,h1
2026-09-19T10:56:00+00:00,LTC/SOL,Long The Cat,solana,pumpswap,4rcZd6LP7kKyUvZHHapxjwkGhqSqRELbGRJ1Pxf13zbu,DeBEtV2ycUcZ7c4h7MnJAyjN2MCR4enmFbfDRZempump,2.361e-06,-0.04,-1.0,0.93,2450.45,h1
2026-09-19T17:39:00+00:00,SI/ETH,Superior Inu,robinhood,uniswap,0xe56fbc75e26ac8c0e36218dc96c445cc912fe3377338059f820a2497f14cb826,0xada319ac0e1f755BB1D5d1ffA6797aCa98e6e4fC,0.0001621,-86.62,0.3556454578889297,1276841.33,38351.92,h1
2026-09-19T17:39:00+00:00,Hosico/SOL,Hosico the Cat,solana,pumpswap,DRhz8ozRLLSGKasEkQQVmg86kBSNFexz1oGt1R4aoVoc,EYoepkwPGRRJ7fg3LbL51NZCQXMeyi6pH9Cc5Wtbpump,0.0002766,11.98,0.7461422438798004,245284.59,47419.83,h1
2026-09-19T17:39:00+00:00,DNUT/DNUT,donut fade,solana,pumpswap,FwojvrKLG8MAMaDA3CUANuFSYXyro3iFmxsMPCbisnxn,D8BNpRy9FSNXjXRMxX2qV5KJcdg9rVsirHj2bfUyPGoq,0.0001041,-37.8,0.2512315270935961,23296.71,31762.98,h1
2026-09-19T17:39:00+00:00,PSA10/CARDS,PSA10 Coin,solana,raydium,7Ts6yxxA1YVe6fUeqCgnPD7GfoXZd975wp4DAxw7iEaT,DnJeAP7hWjVNTTk1NUaDJ5Aps9qDroSsEMcKBCpSTNK,0.0003146,-32.6,0.0,40610.34,51845.55,h1
2026-09-19T17:39:00+00:00,Stryker/SOL,Stryker the Cat,solana,pumpswap,EyeeG5fzZEigSQv7jUdxydePnsPL382KyVfXAANXVmeD,G9QZfEPHtZrUF1arcUFvZgYn6zSQLZdvcjCuyhKrpump,0.0008118,43.26,0.2008441141389118,438770.85,83574.14,h1
2026-09-19T17:39:00+00:00,HOODCATS/ETH,Hood Cats,robinhood,uniswap,0xc19d1d77bfdaeb66c285a17286d325062c1cd0c7ce88c1fe60ef70797ee8f215,0xD17C81cB01d44cC6e822936e8F098960001b47D2,0.0002499,-0.16,0.0585533869115958,66372.01,40174.18,h1
2026-09-19T17:39:00+00:00,AD/ETH,Artificial Doge,robinhood,uniswap,0x2a4e49b6f4026be2d9c4cc273f389d986256e27b18950a8967d1daa095b27978,0x63FFd4aA844f4BEFCee1B4606E467D1D209A926B,0.0004375,-20.41,-0.0502599653379549,45207.54,52918.96,h1
2026-09-19T17:39:00+00:00,Internet/SOL,Internet Culture,solana,pumpswap,7T5cgVfW4JXsaeVtMgENeSnrcJywSj73asJu21E7WfcS,GyrdGn9yrZDeAwXfaGqe3QRuFAd3duYQ5jAdHrPvpump,0.000329,-0.32,0.2,4816.07,51498.05,h1
2026-09-19T17:39:00+00:00,SPROUT/ETH,Sprout,robinhood,uniswap,0x159fdcd49eb8cc02caf78b260fbf80c2627e50ecb5d49c468020d4f8fbd1062d,0x5Ec27C931Fb49911128dddf7d914C1754dA9f49F,7.363e-05,-26.17,-0.2048192771084337,6411.76,25846.11,h1
2026-09-19T17:39:00+00:00,DPONS/ETH,Diamond Pons,robinhood,uniswap,0xb6def6d637789005292efddbf739a2c39b522f95b12279bbe68317f140c551e9,0x0E6D1eBb33F3b8f2D09Bacf3b1A1d5C581110C33,0.0002221,9.24,-0.0047846889952153,20746.78,35460.32,h1
2026-09-19T17:39:00+00:00,pogg/SOL,pogg,solana,pumpswap,Dp5Z52ArkeTKxzNLmW7Hv3QHBsTNjnA13S6mGb2MS64v,3T1h8HUain7m5TywjQUZapcd4iJBMsEA2Tx2zrNypump,3.927e-06,26.88,0.3333333333333333,291.67,3735.38,h1
2026-09-19T17:39:00+00:00,$牛马/BABAB,牛马,bsc,pancakeswap,0xebD8Dc168B7f401fC9A781683593CC88f9Af340b,0xB077ADa375B5e416F15E8B8f6827DadFa53a7777,0.003241,-2.33,-0.2528019925280199,197849.59,185995.04,h1
2026-09-19T17:39:00+00:00,RNODE/ETH,Rentnode,robinhood,uniswap,0x775cb537a7c654da2096299b3990a668dbbfe100d0042e940884165643b989ab,0x954F81c9BDce955619E8533BC5fDd9d0503Cf8b4,6.432e-05,115.0,0.1316984559491371,126254.72,24157.45,h1
2026-09-19T17:39:00+00:00,WYNN/SOL,Official Wynn,solana,meteora,5GkHNuKQXdchkjQJeYDdP2Ezf4NZVVWVCZ9ToTA3i6YT,27MR5EYbig1ihc4BoYURSRqEbWdfP9oyA3V7F5LmdUwu,7.667e-06,0.05,-0.3584905660377358,910.88,7597.67,h1
2026-09-19T17:39:00+00:00,CHARM/SOL,charm.fun,solana,pumpswap,85vU296pMjoMWZb6BERhWXMbKDswbzzBB6rwA9tFv1JK,XhA6oYjFSpe8HxhFJJopxxFAQKcQmEwHZXF6DRJpump,4.579e-06,-0.49,-0.3333333333333333,13.51,4644.81,h1
2026-09-19T17:39:00+00:00,upcoin/SOL,upcoin,solana,pumpswap,GcEEWQQ91hpjcguppNNdmwVMFzserPXR4LcGRdjbPoy4,CJmk2CGKuzT2sJtnkhs7BVYwTb6dDXveFPSfYriVpump,3.442e-06,-2.42,-0.4285714285714285,65.65,3327.24,h1
2026-09-19T17:39:00+00:00,CASH/SOL,CASH OUT ,solana,pumpswap,HtbA22zHQRLkj7Xp3rJdJ9LByxaW4wEd4sdqRbrpVcaX,CdAjXmV2E4PRtwKaV8aCMmDdJVeY3iGARWvG6Zc8pump,2.218e-06,-0.83,-0.4285714285714285,17.1,2305.08,h1
2026-09-19T17:39:00+00:00,DOUBT/ETH,DOUBT,robinhood,uniswap,0x81b19950804fee687871a00edfb2d75b3d583c21e526691d03b5f6602b33d890,0x9d67011c5aB2Ce3B965A50900A340bB94da32d0C,2.927e-06,-0.04,-0.5,9.32,5158.16,h1
2026-09-19T17:39:00+00:00,hoverfly/SOL,hoverfly,solana,pumpswap,G4aZ3dTNY5sFPY9rQbv2p1pY5XXcdmTFYFx4tUR2uCgJ,G2DPFQW1gdjrYGXmr4q1eZjJUAAU1byv99TtUUm4pump,2.384e-06,-0.41,-1.0,0.33,2656.47,h1
2026-09-19T17:39:00+00:00,VLAD/ETH,Vlad,robinhood,uniswap,0x512cb0b3f62a4afdd3cdb912cef927094f2177472aa150a5469768290e1a8b3d,0x0333aa41e5464491D941d84B96c4353C4bb1076c,3.451e-06,0.03,-1.0,2.59,5597.51,h1
2026-09-19T17:41:00+00:00,SI/ETH,Superior Inu,robinhood,uniswap,0xe56fbc75e26ac8c0e36218dc96c445cc912fe3377338059f820a2497f14cb826,0xada319ac0e1f755BB1D5d1ffA6797aCa98e6e4fC,0.0001806,-86.03,0.3537080309924978,1253315.03,40458.21,h1
2026-09-19T17:41:00+00:00,DNUT/DNUT,donut fade,solana,pumpswap,FwojvrKLG8MAMaDA3CUANuFSYXyro3iFmxsMPCbisnxn,D8BNpRy9FSNXjXRMxX2qV5KJcdg9rVsirHj2bfUyPGoq,0.000106,-36.86,0.2476190476190476,24258.88,32073.83,h1
2026-09-19T17:41:00+00:00,Hosico/SOL,Hosico the Cat,solana,pumpswap,DRhz8ozRLLSGKasEkQQVmg86kBSNFexz1oGt1R4aoVoc,EYoepkwPGRRJ7fg3LbL51NZCQXMeyi6pH9Cc5Wtbpump,0.0003099,22.63,0.7445620565313481,245989.46,50309.4,h1
2026-09-19T17:41:00+00:00,PSA10/CARDS,PSA10 Coin,solana,raydium,7Ts6yxxA1YVe6fUeqCgnPD7GfoXZd975wp4DAxw7iEaT,DnJeAP7hWjVNTTk1NUaDJ5Aps9qDroSsEMcKBCpSTNK,0.0002911,-36.86,0.0245231607629427,40290.45,49871.16,h1
2026-09-19T17:41:00+00:00,Stryker/SOL,Stryker the Cat,solana,pumpswap,EyeeG5fzZEigSQv7jUdxydePnsPL382KyVfXAANXVmeD,G9QZfEPHtZrUF1arcUFvZgYn6zSQLZdvcjCuyhKrpump,0.0008785,37.53,0.2063784680615725,429440.46,86999.53,h1
2026-09-19T17:41:00+00:00,AD/ETH,Artificial Doge,robinhood,uniswap,0x2a4e49b6f4026be2d9c4cc273f389d986256e27b18950a8967d1daa095b27978,0x63FFd4aA844f4BEFCee1B4606E467D1D209A926B,0.0004758,-14.07,-0.0485762144053601,46980.18,55175.37,h1
2026-09-19T17:41:00+00:00,HOODCATS/ETH,Hood Cats,robinhood,uniswap,0xc19d1d77bfdaeb66c285a17286d325062c1cd0c7ce88c1fe60ef70797ee8f215,0xD17C81cB01d44cC6e822936e8F098960001b47D2,0.0002778,12.47,0.064994298745724,67997.23,42354.51,h1
2026-09-19T17:41:00+00:00,Internet/SOL,Internet Culture,solana,pumpswap,7T5cgVfW4JXsaeVtMgENeSnrcJywSj73asJu21E7WfcS,GyrdGn9yrZDeAwXfaGqe3QRuFAd3duYQ5jAdHrPvpump,0.0003184,-3.54,0.1794871794871795,5484.94,50614.49,h1
2026-09-19T17:41:00+00:00,SPROUT/ETH,Sprout,robinhood,uniswap,0x159fdcd49eb8cc02caf78b260fbf80c2627e50ecb5d49c468020d4f8fbd1062d,0x5Ec27C931Fb49911128dddf7d914C1754dA9f49F,7.356e-05,-26.2,-0.180722891566265,6408.29,25820.87,h1
2026-09-19T17:41:00+00:00,DPONS/ETH,Diamond Pons,robinhood,uniswap,0xb6def6d637789005292efddbf739a2c39b522f95b12279bbe68317f140c551e9,0x0E6D1eBb33F3b8f2D09Bacf3b1A1d5C581110C33,0.000222,11.39,0.0247524752475247,20583.18,35438.77,h1
2026-09-19T17:41:00+00:00,RNODE/ETH,Rentnode,robinhood,uniswap,0x775cb537a7c654da2096299b3990a668dbbfe100d0042e940884165643b989ab,0x954F81c9BDce955619E8533BC5fDd9d0503Cf8b4,5.863e-05,96.42,0.1266846361185983,127197.9,23052.91,h1
2026-09-19T17:41:00+00:00,$牛马/BABAB,牛马,bsc,pancakeswap,0xebD8Dc168B7f401fC9A781683593CC88f9Af340b,0xB077ADa375B5e416F15E8B8f6827DadFa53a7777,0.003294,-0.65,-0.268041237113402,195609.35,187507.68,h1
2026-09-19T17:41:00+00:00,pogg/SOL,pogg,solana,pumpswap,Dp5Z52ArkeTKxzNLmW7Hv3QHBsTNjnA13S6mGb2MS64v,3T1h8HUain7m5TywjQUZapcd4iJBMsEA2Tx2zrNypump,3.877e-06,25.26,0.28,292.05,3699.07,h1
2026-09-19T17:41:00+00:00,WYNN/SOL,Official Wynn,solana,meteora,5GkHNuKQXdchkjQJeYDdP2Ezf4NZVVWVCZ9ToTA3i6YT,27MR5EYbig1ihc4BoYURSRqEbWdfP9oyA3V7F5LmdUwu,7.667e-06,0.29,-0.3333333333333333,796.19,7597.67,h1
2026-09-19T17:41:00+00:00,CHARM/SOL,charm.fun,solana,pumpswap,85vU296pMjoMWZb6BERhWXMbKDswbzzBB6rwA9tFv1JK,XhA6oYjFSpe8HxhFJJopxxFAQKcQmEwHZXF6DRJpump,4.571e-06,-0.24,-0.3333333333333333,11.79,4639.36,h1
2026-09-19T17:41:00+00:00,CASH/SOL,CASH OUT ,solana,pumpswap,HtbA22zHQRLkj7Xp3rJdJ9LByxaW4wEd4sdqRbrpVcaX,CdAjXmV2E4PRtwKaV8aCMmDdJVeY3iGARWvG6Zc8pump,2.218e-06,-0.83,-0.4285714285714285,17.1,2305.08,h1
2026-09-19T17:41:00+00:00,upcoin/SOL,upcoin,solana,pumpswap,GcEEWQQ91hpjcguppNNdmwVMFzserPXR4LcGRdjbPoy4,CJmk2CGKuzT2sJtnkhs7BVYwTb6dDXveFPSfYriVpump,3.442e-06,-2.56,-0.5,60.53,3327.24,h1
2026-09-19T17:41:00+00:00,DOUBT/ETH,DOUBT,robinhood,uniswap,0x81b19950804fee687871a00edfb2d75b3d583c21e526691d03b5f6602b33d890,0x9d67011c5aB2Ce3B965A50900A340bB94da32d0C,2.927e-06,-0.04,-0.5,9.32,5158.16,h1
2026-09-19T17:41:00+00:00,hoverfly/SOL,hoverfly,solana,pumpswap,G4aZ3dTNY5sFPY9rQbv2p1pY5XXcdmTFYFx4tUR2uCgJ,G2DPFQW1gdjrYGXmr4q1eZjJUAAU1byv99TtUUm4pump,2.384e-06,-0.41,-1.0,0.33,2656.47,h1
2026-09-19T17:41:00+00:00,VLAD/ETH,Vlad,robinhood,uniswap,0x512cb0b3f62a4afdd3cdb912cef927094f2177472aa150a5469768290e1a8b3d,0x0333aa41e5464491D941d84B96c4353C4bb1076c,3.451e-06,0.03,-1.0,2.59,5597.51,h1
2026-09-19T17:44:00+00:00,SI/ETH,Superior Inu,robinhood,uniswap,0xe56fbc75e26ac8c0e36218dc96c445cc912fe3377338059f820a2497f14cb826,0xada319ac0e1f755BB1D5d1ffA6797aCa98e6e4fC,0.0001195,-91.47,0.3532772283309786,1220296.49,32921.31,h1
2026-09-19T17:44:00+00:00,DNUT/DNUT,donut fade,solana,pumpswap,FwojvrKLG8MAMaDA3CUANuFSYXyro3iFmxsMPCbisnxn,D8BNpRy9FSNXjXRMxX2qV5KJcdg9rVsirHj2bfUyPGoq,9.499e-05,-45.43,0.2344497607655502,24061.7,30234.19,h1
2026-09-19T17:44:00+00:00,Hosico/SOL,Hosico the Cat,solana,pumpswap,DRhz8ozRLLSGKasEkQQVmg86kBSNFexz1oGt1R4aoVoc,EYoepkwPGRRJ7fg3LbL51NZCQXMeyi6pH9Cc5Wtbpump,0.0002914,23.11,0.7455341707963582,251542.09,48757.05,h1
2026-09-19T17:44:00+00:00,Stryker/SOL,Stryker the Cat,solana,pumpswap,EyeeG5fzZEigSQv7jUdxydePnsPL382KyVfXAANXVmeD,G9QZfEPHtZrUF1arcUFvZgYn6zSQLZdvcjCuyhKrpump,0.0008434,-12.06,0.2166523441229829,365863.36,85217.43,h1
2026-09-19T17:44:00+00:00,PSA10/CARDS,PSA10 Coin,solana,raydium,7Ts6yxxA1YVe6fUeqCgnPD7GfoXZd975wp4DAxw7iEaT,DnJeAP7hWjVNTTk1NUaDJ5Aps9qDroSsEMcKBCpSTNK,0.0003281,-21.53,0.0185676392572944,41670.46,52860.03,h1
2026-09-19T17:44:00+00:00,HOODCATS/ETH,Hood Cats,robinhood,uniswap,0xc19d1d77bfdaeb66c285a17286d325062c1cd0c7ce88c1fe60ef70797ee8f215,0xD17C81cB01d44cC6e822936e8F098960001b47D2,0.0002812,4.01,0.0663667041619797,69806.43,42613.93,h1
2026-09-19T17:44:00+00:00,AD/ETH,Artificial Doge,robinhood,uniswap,0x2a4e49b6f4026be2d9c4cc273f389d986256e27b18950a8967d1daa095b27978,0x63FFd4aA844f4BEFCee1B4606E467D1D209A926B,0.0004559,-13.56,-0.0526315789473684,46964.46,54003.11,h1
2026-09-19T17:44:00+00:00,Internet/SOL,Internet Culture,solana,pumpswap,7T5cgVfW4JXsaeVtMgENeSnrcJywSj73asJu21E7WfcS,GyrdGn9yrZDeAwXfaGqe3QRuFAd3duYQ5jAdHrPvpump,0.0003174,-2.64,0.1555555555555555,6382.05,50537.12,h1
2026-09-19T17:44:00+00:00,DPONS/ETH,Diamond Pons,robinhood,uniswap,0xb6def6d637789005292efddbf739a2c39b522f95b12279bbe68317f140c551e9,0x0E6D1eBb33F3b8f2D09Bacf3b1A1d5C581110C33,0.0002186,3.55,0.0203045685279187,19994.54,35179.52,h1
2026-09-19T17:44:00+00:00,SPROUT/ETH,Sprout,robinhood,uniswap,0x159fdcd49eb8cc02caf78b260fbf80c2627e50ecb5d49c468020d4f8fbd1062d,0x5Ec27C931Fb49911128dddf7d914C1754dA9f49F,7.627e-05,-22.31,-0.1358024691358024,6507.32,26293.18,h1
2026-09-19T17:44:00+00:00,pogg/SOL,pogg,solana,pumpswap,Dp5Z52ArkeTKxzNLmW7Hv3QHBsTNjnA13S6mGb2MS64v,3T1h8HUain7m5TywjQUZapcd4iJBMsEA2Tx2zrNypump,3.929e-06,22.6,0.4545454545454545,293.49,3735.79,h1
2026-09-19T17:44:00+00:00,hoverfly/SOL,hoverfly,solana,pumpswap,G4aZ3dTNY5sFPY9rQbv2p1pY5XXcdmTFYFx4tUR2uCgJ,G2DPFQW1gdjrYGXmr4q1eZjJUAAU1byv99TtUUm4pump,2.384e-06,0.0,0.0,0.0,2656.47,h1
2026-09-19T17:44:00+00:00,RNODE/ETH,Rentnode,robinhood,uniswap,0x775cb537a7c654da2096299b3990a668dbbfe100d0042e940884165643b989ab,0x954F81c9BDce955619E8533BC5fDd9d0503Cf8b4,6.226e-05,103.0,0.1347011596788581,127174.89,23755.68,h1
2026-09-19T17:44:00+00:00,$牛马/BABAB,牛马,bsc,pancakeswap,0xebD8Dc168B7f401fC9A781683593CC88f9Af340b,0xB077ADa375B5e416F15E8B8f6827DadFa53a7777,0.003423,3.31,-0.2746386333771353,192426.52,191309.28,h1
2026-09-19T17:44:00+00:00,WYNN/SOL,Official Wynn,solana,meteora,5GkHNuKQXdchkjQJeYDdP2Ezf4NZVVWVCZ9ToTA3i6YT,27MR5EYbig1ihc4BoYURSRqEbWdfP9oyA3V7F5LmdUwu,7.667e-06,3.15,-0.3488372093023256,734.03,7597.67,h1
2026-09-19T17:44:00+00:00,CHARM/SOL,charm.fun,solana,pumpswap,85vU296pMjoMWZb6BERhWXMbKDswbzzBB6rwA9tFv1JK,XhA6oYjFSpe8HxhFJJopxxFAQKcQmEwHZXF6DRJpump,4.557e-06,-0.54,-0.3846153846153846,17.97,4628.47,h1
2026-09-19T17:44:00+00:00,CASH/SOL,CASH OUT ,solana,pumpswap,HtbA22zHQRLkj7Xp3rJdJ9LByxaW4wEd4sdqRbrpVcaX,CdAjXmV2E4PRtwKaV8aCMmDdJVeY3iGARWvG6Zc8pump,2.218e-06,-0.83,-0.4285714285714285,17.1,2305.08,h1
2026-09-19T17:44:00+00:00,upcoin/SOL,upcoin,solana,pumpswap,GcEEWQQ91hpjcguppNNdmwVMFzserPXR4LcGRdjbPoy4,CJmk2CGKuzT2sJtnkhs7BVYwTb6dDXveFPSfYriVpump,3.442e-06,-2.36,-0.4545454545454545,57.03,3327.24,h1
2026-09-19T17:44:00+00:00,DOUBT/ETH,DOUBT,robinhood,uniswap,0x81b19950804fee687871a00edfb2d75b3d583c21e526691d03b5f6602b33d890,0x9d67011c5aB2Ce3B965A50900A340bB94da32d0C,2.927e-06,-0.04,-0.5,9.32,5158.16,h1
2026-09-19T17:44:00+00:00,VLAD/ETH,Vlad,robinhood,uniswap,0x512cb0b3f62a4afdd3cdb912cef927094f2177472aa150a5469768290e1a8b3d,0x0333aa41e5464491D941d84B96c4353C4bb1076c,3.451e-06,0.03,-1.0,2.59,5597.51,h1
2026-09-19T18:08:00+00:00,SI/ETH,Superior Inu,robinhood,uniswap,0xe56fbc75e26ac8c0e36218dc96c445cc912fe3377338059f820a2497f14cb826,0xada319ac0e1f755BB1D5d1ffA6797aCa98e6e4fC,3.9e-05,-95.33,0.3032971832011063,871997.82,18807.23,h1
2026-09-19T18:08:00+00:00,RNODE/ETH,Rentnode,robinhood,uniswap,0x775cb537a7c654da2096299b3990a668dbbfe100d0042e940884165643b989ab,0x954F81c9BDce955619E8533BC5fDd9d0503Cf8b4,3.291e-05,-2.27,0.1131928181108509,139028.67,17278.05,h1
2026-09-19T18:08:00+00:00,Stryker/SOL,Stryker the Cat,solana,pumpswap,EyeeG5fzZEigSQv7jUdxydePnsPL382KyVfXAANXVmeD,G9QZfEPHtZrUF1arcUFvZgYn6zSQLZdvcjCuyhKrpump,0.0008052,-5.33,0.20612510860121633,208323.63,83442.24,h1
2026-09-19T18:08:00+00:00,PSA10/CARDS,PSA10 Coin,solana,raydium,7Ts6yxxA1YVe6fUeqCgnPD7GfoXZd975wp4DAxw7iEaT,DnJeAP7hWjVNTTk1NUaDJ5Aps9qDroSsEMcKBCpSTNK,0.0002568,-37.0,0.13972602739726028,34219.11,46801.07,h1
2026-09-19T18:08:00+00:00,CASH/SOL,CASH OUT ,solana,pumpswap,HtbA22zHQRLkj7Xp3rJdJ9LByxaW4wEd4sdqRbrpVcaX,CdAjXmV2E4PRtwKaV8aCMmDdJVeY3iGARWvG6Zc8pump,2.228e-06,1.65,0.6666666666666666,8.37,2314.48,h1
2026-09-19T18:08:00+00:00,Internet/SOL,Internet Culture,solana,pumpswap,7T5cgVfW4JXsaeVtMgENeSnrcJywSj73asJu21E7WfcS,GyrdGn9yrZDeAwXfaGqe3QRuFAd3duYQ5jAdHrPvpump,0.0003333,-4.07,0.3291139240506329,7817.26,51869.64,h1
2026-09-19T18:08:00+00:00,HOODCATS/ETH,Hood Cats,robinhood,uniswap,0xc19d1d77bfdaeb66c285a17286d325062c1cd0c7ce88c1fe60ef70797ee8f215,0xD17C81cB01d44cC6e822936e8F098960001b47D2,0.0002638,5.16,0.1080773606370876,65787.02,41323.21,h1
2026-09-19T18:08:00+00:00,DNUT/DNUT,donut fade,solana,pumpswap,FwojvrKLG8MAMaDA3CUANuFSYXyro3iFmxsMPCbisnxn,D8BNpRy9FSNXjXRMxX2qV5KJcdg9rVsirHj2bfUyPGoq,0.0001249,23.18,0.2398190045248869,21156.25,35087.54,h1
2026-09-19T18:08:00+00:00,Hosico/SOL,Hosico the Cat,solana,pumpswap,DRhz8ozRLLSGKasEkQQVmg86kBSNFexz1oGt1R4aoVoc,EYoepkwPGRRJ7fg3LbL51NZCQXMeyi6pH9Cc5Wtbpump,0.0005972,87.85,0.7292542273482553,327333.23,71075.65,h1
2026-09-19T18:08:00+00:00,pogg/SOL,pogg,solana,pumpswap,Dp5Z52ArkeTKxzNLmW7Hv3QHBsTNjnA13S6mGb2MS64v,3T1h8HUain7m5TywjQUZapcd4iJBMsEA2Tx2zrNypump,3.936e-06,5.68,0.375,87.39,3741.93,h1
2026-09-19T18:08:00+00:00,VLAD/USDG,VLAD,robinhood,uniswap,0x91f378eebf09f8990938a5b6b85ce43d8ecb3f26abf30cc21e594930e125c213,0x25fc5d4618078455a292690b4Ad06e227453cb06,0.0001028,52.75,0.08641975308641975,14887.12,26058.29,h1
2026-09-19T18:08:00+00:00,DPONS/ETH,Diamond Pons,robinhood,uniswap,0xb6def6d637789005292efddbf739a2c39b522f95b12279bbe68317f140c551e9,0x0E6D1eBb33F3b8f2D09Bacf3b1A1d5C581110C33,0.0002386,14.46,0.047619047619047616,21147.06,36751.2,h1
2026-09-19T18:08:00+00:00,AD/ETH,Artificial Doge,robinhood,uniswap,0x2a4e49b6f4026be2d9c4cc273f389d986256e27b18950a8967d1daa095b27978,0x63FFd4aA844f4BEFCee1B4606E467D1D209A926B,0.0004827,2.21,-0.0636042402826855,45174.5,55594.46,h1
2026-09-19T18:08:00+00:00,hoverfly/SOL,hoverfly,solana,pumpswap,G4aZ3dTNY5sFPY9rQbv2p1pY5XXcdmTFYFx4tUR2uCgJ,G2DPFQW1gdjrYGXmr4q1eZjJUAAU1byv99TtUUm4pump,2.384e-06,0.0,0.0,0.0,2656.47,h1
2026-09-19T18:08:00+00:00,$牛马/BABAB,牛马,bsc,pancakeswap,0xebD8Dc168B7f401fC9A781683593CC88f9Af340b,0xB077ADa375B5e416F15E8B8f6827DadFa53a7777,0.003276,0.82,-0.3561811505507956,182429.3,187351.2,h1
2026-09-19T18:08:00+00:00,CHARM/SOL,charm.fun,solana,pumpswap,85vU296pMjoMWZb6BERhWXMbKDswbzzBB6rwA9tFv1JK,XhA6oYjFSpe8HxhFJJopxxFAQKcQmEwHZXF6DRJpump,4.593e-06,0.0,-0.16666666666666666,29.72,4656.21,h1
2026-09-19T18:08:00+00:00,WYNN/SOL,Official Wynn,solana,meteora,5GkHNuKQXdchkjQJeYDdP2Ezf4NZVVWVCZ9ToTA3i6YT,27MR5EYbig1ihc4BoYURSRqEbWdfP9oyA3V7F5LmdUwu,7.182e-06,4.34,-0.5294117647058824,651.86,7352.77,h1
2026-09-19T18:08:00+00:00,upcoin/SOL,upcoin,solana,pumpswap,GcEEWQQ91hpjcguppNNdmwVMFzserPXR4LcGRdjbPoy4,CJmk2CGKuzT2sJtnkhs7BVYwTb6dDXveFPSfYriVpump,3.421e-06,-3.39,-0.7777777777777778,48.8,3311.24,h1
2026-09-19T18:08:00+00:00,VLAD/ETH,Vlad,robinhood,uniswap,0x512cb0b3f62a4afdd3cdb912cef927094f2177472aa150a5469768290e1a8b3d,0x0333aa41e5464491D941d84B96c4353C4bb1076c,3.206e-06,-7.1,-1.0,100.96,5394.87,h1
2026-09-19T18:08:00+00:00,DOUBT/ETH,DOUBT,robinhood,uniswap,0x81b19950804fee687871a00edfb2d75b3d583c21e526691d03b5f6602b33d890,0x9d67011c5aB2Ce3B965A50900A340bB94da32d0C,2.927e-06,-0.28,-1.0,3.9,5158.16,h1
